narration_id,source_type,source,country_family,event_id,match,date,seq,minute_raw,minute_num,text,flag_foul,flag_card,flag_goal,flag_var,flag_penalty,flag_sub,flag_severity
opta_760433_0,opta,espn_opta,OFFICIAL,760433,ARG-ALG GS,2026-06-17,0,,,| Lineups are announced and players are warming up.,0,0,0,0,0,0,0
opta_760433_1,opta,espn_opta,OFFICIAL,760433,ARG-ALG GS,2026-06-17,1,,,| First Half begins.,0,0,0,0,0,0,0
opta_760433_2,opta,espn_opta,OFFICIAL,760433,ARG-ALG GS,2026-06-17,2,1',1.0,Foul by Enzo Fernández (Argentina).,1,0,0,0,0,0,0
opta_760433_3,opta,espn_opta,OFFICIAL,760433,ARG-ALG GS,2026-06-17,3,1',1.0,Anis Hadj Moussa (Algeria) wins a free kick in the defensive half.,1,0,0,0,0,0,0
opta_760433_4,opta,espn_opta,OFFICIAL,760433,ARG-ALG GS,2026-06-17,4,4',4.0,"Offside, Argentina. Lautaro Martínez is caught offside.",0,0,0,0,0,0,0
opta_760433_5,opta,espn_opta,OFFICIAL,760433,ARG-ALG GS,2026-06-17,5,5',5.0,"Offside, Argentina. Lionel Messi is caught offside.",0,0,0,0,0,0,0
opta_760433_6,opta,espn_opta,OFFICIAL,760433,ARG-ALG GS,2026-06-17,6,8',8.0,"Offside, Algeria. Farès Chaïbi is caught offside.",0,0,0,0,0,0,0
opta_760433_7,opta,espn_opta,OFFICIAL,760433,ARG-ALG GS,2026-06-17,7,8',8.0,GOAL OVERTURNED BY VAR: Farès Chaïbi (Algeria) scores but the goal is ruled out after a VAR review.,0,0,1,1,0,0,0
opta_760433_8,opta,espn_opta,OFFICIAL,760433,ARG-ALG GS,2026-06-17,8,9',9.0,VAR Decision: No Goal Argentina 0-0 Algeria.,0,0,1,1,0,0,0
opta_760433_9,opta,espn_opta,OFFICIAL,760433,ARG-ALG GS,2026-06-17,9,10',10.0,Aïssa Mandi (Algeria) wins a free kick in the defensive half.,1,0,0,0,0,0,0
opta_760433_10,opta,espn_opta,OFFICIAL,760433,ARG-ALG GS,2026-06-17,10,10',10.0,Foul by Lautaro Martínez (Argentina).,1,0,0,0,0,0,0
opta_760433_11,opta,espn_opta,OFFICIAL,760433,ARG-ALG GS,2026-06-17,11,11',11.0,Rayan Aït-Nouri (Algeria) wins a free kick on the left wing.,1,0,0,0,0,0,0
opta_760433_12,opta,espn_opta,OFFICIAL,760433,ARG-ALG GS,2026-06-17,12,11',11.0,Foul by Gonzalo Montiel (Argentina).,1,0,0,0,0,0,0
opta_760433_13,opta,espn_opta,OFFICIAL,760433,ARG-ALG GS,2026-06-17,13,17',17.0,"Goal! Argentina 1, Algeria 0. Lionel Messi (Argentina) left footed shot from outside the box to the top right corner. Assisted by Rodrigo De Paul.",0,0,1,0,0,0,0
opta_760433_14,opta,espn_opta,OFFICIAL,760433,ARG-ALG GS,2026-06-17,14,25',25.0,Delay in match for a drinks break.,0,0,0,0,0,0,0
opta_760433_15,opta,espn_opta,OFFICIAL,760433,ARG-ALG GS,2026-06-17,15,28',28.0,Delay over. They are ready to continue.,0,0,0,0,0,0,0
opta_760433_16,opta,espn_opta,OFFICIAL,760433,ARG-ALG GS,2026-06-17,16,31',31.0,Foul by Lionel Messi (Argentina).,1,0,0,0,0,0,0
opta_760433_17,opta,espn_opta,OFFICIAL,760433,ARG-ALG GS,2026-06-17,17,31',31.0,Aïssa Mandi (Algeria) wins a free kick in the defensive half.,1,0,0,0,0,0,0
opta_760433_18,opta,espn_opta,OFFICIAL,760433,ARG-ALG GS,2026-06-17,18,34',34.0,Alexis Mac Allister (Argentina) wins a free kick in the defensive half.,1,0,0,0,0,0,0
opta_760433_19,opta,espn_opta,OFFICIAL,760433,ARG-ALG GS,2026-06-17,19,34',34.0,Foul by Amine Gouiri (Algeria).,1,0,0,0,0,0,0
opta_760433_20,opta,espn_opta,OFFICIAL,760433,ARG-ALG GS,2026-06-17,20,36',36.0,Foul by Rafik Belghali (Algeria).,1,0,0,0,0,0,0
opta_760433_21,opta,espn_opta,OFFICIAL,760433,ARG-ALG GS,2026-06-17,21,36',36.0,Thiago Almada (Argentina) wins a free kick in the attacking half.,1,0,0,0,0,0,0
opta_760433_22,opta,espn_opta,OFFICIAL,760433,ARG-ALG GS,2026-06-17,22,37',37.0,Attempt missed. Lionel Messi (Argentina) left footed shot from more than 35 yards misses to the left from a direct free kick.,1,0,0,0,0,0,0
opta_760433_23,opta,espn_opta,OFFICIAL,760433,ARG-ALG GS,2026-06-17,23,37',37.0,Aïssa Mandi (Algeria) wins a free kick in the defensive half.,1,0,0,0,0,0,0
opta_760433_24,opta,espn_opta,OFFICIAL,760433,ARG-ALG GS,2026-06-17,24,37',37.0,Foul by Facundo Medina (Argentina).,1,0,0,0,0,0,0
opta_760433_25,opta,espn_opta,OFFICIAL,760433,ARG-ALG GS,2026-06-17,25,39',39.0,"Offside, Argentina. Thiago Almada is caught offside.",0,0,0,0,0,0,0
opta_760433_26,opta,espn_opta,OFFICIAL,760433,ARG-ALG GS,2026-06-17,26,40',40.0,"Corner, Algeria. Conceded by Emiliano Martínez.",0,0,0,0,0,0,0
opta_760433_27,opta,espn_opta,OFFICIAL,760433,ARG-ALG GS,2026-06-17,27,41',41.0,Attempt missed. Farès Chaïbi (Algeria) header from the centre of the box misses to the left. Assisted by Hicham Boudaoui with a cross following a corner.,0,0,0,0,0,0,0
opta_760433_28,opta,espn_opta,OFFICIAL,760433,ARG-ALG GS,2026-06-17,28,42',42.0,Attempt missed. Thiago Almada (Argentina) right footed shot from outside the box is high and wide to the right. Assisted by Enzo Fernández.,0,0,0,0,0,0,0
opta_760433_29,opta,espn_opta,OFFICIAL,760433,ARG-ALG GS,2026-06-17,29,43',43.0,Foul by Alexis Mac Allister (Argentina).,1,0,0,0,0,0,0
opta_760433_30,opta,espn_opta,OFFICIAL,760433,ARG-ALG GS,2026-06-17,30,43',43.0,Ibrahim Maza (Algeria) wins a free kick on the left wing.,1,0,0,0,0,0,0
opta_760433_31,opta,espn_opta,OFFICIAL,760433,ARG-ALG GS,2026-06-17,31,44',44.0,Attempt missed. Farès Chaïbi (Algeria) right footed shot from outside the box is too high. Assisted by Aïssa Mandi.,0,0,0,0,0,0,0
opta_760433_32,opta,espn_opta,OFFICIAL,760433,ARG-ALG GS,2026-06-17,32,45',45.0,"Attempt missed. Farès Chaïbi (Algeria) right footed shot from a difficult angle on the right is close, but misses to the right. Assisted by Anis Hadj Moussa.",0,0,0,0,0,0,0
opta_760433_33,opta,espn_opta,OFFICIAL,760433,ARG-ALG GS,2026-06-17,33,45',45.0,Foul by Lautaro Martínez (Argentina).,1,0,0,0,0,0,0
opta_760433_34,opta,espn_opta,OFFICIAL,760433,ARG-ALG GS,2026-06-17,34,45',45.0,Ramy Bensebaini (Algeria) wins a free kick in the defensive half.,1,0,0,0,0,0,0
opta_760433_35,opta,espn_opta,OFFICIAL,760433,ARG-ALG GS,2026-06-17,35,45'+1',45.01,Fourth official has announced 4 minutes of added time.,0,0,0,0,0,0,0
opta_760433_36,opta,espn_opta,OFFICIAL,760433,ARG-ALG GS,2026-06-17,36,45'+1',45.01,"Corner, Algeria. Conceded by Lisandro Martínez.",0,0,0,0,0,0,0
opta_760433_37,opta,espn_opta,OFFICIAL,760433,ARG-ALG GS,2026-06-17,37,45'+4',45.04,Attempt blocked. Anis Hadj Moussa (Algeria) left footed shot from the right side of the box is blocked. Assisted by Rafik Belghali.,0,0,0,0,0,0,0
opta_760433_38,opta,espn_opta,OFFICIAL,760433,ARG-ALG GS,2026-06-17,38,45'+4',45.04,Foul by Rafik Belghali (Algeria).,1,0,0,0,0,0,0
opta_760433_39,opta,espn_opta,OFFICIAL,760433,ARG-ALG GS,2026-06-17,39,45'+4',45.04,Facundo Medina (Argentina) wins a free kick on the left wing.,1,0,0,0,0,0,0
opta_760433_40,opta,espn_opta,OFFICIAL,760433,ARG-ALG GS,2026-06-17,40,45'+5',45.05,Attempt missed. Alexis Mac Allister (Argentina) header from the centre of the box is too high. Assisted by Lionel Messi with a cross following a set piece situation.,0,0,0,0,0,0,0
opta_760433_41,opta,espn_opta,OFFICIAL,760433,ARG-ALG GS,2026-06-17,41,45'+5',45.05,"First Half ends, Argentina 1, Algeria 0.",0,0,0,0,0,0,0
opta_760433_42,opta,espn_opta,OFFICIAL,760433,ARG-ALG GS,2026-06-17,42,45',45.0,"Substitution, Argentina. Nahuel Molina replaces Gonzalo Montiel.",0,0,0,0,0,1,0
opta_760433_43,opta,espn_opta,OFFICIAL,760433,ARG-ALG GS,2026-06-17,43,45',45.0,"Second Half begins Argentina 1, Algeria 0.",0,0,0,0,0,0,0
opta_760433_44,opta,espn_opta,OFFICIAL,760433,ARG-ALG GS,2026-06-17,44,48',48.0,Lionel Messi (Argentina) wins a free kick in the defensive half.,1,0,0,0,0,0,0
opta_760433_45,opta,espn_opta,OFFICIAL,760433,ARG-ALG GS,2026-06-17,45,48',48.0,Foul by Hicham Boudaoui (Algeria).,1,0,0,0,0,0,0
opta_760433_46,opta,espn_opta,OFFICIAL,760433,ARG-ALG GS,2026-06-17,46,51',51.0,Attempt missed. Lionel Messi (Argentina) left footed shot from outside the box is high and wide to the left. Assisted by Nahuel Molina.,0,0,0,0,0,0,0
opta_760433_47,opta,espn_opta,OFFICIAL,760433,ARG-ALG GS,2026-06-17,47,51',51.0,Foul by Cristian Romero (Argentina).,1,0,0,0,0,0,0
opta_760433_48,opta,espn_opta,OFFICIAL,760433,ARG-ALG GS,2026-06-17,48,51',51.0,Ibrahim Maza (Algeria) wins a free kick in the defensive half.,1,0,0,0,0,0,0
opta_760433_49,opta,espn_opta,OFFICIAL,760433,ARG-ALG GS,2026-06-17,49,54',54.0,Attempt saved. Lautaro Martínez (Argentina) right footed shot from the right side of the box is saved in the bottom left corner by Luca Zidane (Algeria). Assisted by Lionel Messi with a through ball.,0,0,0,0,0,0,0
opta_760433_50,opta,espn_opta,OFFICIAL,760433,ARG-ALG GS,2026-06-17,50,55',55.0,Amine Gouiri (Algeria) wins a free kick on the left wing.,1,0,0,0,0,0,0
opta_760433_51,opta,espn_opta,OFFICIAL,760433,ARG-ALG GS,2026-06-17,51,55',55.0,Foul by Cristian Romero (Argentina).,1,0,0,0,0,0,0
opta_760433_52,opta,espn_opta,OFFICIAL,760433,ARG-ALG GS,2026-06-17,52,55',55.0,"Substitution, Argentina. Nico González replaces Thiago Almada.",0,0,0,0,0,1,0
opta_760433_53,opta,espn_opta,OFFICIAL,760433,ARG-ALG GS,2026-06-17,53,55',55.0,"Substitution, Argentina. Julián Alvarez replaces Lautaro Martínez.",0,0,0,0,0,1,0
opta_760433_54,opta,espn_opta,OFFICIAL,760433,ARG-ALG GS,2026-06-17,54,57',57.0,Attempt blocked. Ibrahim Maza (Algeria) right footed shot from outside the box is blocked. Assisted by Farès Chaïbi.,0,0,0,0,0,0,0
opta_760433_55,opta,espn_opta,OFFICIAL,760433,ARG-ALG GS,2026-06-17,55,59',59.0,"Corner, Argentina. Conceded by Aïssa Mandi.",0,0,0,0,0,0,0
opta_760433_56,opta,espn_opta,OFFICIAL,760433,ARG-ALG GS,2026-06-17,56,60',60.0,Attempt saved. Alexis Mac Allister (Argentina) right footed shot from outside the box is saved in the centre of the goal by Luca Zidane (Algeria).,0,0,1,0,0,0,0
opta_760433_57,opta,espn_opta,OFFICIAL,760433,ARG-ALG GS,2026-06-17,57,60',60.0,"Goal! Argentina 2, Algeria 0. Lionel Messi (Argentina) right footed shot from the centre of the box to the bottom right corner.",0,0,1,0,0,0,0
opta_760433_58,opta,espn_opta,OFFICIAL,760433,ARG-ALG GS,2026-06-17,58,63',63.0,Foul by Hicham Boudaoui (Algeria).,1,0,0,0,0,0,0
opta_760433_59,opta,espn_opta,OFFICIAL,760433,ARG-ALG GS,2026-06-17,59,63',63.0,Enzo Fernández (Argentina) wins a free kick in the attacking half.,1,0,0,0,0,0,0
opta_760433_60,opta,espn_opta,OFFICIAL,760433,ARG-ALG GS,2026-06-17,60,64',64.0,"Substitution, Algeria. Houssem Aouar replaces Hicham Boudaoui.",0,0,0,0,0,1,0
opta_760433_61,opta,espn_opta,OFFICIAL,760433,ARG-ALG GS,2026-06-17,61,64',64.0,"Substitution, Algeria. Mohammed Amoura replaces Amine Gouiri.",0,0,0,0,0,1,0
opta_760433_62,opta,espn_opta,OFFICIAL,760433,ARG-ALG GS,2026-06-17,62,64',64.0,"Substitution, Algeria. Riyad Mahrez replaces Anis Hadj Moussa.",0,0,0,0,0,1,0
opta_760433_63,opta,espn_opta,OFFICIAL,760433,ARG-ALG GS,2026-06-17,63,64',64.0,Cristian Romero (Argentina) wins a free kick in the attacking half.,1,0,0,0,0,0,0
opta_760433_64,opta,espn_opta,OFFICIAL,760433,ARG-ALG GS,2026-06-17,64,64',64.0,Foul by Mohammed Amoura (Algeria).,1,0,0,0,0,0,0
opta_760433_65,opta,espn_opta,OFFICIAL,760433,ARG-ALG GS,2026-06-17,65,66',66.0,Attempt saved. Lionel Messi (Argentina) left footed shot from outside the box is saved in the top centre of the goal by Luca Zidane (Algeria). Assisted by Alexis Mac Allister.,0,0,1,0,0,0,0
opta_760433_66,opta,espn_opta,OFFICIAL,760433,ARG-ALG GS,2026-06-17,66,66',66.0,"Corner, Argentina. Conceded by Luca Zidane.",0,0,0,0,0,0,0
opta_760433_67,opta,espn_opta,OFFICIAL,760433,ARG-ALG GS,2026-06-17,67,69',69.0,"Attempt missed. Houssem Aouar (Algeria) right footed shot from outside the box is close, but misses to the left. Assisted by Mohammed Amoura.",0,0,0,0,0,0,0
opta_760433_68,opta,espn_opta,OFFICIAL,760433,ARG-ALG GS,2026-06-17,68,69',69.0,Delay in match for a drinks break.,0,0,0,0,0,0,0
opta_760433_69,opta,espn_opta,OFFICIAL,760433,ARG-ALG GS,2026-06-17,69,71',71.0,Delay over. They are ready to continue.,0,0,0,0,0,0,0
opta_760433_70,opta,espn_opta,OFFICIAL,760433,ARG-ALG GS,2026-06-17,70,75',75.0,Foul by Farès Chaïbi (Algeria).,1,0,0,0,0,0,0
opta_760433_71,opta,espn_opta,OFFICIAL,760433,ARG-ALG GS,2026-06-17,71,75',75.0,Rodrigo De Paul (Argentina) wins a free kick in the defensive half.,1,0,0,0,0,0,0
opta_760433_72,opta,espn_opta,OFFICIAL,760433,ARG-ALG GS,2026-06-17,72,76',76.0,"Goal! Argentina 3, Algeria 0. Lionel Messi (Argentina) left footed shot from the centre of the box to the bottom left corner. Assisted by Nico González.",0,0,1,0,0,0,0
opta_760433_73,opta,espn_opta,OFFICIAL,760433,ARG-ALG GS,2026-06-17,73,78',78.0,Delay in match because of an injury Ibrahim Maza (Algeria).,0,0,0,0,0,0,0
opta_760433_74,opta,espn_opta,OFFICIAL,760433,ARG-ALG GS,2026-06-17,74,79',79.0,Delay over. They are ready to continue.,0,0,0,0,0,0,0
opta_760433_75,opta,espn_opta,OFFICIAL,760433,ARG-ALG GS,2026-06-17,75,80',80.0,"Substitution, Argentina. Nico Paz replaces Lionel Messi.",0,0,0,0,0,1,0
opta_760433_76,opta,espn_opta,OFFICIAL,760433,ARG-ALG GS,2026-06-17,76,80',80.0,"Substitution, Argentina. Nicolás Otamendi replaces Cristian Romero.",0,0,0,0,0,1,0
opta_760433_77,opta,espn_opta,OFFICIAL,760433,ARG-ALG GS,2026-06-17,77,81',81.0,"Substitution, Algeria. Adil Boulbina replaces Ibrahim Maza.",0,0,0,0,0,1,0
opta_760433_78,opta,espn_opta,OFFICIAL,760433,ARG-ALG GS,2026-06-17,78,82',82.0,"Substitution, Algeria. Ramiz Zerrouki replaces Nabil Bentaleb.",0,0,0,0,0,1,0
opta_760433_79,opta,espn_opta,OFFICIAL,760433,ARG-ALG GS,2026-06-17,79,83',83.0,Foul by Facundo Medina (Argentina).,1,0,0,0,0,0,0
opta_760433_80,opta,espn_opta,OFFICIAL,760433,ARG-ALG GS,2026-06-17,80,83',83.0,Riyad Mahrez (Algeria) wins a free kick on the right wing.,1,0,0,0,0,0,0
opta_760433_81,opta,espn_opta,OFFICIAL,760433,ARG-ALG GS,2026-06-17,81,83',83.0,Foul by Julián Alvarez (Argentina).,1,0,0,0,0,0,0
opta_760433_82,opta,espn_opta,OFFICIAL,760433,ARG-ALG GS,2026-06-17,82,83',83.0,Aïssa Mandi (Algeria) wins a free kick in the defensive half.,1,0,0,0,0,0,0
opta_760433_83,opta,espn_opta,OFFICIAL,760433,ARG-ALG GS,2026-06-17,83,85',85.0,Houssem Aouar (Algeria) wins a free kick in the attacking half.,1,0,0,0,0,0,0
opta_760433_84,opta,espn_opta,OFFICIAL,760433,ARG-ALG GS,2026-06-17,84,85',85.0,Foul by Alexis Mac Allister (Argentina).,1,0,0,0,0,0,0
opta_760433_85,opta,espn_opta,OFFICIAL,760433,ARG-ALG GS,2026-06-17,85,86',86.0,Attempt blocked. Riyad Mahrez (Algeria) left footed shot from outside the box is blocked.,0,0,0,0,0,0,0
opta_760433_86,opta,espn_opta,OFFICIAL,760433,ARG-ALG GS,2026-06-17,86,90'+1',90.01,Fourth official has announced 6 minutes of added time.,0,0,0,0,0,0,0
opta_760433_87,opta,espn_opta,OFFICIAL,760433,ARG-ALG GS,2026-06-17,87,90'+5',90.05,Ramy Bensebaini (Algeria) wins a free kick in the attacking half.,1,0,0,0,0,0,0
opta_760433_88,opta,espn_opta,OFFICIAL,760433,ARG-ALG GS,2026-06-17,88,90'+5',90.05,Foul by Nico Paz (Argentina).,1,0,0,0,0,0,0
opta_760433_89,opta,espn_opta,OFFICIAL,760433,ARG-ALG GS,2026-06-17,89,90'+6',90.06,Handball by Rayan Aït-Nouri (Algeria).,0,0,0,0,0,0,0
opta_760433_90,opta,espn_opta,OFFICIAL,760433,ARG-ALG GS,2026-06-17,90,90'+7',90.07,"Second Half ends, Argentina 3, Algeria 0.",0,0,0,0,0,0,0
opta_760433_91,opta,espn_opta,OFFICIAL,760433,ARG-ALG GS,2026-06-17,91,,,"| Match ends, Argentina 3, Algeria 0.",0,0,0,0,0,0,0
opta_760456_0,opta,espn_opta,OFFICIAL,760456,ARG-AUT GS,2026-06-22,0,,,| Lineups are announced and players are warming up.,0,0,0,0,0,0,0
opta_760456_1,opta,espn_opta,OFFICIAL,760456,ARG-AUT GS,2026-06-22,1,,,| First Half begins.,0,0,0,0,0,0,0
opta_760456_2,opta,espn_opta,OFFICIAL,760456,ARG-AUT GS,2026-06-22,2,2',2.0,"Offside, Argentina. Thiago Almada is caught offside.",0,0,0,0,0,0,0
opta_760456_3,opta,espn_opta,OFFICIAL,760456,ARG-AUT GS,2026-06-22,3,4',4.0,Penalty conceded by Stefan Posch (Austria) after a foul in the penalty area.,1,0,0,0,1,0,0
opta_760456_4,opta,espn_opta,OFFICIAL,760456,ARG-AUT GS,2026-06-22,4,4',4.0,Penalty Argentina. Lautaro Martínez draws a foul in the penalty area.,1,0,0,0,1,0,0
opta_760456_5,opta,espn_opta,OFFICIAL,760456,ARG-AUT GS,2026-06-22,5,4',4.0,Delay in match because of an injury Lautaro Martínez (Argentina).,0,0,0,0,0,0,0
opta_760456_6,opta,espn_opta,OFFICIAL,760456,ARG-AUT GS,2026-06-22,6,6',6.0,Delay over. They are ready to continue.,0,0,0,0,0,0,0
opta_760456_7,opta,espn_opta,OFFICIAL,760456,ARG-AUT GS,2026-06-22,7,7',7.0,VAR Decision: Penalty Argentina.,0,0,0,1,1,0,0
opta_760456_8,opta,espn_opta,OFFICIAL,760456,ARG-AUT GS,2026-06-22,8,9',9.0,"Penalty missed. Lionel Messi (Argentina) left footed shot is close, but misses to the right.",0,0,0,0,1,0,0
opta_760456_9,opta,espn_opta,OFFICIAL,760456,ARG-AUT GS,2026-06-22,9,10',10.0,Foul by Romano Schmid (Austria).,1,0,0,0,0,0,0
opta_760456_10,opta,espn_opta,OFFICIAL,760456,ARG-AUT GS,2026-06-22,10,10',10.0,Facundo Medina (Argentina) wins a free kick in the defensive half.,1,0,0,0,0,0,0
opta_760456_11,opta,espn_opta,OFFICIAL,760456,ARG-AUT GS,2026-06-22,11,11',11.0,Michael Gregoritsch (Austria) wins a free kick in the attacking half.,1,0,0,0,0,0,0
opta_760456_12,opta,espn_opta,OFFICIAL,760456,ARG-AUT GS,2026-06-22,12,11',11.0,Foul by Lisandro Martínez (Argentina).,1,0,0,0,0,0,0
opta_760456_13,opta,espn_opta,OFFICIAL,760456,ARG-AUT GS,2026-06-22,13,14',14.0,Foul by Alexis Mac Allister (Argentina).,1,0,0,0,0,0,0
opta_760456_14,opta,espn_opta,OFFICIAL,760456,ARG-AUT GS,2026-06-22,14,14',14.0,Paul Wanner (Austria) wins a free kick on the left wing.,1,0,0,0,0,0,0
opta_760456_15,opta,espn_opta,OFFICIAL,760456,ARG-AUT GS,2026-06-22,15,16',16.0,Handball by Romano Schmid (Austria).,0,0,0,0,0,0,0
opta_760456_16,opta,espn_opta,OFFICIAL,760456,ARG-AUT GS,2026-06-22,16,18',18.0,Foul by Paul Wanner (Austria).,1,0,0,0,0,0,0
opta_760456_17,opta,espn_opta,OFFICIAL,760456,ARG-AUT GS,2026-06-22,17,18',18.0,Alexis Mac Allister (Argentina) wins a free kick in the defensive half.,1,0,0,0,0,0,0
opta_760456_18,opta,espn_opta,OFFICIAL,760456,ARG-AUT GS,2026-06-22,18,21',21.0,Konrad Laimer (Austria) wins a free kick in the defensive half.,1,0,0,0,0,0,0
opta_760456_19,opta,espn_opta,OFFICIAL,760456,ARG-AUT GS,2026-06-22,19,21',21.0,Foul by Lautaro Martínez (Argentina).,1,0,0,0,0,0,0
opta_760456_20,opta,espn_opta,OFFICIAL,760456,ARG-AUT GS,2026-06-22,20,21',21.0,Delay in match because of an injury Rodrigo De Paul (Argentina).,0,0,0,0,0,0,0
opta_760456_21,opta,espn_opta,OFFICIAL,760456,ARG-AUT GS,2026-06-22,21,22',22.0,Delay over. They are ready to continue.,0,0,0,0,0,0,0
opta_760456_22,opta,espn_opta,OFFICIAL,760456,ARG-AUT GS,2026-06-22,22,23',23.0,Attempt missed. Paul Wanner (Austria) header from the centre of the box misses to the left. Assisted by Stefan Posch with a cross.,0,0,0,0,0,0,0
opta_760456_23,opta,espn_opta,OFFICIAL,760456,ARG-AUT GS,2026-06-22,23,23',23.0,"Attempt missed. Marcel Sabitzer (Austria) left footed shot from the centre of the box is close, but misses to the right. Assisted by Paul Wanner.",0,0,0,0,0,0,0
opta_760456_24,opta,espn_opta,OFFICIAL,760456,ARG-AUT GS,2026-06-22,24,23',23.0,"Corner, Austria. Conceded by Cristian Romero.",0,0,0,0,0,0,0
opta_760456_25,opta,espn_opta,OFFICIAL,760456,ARG-AUT GS,2026-06-22,25,23',23.0,Delay in match for a drinks break.,0,0,0,0,0,0,0
opta_760456_26,opta,espn_opta,OFFICIAL,760456,ARG-AUT GS,2026-06-22,26,26',26.0,Delay over. They are ready to continue.,0,0,0,0,0,0,0
opta_760456_27,opta,espn_opta,OFFICIAL,760456,ARG-AUT GS,2026-06-22,27,29',29.0,"Corner, Austria. Conceded by Nahuel Molina.",0,0,0,0,0,0,0
opta_760456_28,opta,espn_opta,OFFICIAL,760456,ARG-AUT GS,2026-06-22,28,32',32.0,Attempt blocked. Lionel Messi (Argentina) left footed shot from the centre of the box is blocked.,0,0,0,0,0,0,0
opta_760456_29,opta,espn_opta,OFFICIAL,760456,ARG-AUT GS,2026-06-22,29,32',32.0,Romano Schmid (Austria) wins a free kick in the defensive half.,1,0,0,0,0,0,0
opta_760456_30,opta,espn_opta,OFFICIAL,760456,ARG-AUT GS,2026-06-22,30,32',32.0,Foul by Facundo Medina (Argentina).,1,0,0,0,0,0,0
opta_760456_31,opta,espn_opta,OFFICIAL,760456,ARG-AUT GS,2026-06-22,31,35',35.0,Marcel Sabitzer (Austria) wins a free kick in the attacking half.,1,0,0,0,0,0,0
opta_760456_32,opta,espn_opta,OFFICIAL,760456,ARG-AUT GS,2026-06-22,32,35',35.0,Foul by Nahuel Molina (Argentina).,1,0,0,0,0,0,0
opta_760456_33,opta,espn_opta,OFFICIAL,760456,ARG-AUT GS,2026-06-22,33,38',38.0,"Goal! Argentina 1, Austria 0. Lionel Messi (Argentina) left footed shot from the centre of the box to the bottom left corner. Assisted by Facundo Medina following a fast break.",0,0,1,0,0,0,0
opta_760456_34,opta,espn_opta,OFFICIAL,760456,ARG-AUT GS,2026-06-22,34,40',40.0,Stefan Posch (Austria) is shown the yellow card.,0,1,0,0,0,0,0
opta_760456_35,opta,espn_opta,OFFICIAL,760456,ARG-AUT GS,2026-06-22,35,43',43.0,Foul by Kevin Danso (Austria).,1,0,0,0,0,0,0
opta_760456_36,opta,espn_opta,OFFICIAL,760456,ARG-AUT GS,2026-06-22,36,43',43.0,Lionel Messi (Argentina) wins a free kick in the defensive half.,1,0,0,0,0,0,0
opta_760456_37,opta,espn_opta,OFFICIAL,760456,ARG-AUT GS,2026-06-22,37,44',44.0,Romano Schmid (Austria) wins a free kick in the attacking half.,1,0,0,0,0,0,0
opta_760456_38,opta,espn_opta,OFFICIAL,760456,ARG-AUT GS,2026-06-22,38,44',44.0,Foul by Alexis Mac Allister (Argentina).,1,0,0,0,0,0,0
opta_760456_39,opta,espn_opta,OFFICIAL,760456,ARG-AUT GS,2026-06-22,39,45',45.0,Romano Schmid (Austria) wins a free kick in the attacking half.,1,0,0,0,0,0,0
opta_760456_40,opta,espn_opta,OFFICIAL,760456,ARG-AUT GS,2026-06-22,40,45',45.0,Foul by Enzo Fernández (Argentina).,1,0,0,0,0,0,0
opta_760456_41,opta,espn_opta,OFFICIAL,760456,ARG-AUT GS,2026-06-22,41,45'+1',45.01,Fourth official has announced 7 minutes of added time.,0,0,0,0,0,0,0
opta_760456_42,opta,espn_opta,OFFICIAL,760456,ARG-AUT GS,2026-06-22,42,45'+2',45.02,Konrad Laimer (Austria) wins a free kick on the left wing.,1,0,0,0,0,0,0
opta_760456_43,opta,espn_opta,OFFICIAL,760456,ARG-AUT GS,2026-06-22,43,45'+2',45.02,Foul by Lautaro Martínez (Argentina).,1,0,0,0,0,0,0
opta_760456_44,opta,espn_opta,OFFICIAL,760456,ARG-AUT GS,2026-06-22,44,45'+7',45.07,"First Half ends, Argentina 1, Austria 0.",0,0,0,0,0,0,0
opta_760456_45,opta,espn_opta,OFFICIAL,760456,ARG-AUT GS,2026-06-22,45,45',45.0,"Second Half begins Argentina 1, Austria 0.",0,0,0,0,0,0,0
opta_760456_46,opta,espn_opta,OFFICIAL,760456,ARG-AUT GS,2026-06-22,46,46',46.0,Attempt missed. Marcel Sabitzer (Austria) right footed shot from outside the box misses to the left. Assisted by Nicolas Seiwald.,0,0,0,0,0,0,0
opta_760456_47,opta,espn_opta,OFFICIAL,760456,ARG-AUT GS,2026-06-22,47,48',48.0,Foul by Xaver Schlager (Austria).,1,0,0,0,0,0,0
opta_760456_48,opta,espn_opta,OFFICIAL,760456,ARG-AUT GS,2026-06-22,48,48',48.0,Lionel Messi (Argentina) wins a free kick in the defensive half.,1,0,0,0,0,0,0
opta_760456_49,opta,espn_opta,OFFICIAL,760456,ARG-AUT GS,2026-06-22,49,50',50.0,"Offside, Argentina. Lionel Messi is caught offside.",0,0,0,0,0,0,0
opta_760456_50,opta,espn_opta,OFFICIAL,760456,ARG-AUT GS,2026-06-22,50,52',52.0,Foul by Xaver Schlager (Austria).,1,0,0,0,0,0,0
opta_760456_51,opta,espn_opta,OFFICIAL,760456,ARG-AUT GS,2026-06-22,51,52',52.0,Lionel Messi (Argentina) wins a free kick in the attacking half.,1,0,0,0,0,0,0
opta_760456_52,opta,espn_opta,OFFICIAL,760456,ARG-AUT GS,2026-06-22,52,53',53.0,Romano Schmid (Austria) wins a free kick in the defensive half.,1,0,0,0,0,0,0
opta_760456_53,opta,espn_opta,OFFICIAL,760456,ARG-AUT GS,2026-06-22,53,53',53.0,Foul by Enzo Fernández (Argentina).,1,0,0,0,0,0,0
opta_760456_54,opta,espn_opta,OFFICIAL,760456,ARG-AUT GS,2026-06-22,54,54',54.0,Konrad Laimer (Austria) wins a free kick in the attacking half.,1,0,0,0,0,0,0
opta_760456_55,opta,espn_opta,OFFICIAL,760456,ARG-AUT GS,2026-06-22,55,54',54.0,Foul by Cristian Romero (Argentina).,1,0,0,0,0,0,0
opta_760456_56,opta,espn_opta,OFFICIAL,760456,ARG-AUT GS,2026-06-22,56,55',55.0,Attempt saved. Marcel Sabitzer (Austria) right footed shot from outside the box is saved in the top centre of the goal by Emiliano Martínez (Argentina).,0,0,1,0,0,0,0
opta_760456_57,opta,espn_opta,OFFICIAL,760456,ARG-AUT GS,2026-06-22,57,57',57.0,Foul by Paul Wanner (Austria).,1,0,0,0,0,0,0
opta_760456_58,opta,espn_opta,OFFICIAL,760456,ARG-AUT GS,2026-06-22,58,57',57.0,Lautaro Martínez (Argentina) wins a free kick in the defensive half.,1,0,0,0,0,0,0
opta_760456_59,opta,espn_opta,OFFICIAL,760456,ARG-AUT GS,2026-06-22,59,57',57.0,"Substitution, Argentina. Nicolás Otamendi replaces Cristian Romero because of an injury.",0,0,0,0,0,1,0
opta_760456_60,opta,espn_opta,OFFICIAL,760456,ARG-AUT GS,2026-06-22,60,61',61.0,Attempt blocked. Enzo Fernández (Argentina) right footed shot from outside the box is blocked. Assisted by Thiago Almada.,0,0,0,0,0,0,0
opta_760456_61,opta,espn_opta,OFFICIAL,760456,ARG-AUT GS,2026-06-22,61,62',62.0,Delay in match because of an injury Kevin Danso (Austria).,0,0,0,0,0,0,0
opta_760456_62,opta,espn_opta,OFFICIAL,760456,ARG-AUT GS,2026-06-22,62,62',62.0,Delay over. They are ready to continue.,0,0,0,0,0,0,0
opta_760456_63,opta,espn_opta,OFFICIAL,760456,ARG-AUT GS,2026-06-22,63,64',64.0,"Substitution, Argentina. Julián Alvarez replaces Thiago Almada.",0,0,0,0,0,1,0
opta_760456_64,opta,espn_opta,OFFICIAL,760456,ARG-AUT GS,2026-06-22,64,65',65.0,"Substitution, Argentina. Nico González replaces Lautaro Martínez.",0,0,0,0,0,1,0
opta_760456_65,opta,espn_opta,OFFICIAL,760456,ARG-AUT GS,2026-06-22,65,65',65.0,Attempt missed. Lionel Messi (Argentina) left footed shot from the left side of the box misses to the right. Assisted by Enzo Fernández.,0,0,0,0,0,0,0
opta_760456_66,opta,espn_opta,OFFICIAL,760456,ARG-AUT GS,2026-06-22,66,67',67.0,Attempt missed. Michael Gregoritsch (Austria) header from the centre of the box is too high. Assisted by Marcel Sabitzer with a cross.,0,0,0,0,0,0,0
opta_760456_67,opta,espn_opta,OFFICIAL,760456,ARG-AUT GS,2026-06-22,67,67',67.0,"Substitution, Austria. Marco Friedl replaces David Alaba.",0,0,0,0,0,1,0
opta_760456_68,opta,espn_opta,OFFICIAL,760456,ARG-AUT GS,2026-06-22,68,68',68.0,"Substitution, Austria. Alexander Prass replaces Stefan Posch.",0,0,0,0,0,1,0
opta_760456_69,opta,espn_opta,OFFICIAL,760456,ARG-AUT GS,2026-06-22,69,68',68.0,"Substitution, Austria. Marko Arnautovic replaces Paul Wanner.",0,0,0,0,0,1,0
opta_760456_70,opta,espn_opta,OFFICIAL,760456,ARG-AUT GS,2026-06-22,70,69',69.0,Delay in match for a drinks break.,0,0,0,0,0,0,0
opta_760456_71,opta,espn_opta,OFFICIAL,760456,ARG-AUT GS,2026-06-22,71,71',71.0,Delay over. They are ready to continue.,0,0,0,0,0,0,0
opta_760456_72,opta,espn_opta,OFFICIAL,760456,ARG-AUT GS,2026-06-22,72,73',73.0,"Corner, Argentina. Conceded by Romano Schmid.",0,0,0,0,0,0,0
opta_760456_73,opta,espn_opta,OFFICIAL,760456,ARG-AUT GS,2026-06-22,73,73',73.0,"Attempt missed. Nico González (Argentina) header from the centre of the box is close, but misses to the right. Assisted by Lionel Messi with a cross following a corner.",0,0,0,0,0,0,0
opta_760456_74,opta,espn_opta,OFFICIAL,760456,ARG-AUT GS,2026-06-22,74,75',75.0,Foul by Xaver Schlager (Austria).,1,0,0,0,0,0,0
opta_760456_75,opta,espn_opta,OFFICIAL,760456,ARG-AUT GS,2026-06-22,75,75',75.0,Enzo Fernández (Argentina) wins a free kick in the defensive half.,1,0,0,0,0,0,0
opta_760456_76,opta,espn_opta,OFFICIAL,760456,ARG-AUT GS,2026-06-22,76,76',76.0,Foul by Konrad Laimer (Austria).,1,0,0,0,0,0,0
opta_760456_77,opta,espn_opta,OFFICIAL,760456,ARG-AUT GS,2026-06-22,77,76',76.0,Nico González (Argentina) wins a free kick in the defensive half.,1,0,0,0,0,0,0
opta_760456_78,opta,espn_opta,OFFICIAL,760456,ARG-AUT GS,2026-06-22,78,76',76.0,Facundo Medina (Argentina) is shown the yellow card.,0,1,0,0,0,0,0
opta_760456_79,opta,espn_opta,OFFICIAL,760456,ARG-AUT GS,2026-06-22,79,76',76.0,Konrad Laimer (Austria) is shown the yellow card.,0,1,0,0,0,0,0
opta_760456_80,opta,espn_opta,OFFICIAL,760456,ARG-AUT GS,2026-06-22,80,78',78.0,"Substitution, Austria. Patrick Wimmer replaces Romano Schmid.",0,0,0,0,0,1,0
opta_760456_81,opta,espn_opta,OFFICIAL,760456,ARG-AUT GS,2026-06-22,81,79',79.0,Delay in match because of an injury Emiliano Martínez (Argentina).,0,0,0,0,0,0,0
opta_760456_82,opta,espn_opta,OFFICIAL,760456,ARG-AUT GS,2026-06-22,82,80',80.0,Delay over. They are ready to continue.,0,0,0,0,0,0,0
opta_760456_83,opta,espn_opta,OFFICIAL,760456,ARG-AUT GS,2026-06-22,83,81',81.0,"Corner, Austria. Conceded by Facundo Medina.",0,0,0,0,0,0,0
opta_760456_84,opta,espn_opta,OFFICIAL,760456,ARG-AUT GS,2026-06-22,84,82',82.0,"Substitution, Argentina. Leandro Paredes replaces Rodrigo De Paul.",0,0,0,0,0,1,0
opta_760456_85,opta,espn_opta,OFFICIAL,760456,ARG-AUT GS,2026-06-22,85,82',82.0,"Substitution, Argentina. Nicolás Tagliafico replaces Facundo Medina.",0,0,0,0,0,1,0
opta_760456_86,opta,espn_opta,OFFICIAL,760456,ARG-AUT GS,2026-06-22,86,85',85.0,"Substitution, Austria. Carney Chukwuemeka replaces Michael Gregoritsch.",0,0,0,0,0,1,0
opta_760456_87,opta,espn_opta,OFFICIAL,760456,ARG-AUT GS,2026-06-22,87,86',86.0,Attempt blocked. Nico González (Argentina) right footed shot from the centre of the box is blocked. Assisted by Lisandro Martínez with a through ball.,0,0,0,0,0,0,0
opta_760456_88,opta,espn_opta,OFFICIAL,760456,ARG-AUT GS,2026-06-22,88,86',86.0,Attempt blocked. Enzo Fernández (Argentina) right footed shot from the centre of the box is blocked.,0,0,0,0,0,0,0
opta_760456_89,opta,espn_opta,OFFICIAL,760456,ARG-AUT GS,2026-06-22,89,88',88.0,Foul by Patrick Wimmer (Austria).,1,0,0,0,0,0,0
opta_760456_90,opta,espn_opta,OFFICIAL,760456,ARG-AUT GS,2026-06-22,90,88',88.0,Nicolás Tagliafico (Argentina) wins a free kick in the defensive half.,1,0,0,0,0,0,0
opta_760456_91,opta,espn_opta,OFFICIAL,760456,ARG-AUT GS,2026-06-22,91,89',89.0,Patrick Wimmer (Austria) wins a free kick on the left wing.,1,0,0,0,0,0,0
opta_760456_92,opta,espn_opta,OFFICIAL,760456,ARG-AUT GS,2026-06-22,92,89',89.0,Foul by Nicolás Otamendi (Argentina).,1,0,0,0,0,0,0
opta_760456_93,opta,espn_opta,OFFICIAL,760456,ARG-AUT GS,2026-06-22,93,90',90.0,Fourth official has announced 5 minutes of added time.,0,0,0,0,0,0,0
opta_760456_94,opta,espn_opta,OFFICIAL,760456,ARG-AUT GS,2026-06-22,94,90'+1',90.01,Foul by Patrick Wimmer (Austria).,1,0,0,0,0,0,0
opta_760456_95,opta,espn_opta,OFFICIAL,760456,ARG-AUT GS,2026-06-22,95,90'+1',90.01,Nico González (Argentina) wins a free kick on the left wing.,1,0,0,0,0,0,0
opta_760456_96,opta,espn_opta,OFFICIAL,760456,ARG-AUT GS,2026-06-22,96,90'+2',90.02,Carney Chukwuemeka (Austria) wins a free kick in the attacking half.,1,0,0,0,0,0,0
opta_760456_97,opta,espn_opta,OFFICIAL,760456,ARG-AUT GS,2026-06-22,97,90'+2',90.02,Foul by Leandro Paredes (Argentina).,1,0,0,0,0,0,0
opta_760456_98,opta,espn_opta,OFFICIAL,760456,ARG-AUT GS,2026-06-22,98,90'+2',90.02,Leandro Paredes (Argentina) is shown the yellow card for a bad foul.,1,1,0,0,0,0,1
opta_760456_99,opta,espn_opta,OFFICIAL,760456,ARG-AUT GS,2026-06-22,99,90'+3',90.03,Handball by Nicolás Otamendi (Argentina).,0,0,0,0,0,0,0
opta_760456_100,opta,espn_opta,OFFICIAL,760456,ARG-AUT GS,2026-06-22,100,90'+3',90.03,"Attempt missed. Patrick Wimmer (Austria) header from the centre of the box is close, but misses to the left. Assisted by Kevin Danso with a headed pass following a set piece situation.",0,0,0,0,0,0,0
opta_760456_101,opta,espn_opta,OFFICIAL,760456,ARG-AUT GS,2026-06-22,101,90'+4',90.04,Attempt saved. Julián Alvarez (Argentina) left footed shot from the centre of the box is saved in the centre of the goal by Alexander Schlager (Austria). Assisted by Lionel Messi with a through ball.,0,0,1,0,0,0,0
opta_760456_102,opta,espn_opta,OFFICIAL,760456,ARG-AUT GS,2026-06-22,102,90'+5',90.05,Attempt blocked. Lionel Messi (Argentina) left footed shot from the centre of the box is blocked.,0,0,0,0,0,0,0
opta_760456_103,opta,espn_opta,OFFICIAL,760456,ARG-AUT GS,2026-06-22,103,90'+5',90.05,"Goal! Argentina 2, Austria 0. Lionel Messi (Argentina) left footed shot from the left side of the six yard box to the centre of the goal following a fast break.",0,0,1,0,0,0,0
opta_760456_104,opta,espn_opta,OFFICIAL,760456,ARG-AUT GS,2026-06-22,104,90'+7',90.07,Foul by Patrick Wimmer (Austria).,1,0,0,0,0,0,0
opta_760456_105,opta,espn_opta,OFFICIAL,760456,ARG-AUT GS,2026-06-22,105,90'+7',90.07,Lionel Messi (Argentina) wins a free kick in the attacking half.,1,0,0,0,0,0,0
opta_760456_106,opta,espn_opta,OFFICIAL,760456,ARG-AUT GS,2026-06-22,106,90'+8',90.08,"Attempt missed. Lionel Messi (Argentina) left footed shot from outside the box is close, but misses to the left from a direct free kick.",1,0,0,0,0,0,0
opta_760456_107,opta,espn_opta,OFFICIAL,760456,ARG-AUT GS,2026-06-22,107,90'+8',90.08,"Second Half ends, Argentina 2, Austria 0.",0,0,0,0,0,0,0
opta_760456_108,opta,espn_opta,OFFICIAL,760456,ARG-AUT GS,2026-06-22,108,,,"| Match ends, Argentina 2, Austria 0.",0,0,0,0,0,0,0
opta_760483_0,opta,espn_opta,OFFICIAL,760483,JOR-ARG GS,2026-06-28,0,,,| Lineups are announced and players are warming up.,0,0,0,0,0,0,0
opta_760483_1,opta,espn_opta,OFFICIAL,760483,JOR-ARG GS,2026-06-28,1,,,| First Half begins.,0,0,0,0,0,0,0
opta_760483_2,opta,espn_opta,OFFICIAL,760483,JOR-ARG GS,2026-06-28,2,1',1.0,Foul by Giuliano Simeone (Argentina).,1,0,0,0,0,0,0
opta_760483_3,opta,espn_opta,OFFICIAL,760483,JOR-ARG GS,2026-06-28,3,1',1.0,Ali Olwan (Jordan) wins a free kick on the left wing.,1,0,0,0,0,0,0
opta_760483_4,opta,espn_opta,OFFICIAL,760483,JOR-ARG GS,2026-06-28,4,7',7.0,"Offside, Argentina. Giovani Lo Celso is caught offside.",0,0,0,0,0,0,0
opta_760483_5,opta,espn_opta,OFFICIAL,760483,JOR-ARG GS,2026-06-28,5,12',12.0,"Corner, Argentina. Conceded by Husam Abu Dahab.",0,0,0,0,0,0,0
opta_760483_6,opta,espn_opta,OFFICIAL,760483,JOR-ARG GS,2026-06-28,6,13',13.0,Attempt missed. Nicolás Otamendi (Argentina) header from the right side of the six yard box is too high. Assisted by Giovani Lo Celso with a cross following a corner.,0,0,0,0,0,0,0
opta_760483_7,opta,espn_opta,OFFICIAL,760483,JOR-ARG GS,2026-06-28,7,17',17.0,Foul by Mohannad Abu Taha (Jordan).,1,0,0,0,0,0,0
opta_760483_8,opta,espn_opta,OFFICIAL,760483,JOR-ARG GS,2026-06-28,8,17',17.0,Giovani Lo Celso (Argentina) wins a free kick in the attacking half.,1,0,0,0,0,0,0
opta_760483_9,opta,espn_opta,OFFICIAL,760483,JOR-ARG GS,2026-06-28,9,17',17.0,Mohannad Abu Taha (Jordan) is shown the yellow card for a bad foul.,1,1,0,0,0,0,1
opta_760483_10,opta,espn_opta,OFFICIAL,760483,JOR-ARG GS,2026-06-28,10,19',19.0,"Goal! Jordan 0, Argentina 1. Giovani Lo Celso (Argentina) from a free kick with a left footed shot to the top left corner.",1,0,1,0,0,0,0
opta_760483_11,opta,espn_opta,OFFICIAL,760483,JOR-ARG GS,2026-06-28,11,23',23.0,Delay in match for a drinks break.,0,0,0,0,0,0,0
opta_760483_12,opta,espn_opta,OFFICIAL,760483,JOR-ARG GS,2026-06-28,12,25',25.0,Delay over. They are ready to continue.,0,0,0,0,0,0,0
opta_760483_13,opta,espn_opta,OFFICIAL,760483,JOR-ARG GS,2026-06-28,13,27',27.0,"Corner, Argentina. Conceded by Husam Abu Dahab.",0,0,0,0,0,0,0
opta_760483_14,opta,espn_opta,OFFICIAL,760483,JOR-ARG GS,2026-06-28,14,28',28.0,Lautaro Martínez (Argentina) hits the bar with a left footed shot from very close range. Assisted by Nicolás Tagliafico following a corner.,0,0,0,0,0,0,0
opta_760483_15,opta,espn_opta,OFFICIAL,760483,JOR-ARG GS,2026-06-28,15,28',28.0,Penalty conceded by Nizar Al Rashdan (Jordan) after a foul in the penalty area.,1,0,0,0,1,0,0
opta_760483_16,opta,espn_opta,OFFICIAL,760483,JOR-ARG GS,2026-06-28,16,28',28.0,Penalty Argentina. Marcos Senesi draws a foul in the penalty area.,1,0,0,0,1,0,0
opta_760483_17,opta,espn_opta,OFFICIAL,760483,JOR-ARG GS,2026-06-28,17,28',28.0,Delay in match because of an injury Marcos Senesi (Argentina).,0,0,0,0,0,0,0
opta_760483_18,opta,espn_opta,OFFICIAL,760483,JOR-ARG GS,2026-06-28,18,29',29.0,Delay over. They are ready to continue.,0,0,0,0,0,0,0
opta_760483_19,opta,espn_opta,OFFICIAL,760483,JOR-ARG GS,2026-06-28,19,29',29.0,VAR Decision: Penalty Argentina.,0,0,0,1,1,0,0
opta_760483_20,opta,espn_opta,OFFICIAL,760483,JOR-ARG GS,2026-06-28,20,31',31.0,"Goal! Jordan 0, Argentina 2. Lautaro Martínez (Argentina) converts the penalty with a right footed shot to the bottom left corner.",0,0,1,0,1,0,0
opta_760483_21,opta,espn_opta,OFFICIAL,760483,JOR-ARG GS,2026-06-28,21,32',32.0,Ali Olwan (Jordan) wins a free kick on the right wing.,1,0,0,0,0,0,0
opta_760483_22,opta,espn_opta,OFFICIAL,760483,JOR-ARG GS,2026-06-28,22,32',32.0,Foul by Giovani Lo Celso (Argentina).,1,0,0,0,0,0,0
opta_760483_23,opta,espn_opta,OFFICIAL,760483,JOR-ARG GS,2026-06-28,23,33',33.0,Odeh Fakhoury (Jordan) wins a free kick in the attacking half.,1,0,0,0,0,0,0
opta_760483_24,opta,espn_opta,OFFICIAL,760483,JOR-ARG GS,2026-06-28,24,33',33.0,Foul by Exequiel Palacios (Argentina).,1,0,0,0,0,0,0
opta_760483_25,opta,espn_opta,OFFICIAL,760483,JOR-ARG GS,2026-06-28,25,34',34.0,Nizar Al Rashdan (Jordan) wins a free kick in the defensive half.,1,0,0,0,0,0,0
opta_760483_26,opta,espn_opta,OFFICIAL,760483,JOR-ARG GS,2026-06-28,26,34',34.0,Foul by Nico Paz (Argentina).,1,0,0,0,0,0,0
opta_760483_27,opta,espn_opta,OFFICIAL,760483,JOR-ARG GS,2026-06-28,27,35',35.0,Attempt blocked. Odeh Fakhoury (Jordan) right footed shot from outside the box is blocked.,0,0,0,0,0,0,0
opta_760483_28,opta,espn_opta,OFFICIAL,760483,JOR-ARG GS,2026-06-28,28,35',35.0,"Corner, Jordan. Conceded by Nicolás Tagliafico.",0,0,0,0,0,0,0
opta_760483_29,opta,espn_opta,OFFICIAL,760483,JOR-ARG GS,2026-06-28,29,35',35.0,Attempt blocked. Mohannad Abu Taha (Jordan) left footed shot from outside the box is blocked.,0,0,0,0,0,0,0
opta_760483_30,opta,espn_opta,OFFICIAL,760483,JOR-ARG GS,2026-06-28,30,38',38.0,Attempt missed. Ali Azaizeh (Jordan) header from the centre of the box misses to the right. Assisted by Ali Olwan with a cross.,0,0,0,0,0,0,0
opta_760483_31,opta,espn_opta,OFFICIAL,760483,JOR-ARG GS,2026-06-28,31,41',41.0,Foul by Yazan Al Arab (Jordan).,1,0,0,0,0,0,0
opta_760483_32,opta,espn_opta,OFFICIAL,760483,JOR-ARG GS,2026-06-28,32,41',41.0,Exequiel Palacios (Argentina) wins a free kick in the defensive half.,1,0,0,0,0,0,0
opta_760483_33,opta,espn_opta,OFFICIAL,760483,JOR-ARG GS,2026-06-28,33,42',42.0,Ali Azaizeh (Jordan) wins a free kick in the defensive half.,1,0,0,0,0,0,0
opta_760483_34,opta,espn_opta,OFFICIAL,760483,JOR-ARG GS,2026-06-28,34,42',42.0,Foul by Lautaro Martínez (Argentina).,1,0,0,0,0,0,0
opta_760483_35,opta,espn_opta,OFFICIAL,760483,JOR-ARG GS,2026-06-28,35,45'+1',45.01,Fourth official has announced 5 minutes of added time.,0,0,0,0,0,0,0
opta_760483_36,opta,espn_opta,OFFICIAL,760483,JOR-ARG GS,2026-06-28,36,45'+2',45.02,Foul by Odeh Fakhoury (Jordan).,1,0,0,0,0,0,0
opta_760483_37,opta,espn_opta,OFFICIAL,760483,JOR-ARG GS,2026-06-28,37,45'+2',45.02,Marcos Senesi (Argentina) wins a free kick in the defensive half.,1,0,0,0,0,0,0
opta_760483_38,opta,espn_opta,OFFICIAL,760483,JOR-ARG GS,2026-06-28,38,45'+3',45.03,Foul by Yazan Al Arab (Jordan).,1,0,0,0,0,0,0
opta_760483_39,opta,espn_opta,OFFICIAL,760483,JOR-ARG GS,2026-06-28,39,45'+3',45.03,Nico Paz (Argentina) wins a free kick in the attacking half.,1,0,0,0,0,0,0
opta_760483_40,opta,espn_opta,OFFICIAL,760483,JOR-ARG GS,2026-06-28,40,45'+3',45.03,"Offside, Argentina. Nicolás Otamendi is caught offside.",0,0,0,0,0,0,0
opta_760483_41,opta,espn_opta,OFFICIAL,760483,JOR-ARG GS,2026-06-28,41,45'+5',45.05,Attempt saved. Julián Alvarez (Argentina) left footed shot from the left side of the box is saved in the bottom left corner by Yazeed Abulaila (Jordan). Assisted by Lautaro Martínez.,0,0,0,0,0,0,0
opta_760483_42,opta,espn_opta,OFFICIAL,760483,JOR-ARG GS,2026-06-28,42,45'+5',45.05,"Offside, Jordan. Odeh Fakhoury is caught offside.",0,0,0,0,0,0,0
opta_760483_43,opta,espn_opta,OFFICIAL,760483,JOR-ARG GS,2026-06-28,43,45'+6',45.06,"First Half ends, Jordan 0, Argentina 2.",0,0,0,0,0,0,0
opta_760483_44,opta,espn_opta,OFFICIAL,760483,JOR-ARG GS,2026-06-28,44,45',45.0,"Substitution, Jordan. Mahmoud Al Mardi replaces Odeh Fakhoury.",0,0,0,0,0,1,0
opta_760483_45,opta,espn_opta,OFFICIAL,760483,JOR-ARG GS,2026-06-28,45,45',45.0,"Substitution, Jordan. Mousa Al Tamari replaces Ali Azaizeh.",0,0,0,0,0,1,0
opta_760483_46,opta,espn_opta,OFFICIAL,760483,JOR-ARG GS,2026-06-28,46,45',45.0,"Second Half begins Jordan 0, Argentina 2.",0,0,0,0,0,0,0
opta_760483_47,opta,espn_opta,OFFICIAL,760483,JOR-ARG GS,2026-06-28,47,48',48.0,"Offside, Argentina. Lautaro Martínez is caught offside.",0,0,0,0,0,0,0
opta_760483_48,opta,espn_opta,OFFICIAL,760483,JOR-ARG GS,2026-06-28,48,49',49.0,Mousa Al Tamari (Jordan) wins a free kick in the defensive half.,1,0,0,0,0,0,0
opta_760483_49,opta,espn_opta,OFFICIAL,760483,JOR-ARG GS,2026-06-28,49,49',49.0,Foul by Nicolás Tagliafico (Argentina).,1,0,0,0,0,0,0
opta_760483_50,opta,espn_opta,OFFICIAL,760483,JOR-ARG GS,2026-06-28,50,49',49.0,Foul by Ali Olwan (Jordan).,1,0,0,0,0,0,0
opta_760483_51,opta,espn_opta,OFFICIAL,760483,JOR-ARG GS,2026-06-28,51,49',49.0,Nicolás Tagliafico (Argentina) wins a free kick in the defensive half.,1,0,0,0,0,0,0
opta_760483_52,opta,espn_opta,OFFICIAL,760483,JOR-ARG GS,2026-06-28,52,51',51.0,Attempt missed. Mousa Al Tamari (Jordan) left footed shot from outside the box is too high. Assisted by Ali Olwan.,0,0,0,0,0,0,0
opta_760483_53,opta,espn_opta,OFFICIAL,760483,JOR-ARG GS,2026-06-28,53,53',53.0,Lautaro Martínez (Argentina) hits the bar with a right footed shot from outside the box. Assisted by Giovani Lo Celso.,0,0,0,0,0,0,0
opta_760483_54,opta,espn_opta,OFFICIAL,760483,JOR-ARG GS,2026-06-28,54,55',55.0,"Goal! Jordan 1, Argentina 2. Mousa Al Tamari (Jordan) left footed shot from the centre of the box to the top left corner. Assisted by Ehsan Haddad with a cross.",0,0,1,0,0,0,0
opta_760483_55,opta,espn_opta,OFFICIAL,760483,JOR-ARG GS,2026-06-28,55,59',59.0,Attempt missed. Nico Paz (Argentina) right footed shot from outside the box misses to the right.,0,0,0,0,0,0,0
opta_760483_56,opta,espn_opta,OFFICIAL,760483,JOR-ARG GS,2026-06-28,56,60',60.0,"Substitution, Argentina. Thiago Almada replaces Giovani Lo Celso.",0,0,0,0,0,1,0
opta_760483_57,opta,espn_opta,OFFICIAL,760483,JOR-ARG GS,2026-06-28,57,60',60.0,"Substitution, Argentina. Lionel Messi replaces Lautaro Martínez.",0,0,0,0,0,1,0
opta_760483_58,opta,espn_opta,OFFICIAL,760483,JOR-ARG GS,2026-06-28,58,61',61.0,"Substitution, Argentina. Alexis Mac Allister replaces Nico Paz.",0,0,0,0,0,1,0
opta_760483_59,opta,espn_opta,OFFICIAL,760483,JOR-ARG GS,2026-06-28,59,61',61.0,"Corner, Argentina. Conceded by Mohannad Abu Taha.",0,0,0,0,0,0,0
opta_760483_60,opta,espn_opta,OFFICIAL,760483,JOR-ARG GS,2026-06-28,60,64',64.0,Foul by Yazan Al Arab (Jordan).,1,0,0,0,0,0,0
opta_760483_61,opta,espn_opta,OFFICIAL,760483,JOR-ARG GS,2026-06-28,61,64',64.0,Alexis Mac Allister (Argentina) wins a free kick in the attacking half.,1,0,0,0,0,0,0
opta_760483_62,opta,espn_opta,OFFICIAL,760483,JOR-ARG GS,2026-06-28,62,64',64.0,Yazan Al Arab (Jordan) is shown the yellow card for a bad foul.,1,1,0,0,0,0,1
opta_760483_63,opta,espn_opta,OFFICIAL,760483,JOR-ARG GS,2026-06-28,63,65',65.0,Attempt missed. Lionel Messi (Argentina) left footed shot from outside the box is high and wide to the left from a direct free kick.,1,0,0,0,0,0,0
opta_760483_64,opta,espn_opta,OFFICIAL,760483,JOR-ARG GS,2026-06-28,64,67',67.0,Foul by Mahmoud Al Mardi (Jordan).,1,0,0,0,0,0,0
opta_760483_65,opta,espn_opta,OFFICIAL,760483,JOR-ARG GS,2026-06-28,65,67',67.0,Alexis Mac Allister (Argentina) wins a free kick in the attacking half.,1,0,0,0,0,0,0
opta_760483_66,opta,espn_opta,OFFICIAL,760483,JOR-ARG GS,2026-06-28,66,68',68.0,Delay in match for a drinks break.,0,0,0,0,0,0,0
opta_760483_67,opta,espn_opta,OFFICIAL,760483,JOR-ARG GS,2026-06-28,67,70',70.0,Delay over. They are ready to continue.,0,0,0,0,0,0,0
opta_760483_68,opta,espn_opta,OFFICIAL,760483,JOR-ARG GS,2026-06-28,68,71',71.0,"Substitution, Argentina. Valentín Barco replaces Giuliano Simeone.",0,0,0,0,0,1,0
opta_760483_69,opta,espn_opta,OFFICIAL,760483,JOR-ARG GS,2026-06-28,69,75',75.0,Mahmoud Al Mardi (Jordan) wins a free kick on the left wing.,1,0,0,0,0,0,0
opta_760483_70,opta,espn_opta,OFFICIAL,760483,JOR-ARG GS,2026-06-28,70,75',75.0,Foul by Nicolás Otamendi (Argentina).,1,0,0,0,0,0,0
opta_760483_71,opta,espn_opta,OFFICIAL,760483,JOR-ARG GS,2026-06-28,71,76',76.0,"Substitution, Jordan. Amer Jamous replaces Nizar Al Rashdan.",0,0,0,0,0,1,0
opta_760483_72,opta,espn_opta,OFFICIAL,760483,JOR-ARG GS,2026-06-28,72,79',79.0,Foul by Amer Jamous (Jordan).,1,0,0,0,0,0,0
opta_760483_73,opta,espn_opta,OFFICIAL,760483,JOR-ARG GS,2026-06-28,73,79',79.0,Lionel Messi (Argentina) wins a free kick in the attacking half.,1,0,0,0,0,0,0
opta_760483_74,opta,espn_opta,OFFICIAL,760483,JOR-ARG GS,2026-06-28,74,80',80.0,"Goal! Jordan 1, Argentina 3. Lionel Messi (Argentina) from a free kick with a left footed shot to the bottom left corner.",1,0,1,0,0,0,0
opta_760483_75,opta,espn_opta,OFFICIAL,760483,JOR-ARG GS,2026-06-28,75,82',82.0,"Attempt missed. Thiago Almada (Argentina) right footed shot from outside the box is close, but misses to the right.",0,0,0,0,0,0,0
opta_760483_76,opta,espn_opta,OFFICIAL,760483,JOR-ARG GS,2026-06-28,76,82',82.0,"Substitution, Argentina. José Manuel López replaces Julián Alvarez.",0,0,0,0,0,1,0
opta_760483_77,opta,espn_opta,OFFICIAL,760483,JOR-ARG GS,2026-06-28,77,85',85.0,Foul by Ehsan Haddad (Jordan).,1,0,0,0,0,0,0
opta_760483_78,opta,espn_opta,OFFICIAL,760483,JOR-ARG GS,2026-06-28,78,85',85.0,Nicolás Tagliafico (Argentina) wins a free kick in the defensive half.,1,0,0,0,0,0,0
opta_760483_79,opta,espn_opta,OFFICIAL,760483,JOR-ARG GS,2026-06-28,79,86',86.0,Attempt blocked. José Manuel López (Argentina) right footed shot from the left side of the box is blocked. Assisted by Lionel Messi.,0,0,0,0,0,0,0
opta_760483_80,opta,espn_opta,OFFICIAL,760483,JOR-ARG GS,2026-06-28,80,86',86.0,"Corner, Argentina. Conceded by Ehsan Haddad.",0,0,0,0,0,0,0
opta_760483_81,opta,espn_opta,OFFICIAL,760483,JOR-ARG GS,2026-06-28,81,87',87.0,"Corner, Argentina. Conceded by Abdallah Nasib.",0,0,0,0,0,0,0
opta_760483_82,opta,espn_opta,OFFICIAL,760483,JOR-ARG GS,2026-06-28,82,87',87.0,"Corner, Argentina. Conceded by Mohannad Abu Taha.",0,0,0,0,0,0,0
opta_760483_83,opta,espn_opta,OFFICIAL,760483,JOR-ARG GS,2026-06-28,83,88',88.0,Foul by Husam Abu Dahab (Jordan).,1,0,0,0,0,0,0
opta_760483_84,opta,espn_opta,OFFICIAL,760483,JOR-ARG GS,2026-06-28,84,88',88.0,Valentín Barco (Argentina) wins a free kick on the right wing.,1,0,0,0,0,0,0
opta_760483_85,opta,espn_opta,OFFICIAL,760483,JOR-ARG GS,2026-06-28,85,89',89.0,Delay in match because of an injury Husam Abu Dahab (Jordan).,0,0,0,0,0,0,0
opta_760483_86,opta,espn_opta,OFFICIAL,760483,JOR-ARG GS,2026-06-28,86,90',90.0,"Substitution, Jordan. Mohammad Abu Zraiq replaces Ali Olwan.",0,0,0,0,0,1,0
opta_760483_87,opta,espn_opta,OFFICIAL,760483,JOR-ARG GS,2026-06-28,87,90',90.0,"Substitution, Jordan. Saleem Obaid replaces Husam Abu Dahab because of an injury.",0,0,0,0,0,1,0
opta_760483_88,opta,espn_opta,OFFICIAL,760483,JOR-ARG GS,2026-06-28,88,90',90.0,Fourth official has announced 5 minutes of added time.,0,0,0,0,0,0,0
opta_760483_89,opta,espn_opta,OFFICIAL,760483,JOR-ARG GS,2026-06-28,89,90'+1',90.01,Delay over. They are ready to continue.,0,0,0,0,0,0,0
opta_760483_90,opta,espn_opta,OFFICIAL,760483,JOR-ARG GS,2026-06-28,90,90'+1',90.01,Attempt missed. Marcos Senesi (Argentina) right footed shot from very close range is too high. Assisted by Lionel Messi with a cross following a set piece situation.,0,0,0,0,0,0,0
opta_760483_91,opta,espn_opta,OFFICIAL,760483,JOR-ARG GS,2026-06-28,91,90'+2',90.02,"Corner, Jordan. Conceded by Valentín Barco.",0,0,0,0,0,0,0
opta_760483_92,opta,espn_opta,OFFICIAL,760483,JOR-ARG GS,2026-06-28,92,90'+3',90.03,Handball by Mahmoud Al Mardi (Jordan).,0,0,0,0,0,0,0
opta_760483_93,opta,espn_opta,OFFICIAL,760483,JOR-ARG GS,2026-06-28,93,90'+4',90.04,Foul by Mohammad Abu Zraiq (Jordan).,1,0,0,0,0,0,0
opta_760483_94,opta,espn_opta,OFFICIAL,760483,JOR-ARG GS,2026-06-28,94,90'+4',90.04,Alexis Mac Allister (Argentina) wins a free kick in the defensive half.,1,0,0,0,0,0,0
opta_760483_95,opta,espn_opta,OFFICIAL,760483,JOR-ARG GS,2026-06-28,95,90'+4',90.04,Mohammad Abu Zraiq (Jordan) is shown the yellow card for a bad foul.,1,1,0,0,0,0,1
opta_760483_96,opta,espn_opta,OFFICIAL,760483,JOR-ARG GS,2026-06-28,96,90'+6',90.06,"Second Half ends, Jordan 1, Argentina 3.",0,0,0,0,0,0,0
opta_760483_97,opta,espn_opta,OFFICIAL,760483,JOR-ARG GS,2026-06-28,97,,,"| Match ends, Jordan 1, Argentina 3.",0,0,0,0,0,0,0
opta_760500_0,opta,espn_opta,OFFICIAL,760500,ARG-CPV R32,2026-07-03,0,,,| Lineups are announced and players are warming up.,0,0,0,0,0,0,0
opta_760500_1,opta,espn_opta,OFFICIAL,760500,ARG-CPV R32,2026-07-03,1,,,| First Half begins.,0,0,0,0,0,0,0
opta_760500_2,opta,espn_opta,OFFICIAL,760500,ARG-CPV R32,2026-07-03,2,4',4.0,Sidny Cabral (Cabo Verde) wins a free kick on the left wing.,1,0,0,0,0,0,0
opta_760500_3,opta,espn_opta,OFFICIAL,760500,ARG-CPV R32,2026-07-03,3,4',4.0,Foul by Rodrigo De Paul (Argentina).,1,0,0,0,0,0,0
opta_760500_4,opta,espn_opta,OFFICIAL,760500,ARG-CPV R32,2026-07-03,4,7',7.0,Attempt blocked. Ryan Mendes (Cabo Verde) left footed shot from the right side of the box is blocked. Assisted by Diney Borges.,0,0,0,0,0,0,0
opta_760500_5,opta,espn_opta,OFFICIAL,760500,ARG-CPV R32,2026-07-03,5,10',10.0,Jovane Cabral (Cabo Verde) wins a free kick in the attacking half.,1,0,0,0,0,0,0
opta_760500_6,opta,espn_opta,OFFICIAL,760500,ARG-CPV R32,2026-07-03,6,10',10.0,Foul by Cristian Romero (Argentina).,1,0,0,0,0,0,0
opta_760500_7,opta,espn_opta,OFFICIAL,760500,ARG-CPV R32,2026-07-03,7,15',15.0,Attempt missed. Lionel Messi (Argentina) left footed shot from the left side of the box misses to the right. Assisted by Thiago Almada.,0,0,0,0,0,0,0
opta_760500_8,opta,espn_opta,OFFICIAL,760500,ARG-CPV R32,2026-07-03,8,17',17.0,Foul by Jovane Cabral (Cabo Verde).,1,0,0,0,0,0,0
opta_760500_9,opta,espn_opta,OFFICIAL,760500,ARG-CPV R32,2026-07-03,9,17',17.0,Lionel Messi (Argentina) wins a free kick in the attacking half.,1,0,0,0,0,0,0
opta_760500_10,opta,espn_opta,OFFICIAL,760500,ARG-CPV R32,2026-07-03,10,18',18.0,Attempt saved. Lionel Messi (Argentina) left footed shot from outside the box is saved in the bottom left corner by Vozinha (Cabo Verde).,0,0,0,0,0,0,0
opta_760500_11,opta,espn_opta,OFFICIAL,760500,ARG-CPV R32,2026-07-03,11,25',25.0,Delay in match for a drinks break.,0,0,0,0,0,0,0
opta_760500_12,opta,espn_opta,OFFICIAL,760500,ARG-CPV R32,2026-07-03,12,27',27.0,Delay over. They are ready to continue.,0,0,0,0,0,0,0
opta_760500_13,opta,espn_opta,OFFICIAL,760500,ARG-CPV R32,2026-07-03,13,29',29.0,"Goal! Argentina 1, Cabo Verde 0. Lionel Messi (Argentina) left footed shot from the right side of the six yard box to the top right corner. Assisted by Lisandro Martínez with a through ball.",0,0,1,0,0,0,0
opta_760500_14,opta,espn_opta,OFFICIAL,760500,ARG-CPV R32,2026-07-03,14,32',32.0,Jovane Cabral (Cabo Verde) wins a free kick in the defensive half.,1,0,0,0,0,0,0
opta_760500_15,opta,espn_opta,OFFICIAL,760500,ARG-CPV R32,2026-07-03,15,32',32.0,Foul by Nahuel Molina (Argentina).,1,0,0,0,0,0,0
opta_760500_16,opta,espn_opta,OFFICIAL,760500,ARG-CPV R32,2026-07-03,16,36',36.0,"Offside, Argentina. Nahuel Molina is caught offside.",0,0,0,0,0,0,0
opta_760500_17,opta,espn_opta,OFFICIAL,760500,ARG-CPV R32,2026-07-03,17,40',40.0,Foul by Deroy Duarte (Cabo Verde).,1,0,0,0,0,0,0
opta_760500_18,opta,espn_opta,OFFICIAL,760500,ARG-CPV R32,2026-07-03,18,40',40.0,Thiago Almada (Argentina) wins a free kick in the defensive half.,1,0,0,0,0,0,0
opta_760500_19,opta,espn_opta,OFFICIAL,760500,ARG-CPV R32,2026-07-03,19,41',41.0,"Offside, Argentina. Facundo Medina is caught offside.",0,0,0,0,0,0,0
opta_760500_20,opta,espn_opta,OFFICIAL,760500,ARG-CPV R32,2026-07-03,20,42',42.0,Foul by Deroy Duarte (Cabo Verde).,1,0,0,0,0,0,0
opta_760500_21,opta,espn_opta,OFFICIAL,760500,ARG-CPV R32,2026-07-03,21,42',42.0,Enzo Fernández (Argentina) wins a free kick in the defensive half.,1,0,0,0,0,0,0
opta_760500_22,opta,espn_opta,OFFICIAL,760500,ARG-CPV R32,2026-07-03,22,43',43.0,Foul by Diney Borges (Cabo Verde).,1,0,0,0,0,0,0
opta_760500_23,opta,espn_opta,OFFICIAL,760500,ARG-CPV R32,2026-07-03,23,43',43.0,Lionel Messi (Argentina) wins a free kick in the defensive half.,1,0,0,0,0,0,0
opta_760500_24,opta,espn_opta,OFFICIAL,760500,ARG-CPV R32,2026-07-03,24,43',43.0,Vozinha (Cabo Verde) wins a free kick in the defensive half.,1,0,0,0,0,0,0
opta_760500_25,opta,espn_opta,OFFICIAL,760500,ARG-CPV R32,2026-07-03,25,43',43.0,Foul by Lautaro Martínez (Argentina).,1,0,0,0,0,0,0
opta_760500_26,opta,espn_opta,OFFICIAL,760500,ARG-CPV R32,2026-07-03,26,45',45.0,Attempt saved. Enzo Fernández (Argentina) right footed shot from outside the box is saved in the bottom right corner by Vozinha (Cabo Verde).,0,0,0,0,0,0,0
opta_760500_27,opta,espn_opta,OFFICIAL,760500,ARG-CPV R32,2026-07-03,27,45',45.0,Fourth official has announced 4 minutes of added time.,0,0,0,0,0,0,0
opta_760500_28,opta,espn_opta,OFFICIAL,760500,ARG-CPV R32,2026-07-03,28,45'+2',45.02,Sidny Cabral (Cabo Verde) wins a free kick in the defensive half.,1,0,0,0,0,0,0
opta_760500_29,opta,espn_opta,OFFICIAL,760500,ARG-CPV R32,2026-07-03,29,45'+2',45.02,Foul by Lionel Messi (Argentina).,1,0,0,0,0,0,0
opta_760500_30,opta,espn_opta,OFFICIAL,760500,ARG-CPV R32,2026-07-03,30,45'+4',45.04,"First Half ends, Argentina 1, Cabo Verde 0.",0,0,0,0,0,0,0
opta_760500_31,opta,espn_opta,OFFICIAL,760500,ARG-CPV R32,2026-07-03,31,45',45.0,"Second Half begins Argentina 1, Cabo Verde 0.",0,0,0,0,0,0,0
opta_760500_32,opta,espn_opta,OFFICIAL,760500,ARG-CPV R32,2026-07-03,32,48',48.0,"Corner, Cabo Verde. Conceded by Nahuel Molina.",0,0,0,0,0,0,0
opta_760500_33,opta,espn_opta,OFFICIAL,760500,ARG-CPV R32,2026-07-03,33,49',49.0,Attempt blocked. Jovane Cabral (Cabo Verde) right footed shot from outside the box is blocked.,0,0,0,0,0,0,0
opta_760500_34,opta,espn_opta,OFFICIAL,760500,ARG-CPV R32,2026-07-03,34,49',49.0,"Corner, Cabo Verde. Conceded by Rodrigo De Paul.",0,0,0,0,0,0,0
opta_760500_35,opta,espn_opta,OFFICIAL,760500,ARG-CPV R32,2026-07-03,35,49',49.0,Attempt missed. Ryan Mendes (Cabo Verde) right footed shot from outside the box is high and wide to the left. Assisted by Laros Duarte with a headed pass.,0,0,0,0,0,0,0
opta_760500_36,opta,espn_opta,OFFICIAL,760500,ARG-CPV R32,2026-07-03,36,50',50.0,Pico Lopes (Cabo Verde) wins a free kick in the defensive half.,1,0,0,0,0,0,0
opta_760500_37,opta,espn_opta,OFFICIAL,760500,ARG-CPV R32,2026-07-03,37,50',50.0,Foul by Lautaro Martínez (Argentina).,1,0,0,0,0,0,0
opta_760500_38,opta,espn_opta,OFFICIAL,760500,ARG-CPV R32,2026-07-03,38,53',53.0,Steven Moreira (Cabo Verde) wins a free kick in the defensive half.,1,0,0,0,0,0,0
opta_760500_39,opta,espn_opta,OFFICIAL,760500,ARG-CPV R32,2026-07-03,39,53',53.0,Foul by Thiago Almada (Argentina).,1,0,0,0,0,0,0
opta_760500_40,opta,espn_opta,OFFICIAL,760500,ARG-CPV R32,2026-07-03,40,54',54.0,Attempt saved. Deroy Duarte (Cabo Verde) left footed shot from outside the box is saved in the bottom right corner by Emiliano Martínez (Argentina).,0,0,0,0,0,0,0
opta_760500_41,opta,espn_opta,OFFICIAL,760500,ARG-CPV R32,2026-07-03,41,58',58.0,Laros Duarte (Cabo Verde) wins a free kick in the defensive half.,1,0,0,0,0,0,0
opta_760500_42,opta,espn_opta,OFFICIAL,760500,ARG-CPV R32,2026-07-03,42,58',58.0,Foul by Cristian Romero (Argentina).,1,0,0,0,0,0,0
opta_760500_43,opta,espn_opta,OFFICIAL,760500,ARG-CPV R32,2026-07-03,43,59',59.0,"Goal! Argentina 1, Cabo Verde 1. Deroy Duarte (Cabo Verde) right footed shot from a difficult angle on the right to the bottom left corner. Assisted by Ryan Mendes.",0,0,1,0,0,0,0
opta_760500_44,opta,espn_opta,OFFICIAL,760500,ARG-CPV R32,2026-07-03,44,63',63.0,Attempt saved. Lionel Messi (Argentina) right footed shot from the centre of the box is saved in the centre of the goal by Vozinha (Cabo Verde). Assisted by Lautaro Martínez with a through ball.,0,0,1,0,0,0,0
opta_760500_45,opta,espn_opta,OFFICIAL,760500,ARG-CPV R32,2026-07-03,45,63',63.0,"Corner, Argentina. Conceded by Diney Borges.",0,0,0,0,0,0,0
opta_760500_46,opta,espn_opta,OFFICIAL,760500,ARG-CPV R32,2026-07-03,46,63',63.0,"Substitution, Argentina. Julián Alvarez replaces Lautaro Martínez.",0,0,0,0,0,1,0
opta_760500_47,opta,espn_opta,OFFICIAL,760500,ARG-CPV R32,2026-07-03,47,64',64.0,"Substitution, Argentina. Nico González replaces Thiago Almada.",0,0,0,0,0,1,0
opta_760500_48,opta,espn_opta,OFFICIAL,760500,ARG-CPV R32,2026-07-03,48,67',67.0,Attempt missed. Enzo Fernández (Argentina) right footed shot from the left side of the box misses to the right. Assisted by Nico González.,0,0,0,0,0,0,0
opta_760500_49,opta,espn_opta,OFFICIAL,760500,ARG-CPV R32,2026-07-03,49,67',67.0,"Substitution, Cabo Verde. Jamiro Monteiro replaces Laros Duarte.",0,0,0,0,0,1,0
opta_760500_50,opta,espn_opta,OFFICIAL,760500,ARG-CPV R32,2026-07-03,50,67',67.0,"Substitution, Cabo Verde. Dailon Livramento replaces Nuno da Costa.",0,0,0,0,0,1,0
opta_760500_51,opta,espn_opta,OFFICIAL,760500,ARG-CPV R32,2026-07-03,51,68',68.0,Foul by Kevin Pina (Cabo Verde).,1,0,0,0,0,0,0
opta_760500_52,opta,espn_opta,OFFICIAL,760500,ARG-CPV R32,2026-07-03,52,68',68.0,Lionel Messi (Argentina) wins a free kick in the attacking half.,1,0,0,0,0,0,0
opta_760500_53,opta,espn_opta,OFFICIAL,760500,ARG-CPV R32,2026-07-03,53,68',68.0,Kevin Pina (Cabo Verde) is shown the yellow card for a bad foul.,1,1,0,0,0,0,1
opta_760500_54,opta,espn_opta,OFFICIAL,760500,ARG-CPV R32,2026-07-03,54,69',69.0,Attempt blocked. Lionel Messi (Argentina) left footed shot from outside the box is blocked.,0,0,0,0,0,0,0
opta_760500_55,opta,espn_opta,OFFICIAL,760500,ARG-CPV R32,2026-07-03,55,71',71.0,Foul by Deroy Duarte (Cabo Verde).,1,0,0,0,0,0,0
opta_760500_56,opta,espn_opta,OFFICIAL,760500,ARG-CPV R32,2026-07-03,56,71',71.0,Lionel Messi (Argentina) wins a free kick in the attacking half.,1,0,0,0,0,0,0
opta_760500_57,opta,espn_opta,OFFICIAL,760500,ARG-CPV R32,2026-07-03,57,73',73.0,Attempt saved. Lionel Messi (Argentina) left footed shot from outside the box is saved in the top centre of the goal by Vozinha (Cabo Verde).,0,0,1,0,0,0,0
opta_760500_58,opta,espn_opta,OFFICIAL,760500,ARG-CPV R32,2026-07-03,58,73',73.0,"Corner, Argentina. Conceded by Vozinha.",0,0,0,0,0,0,0
opta_760500_59,opta,espn_opta,OFFICIAL,760500,ARG-CPV R32,2026-07-03,59,73',73.0,Attempt missed. Nico González (Argentina) header from the centre of the box misses to the left. Assisted by Rodrigo De Paul with a cross following a corner.,0,0,0,0,0,0,0
opta_760500_60,opta,espn_opta,OFFICIAL,760500,ARG-CPV R32,2026-07-03,60,73',73.0,Delay in match for a drinks break.,0,0,0,0,0,0,0
opta_760500_61,opta,espn_opta,OFFICIAL,760500,ARG-CPV R32,2026-07-03,61,76',76.0,Delay over. They are ready to continue.,0,0,0,0,0,0,0
opta_760500_62,opta,espn_opta,OFFICIAL,760500,ARG-CPV R32,2026-07-03,62,77',77.0,Jamiro Monteiro (Cabo Verde) wins a free kick in the attacking half.,1,0,0,0,0,0,0
opta_760500_63,opta,espn_opta,OFFICIAL,760500,ARG-CPV R32,2026-07-03,63,77',77.0,Foul by Alexis Mac Allister (Argentina).,1,0,0,0,0,0,0
opta_760500_64,opta,espn_opta,OFFICIAL,760500,ARG-CPV R32,2026-07-03,64,78',78.0,Attempt missed. Kevin Pina (Cabo Verde) right footed shot from outside the box misses to the left from a direct free kick.,1,0,0,0,0,0,0
opta_760500_65,opta,espn_opta,OFFICIAL,760500,ARG-CPV R32,2026-07-03,65,78',78.0,Foul by Dailon Livramento (Cabo Verde).,1,0,0,0,0,0,0
opta_760500_66,opta,espn_opta,OFFICIAL,760500,ARG-CPV R32,2026-07-03,66,78',78.0,Cristian Romero (Argentina) wins a free kick in the defensive half.,1,0,0,0,0,0,0
opta_760500_67,opta,espn_opta,OFFICIAL,760500,ARG-CPV R32,2026-07-03,67,79',79.0,Foul by Kevin Pina (Cabo Verde).,1,0,0,0,0,0,0
opta_760500_68,opta,espn_opta,OFFICIAL,760500,ARG-CPV R32,2026-07-03,68,79',79.0,Enzo Fernández (Argentina) wins a free kick in the defensive half.,1,0,0,0,0,0,0
opta_760500_69,opta,espn_opta,OFFICIAL,760500,ARG-CPV R32,2026-07-03,69,80',80.0,"Substitution, Cabo Verde. Willy Semedo replaces Ryan Mendes.",0,0,0,0,0,1,0
opta_760500_70,opta,espn_opta,OFFICIAL,760500,ARG-CPV R32,2026-07-03,70,80',80.0,"Substitution, Cabo Verde. Hélio Varela replaces Jovane Cabral.",0,0,0,0,0,1,0
opta_760500_71,opta,espn_opta,OFFICIAL,760500,ARG-CPV R32,2026-07-03,71,81',81.0,"Corner, Argentina. Conceded by Pico Lopes.",0,0,0,0,0,0,0
opta_760500_72,opta,espn_opta,OFFICIAL,760500,ARG-CPV R32,2026-07-03,72,84',84.0,"Corner, Argentina. Conceded by Kevin Pina.",0,0,0,0,0,0,0
opta_760500_73,opta,espn_opta,OFFICIAL,760500,ARG-CPV R32,2026-07-03,73,84',84.0,"Substitution, Argentina. Leandro Paredes replaces Rodrigo De Paul.",0,0,0,0,0,1,0
opta_760500_74,opta,espn_opta,OFFICIAL,760500,ARG-CPV R32,2026-07-03,74,84',84.0,Attempt missed. Nico González (Argentina) header from the centre of the box misses to the right. Assisted by Lionel Messi with a cross following a corner.,0,0,0,0,0,0,0
opta_760500_75,opta,espn_opta,OFFICIAL,760500,ARG-CPV R32,2026-07-03,75,84',84.0,Handball by Enzo Fernández (Argentina).,0,0,0,0,0,0,0
opta_760500_76,opta,espn_opta,OFFICIAL,760500,ARG-CPV R32,2026-07-03,76,86',86.0,"Substitution, Argentina. Nicolás Tagliafico replaces Facundo Medina because of an injury.",0,0,0,0,0,1,0
opta_760500_77,opta,espn_opta,OFFICIAL,760500,ARG-CPV R32,2026-07-03,77,86',86.0,"Offside, Cabo Verde. Hélio Varela is caught offside.",0,0,0,0,0,0,0
opta_760500_78,opta,espn_opta,OFFICIAL,760500,ARG-CPV R32,2026-07-03,78,87',87.0,Attempt blocked. Alexis Mac Allister (Argentina) right footed shot from the right side of the box is blocked.,0,0,0,0,0,0,0
opta_760500_79,opta,espn_opta,OFFICIAL,760500,ARG-CPV R32,2026-07-03,79,87',87.0,"Corner, Argentina. Conceded by Deroy Duarte.",0,0,0,0,0,0,0
opta_760500_80,opta,espn_opta,OFFICIAL,760500,ARG-CPV R32,2026-07-03,80,89',89.0,Attempt blocked. Alexis Mac Allister (Argentina) header from the centre of the box is blocked. Assisted by Lionel Messi with a cross.,0,0,0,0,0,0,0
opta_760500_81,opta,espn_opta,OFFICIAL,760500,ARG-CPV R32,2026-07-03,81,90',90.0,Fourth official has announced 8 minutes of added time.,0,0,0,0,0,0,0
opta_760500_82,opta,espn_opta,OFFICIAL,760500,ARG-CPV R32,2026-07-03,82,90'+2',90.02,Attempt saved. Leandro Paredes (Argentina) right footed shot from outside the box is saved in the top centre of the goal by Vozinha (Cabo Verde). Assisted by Alexis Mac Allister.,0,0,1,0,0,0,0
opta_760500_83,opta,espn_opta,OFFICIAL,760500,ARG-CPV R32,2026-07-03,83,90'+4',90.04,Foul by Jamiro Monteiro (Cabo Verde).,1,0,0,0,0,0,0
opta_760500_84,opta,espn_opta,OFFICIAL,760500,ARG-CPV R32,2026-07-03,84,90'+4',90.04,Lionel Messi (Argentina) wins a free kick in the attacking half.,1,0,0,0,0,0,0
opta_760500_85,opta,espn_opta,OFFICIAL,760500,ARG-CPV R32,2026-07-03,85,90'+5',90.05,Attempt saved. Lionel Messi (Argentina) left footed shot from outside the box is saved in the centre of the goal by Vozinha (Cabo Verde).,0,0,1,0,0,0,0
opta_760500_86,opta,espn_opta,OFFICIAL,760500,ARG-CPV R32,2026-07-03,86,90'+5',90.05,Attempt saved. Enzo Fernández (Argentina) header from the centre of the box is saved in the centre of the goal by Vozinha (Cabo Verde).,0,0,1,0,0,0,0
opta_760500_87,opta,espn_opta,OFFICIAL,760500,ARG-CPV R32,2026-07-03,87,90'+5',90.05,Vozinha (Cabo Verde) wins a free kick in the defensive half.,1,0,0,0,0,0,0
opta_760500_88,opta,espn_opta,OFFICIAL,760500,ARG-CPV R32,2026-07-03,88,90'+5',90.05,Foul by Julián Alvarez (Argentina).,1,0,0,0,0,0,0
opta_760500_89,opta,espn_opta,OFFICIAL,760500,ARG-CPV R32,2026-07-03,89,90'+6',90.06,Steven Moreira (Cabo Verde) wins a free kick in the attacking half.,1,0,0,0,0,0,0
opta_760500_90,opta,espn_opta,OFFICIAL,760500,ARG-CPV R32,2026-07-03,90,90'+6',90.06,Foul by Nico González (Argentina).,1,0,0,0,0,0,0
opta_760500_91,opta,espn_opta,OFFICIAL,760500,ARG-CPV R32,2026-07-03,91,90'+8',90.08,Foul by Willy Semedo (Cabo Verde).,1,0,0,0,0,0,0
opta_760500_92,opta,espn_opta,OFFICIAL,760500,ARG-CPV R32,2026-07-03,92,90'+8',90.08,Nicolás Tagliafico (Argentina) wins a free kick in the defensive half.,1,0,0,0,0,0,0
opta_760500_93,opta,espn_opta,OFFICIAL,760500,ARG-CPV R32,2026-07-03,93,90'+9',90.09,"Second Half ends, Argentina 1, Cabo Verde 1.",0,0,0,0,0,0,0
opta_760500_94,opta,espn_opta,OFFICIAL,760500,ARG-CPV R32,2026-07-03,94,90',90.0,"First Half Extra Time begins Argentina 1, Cabo Verde 1.",0,0,0,0,0,0,0
opta_760500_95,opta,espn_opta,OFFICIAL,760500,ARG-CPV R32,2026-07-03,95,92',92.0,"Corner, Argentina. Conceded by Pico Lopes.",0,0,0,0,0,0,0
opta_760500_96,opta,espn_opta,OFFICIAL,760500,ARG-CPV R32,2026-07-03,96,92',92.0,"Goal! Argentina 2, Cabo Verde 1. Lisandro Martínez (Argentina) left footed shot from the right side of the box to the top right corner. Assisted by Alexis Mac Allister with a headed pass following a corner.",0,0,1,0,0,0,0
opta_760500_97,opta,espn_opta,OFFICIAL,760500,ARG-CPV R32,2026-07-03,97,96',96.0,"Corner, Cabo Verde. Conceded by Alexis Mac Allister.",0,0,0,0,0,0,0
opta_760500_98,opta,espn_opta,OFFICIAL,760500,ARG-CPV R32,2026-07-03,98,96',96.0,"Corner, Cabo Verde. Conceded by Nico González.",0,0,0,0,0,0,0
opta_760500_99,opta,espn_opta,OFFICIAL,760500,ARG-CPV R32,2026-07-03,99,97',97.0,Attempt missed. Diney Borges (Cabo Verde) header from the centre of the box misses to the left. Assisted by Sidny Cabral with a cross following a corner.,0,0,0,0,0,0,0
opta_760500_100,opta,espn_opta,OFFICIAL,760500,ARG-CPV R32,2026-07-03,100,97',97.0,"Corner, Cabo Verde. Conceded by Lisandro Martínez.",0,0,0,0,0,0,0
opta_760500_101,opta,espn_opta,OFFICIAL,760500,ARG-CPV R32,2026-07-03,101,97',97.0,Attempt blocked. Steven Moreira (Cabo Verde) right footed shot from outside the box is blocked. Assisted by Hélio Varela.,0,0,0,0,0,0,0
opta_760500_102,opta,espn_opta,OFFICIAL,760500,ARG-CPV R32,2026-07-03,102,98',98.0,Attempt blocked. Lionel Messi (Argentina) left footed shot from the centre of the box is blocked. Assisted by Julián Alvarez.,0,0,0,0,0,0,0
opta_760500_103,opta,espn_opta,OFFICIAL,760500,ARG-CPV R32,2026-07-03,103,98',98.0,Attempt blocked. Julián Alvarez (Argentina) right footed shot from the centre of the box is blocked.,0,0,0,0,0,0,0
opta_760500_104,opta,espn_opta,OFFICIAL,760500,ARG-CPV R32,2026-07-03,104,98',98.0,"Corner, Argentina. Conceded by Sidny Cabral.",0,0,0,0,0,0,0
opta_760500_105,opta,espn_opta,OFFICIAL,760500,ARG-CPV R32,2026-07-03,105,99',99.0,Attempt blocked. Enzo Fernández (Argentina) right footed shot from outside the box is blocked.,0,0,0,0,0,0,0
opta_760500_106,opta,espn_opta,OFFICIAL,760500,ARG-CPV R32,2026-07-03,106,100',100.0,"Substitution, Cabo Verde. Yannick Semedo replaces Deroy Duarte.",0,0,0,0,0,1,0
opta_760500_107,opta,espn_opta,OFFICIAL,760500,ARG-CPV R32,2026-07-03,107,100',100.0,"Substitution, Cabo Verde. Gilson Benchimol replaces Kevin Pina.",0,0,0,0,0,1,0
opta_760500_108,opta,espn_opta,OFFICIAL,760500,ARG-CPV R32,2026-07-03,108,103',103.0,"Goal! Argentina 2, Cabo Verde 2. Sidny Cabral (Cabo Verde) right footed shot from the left side of the box to the top right corner. Assisted by Yannick Semedo.",0,0,1,0,0,0,0
opta_760500_109,opta,espn_opta,OFFICIAL,760500,ARG-CPV R32,2026-07-03,109,104',104.0,"Substitution, Argentina. Gonzalo Montiel replaces Nahuel Molina.",0,0,0,0,0,1,0
opta_760500_110,opta,espn_opta,OFFICIAL,760500,ARG-CPV R32,2026-07-03,110,105',105.0,Fourth official has announced 3 minutes of added time.,0,0,0,0,0,0,0
opta_760500_111,opta,espn_opta,OFFICIAL,760500,ARG-CPV R32,2026-07-03,111,105'+1',105.01,Attempt saved. Lionel Messi (Argentina) left footed shot from the centre of the box is saved in the centre of the goal by Vozinha (Cabo Verde).,0,0,1,0,0,0,0
opta_760500_112,opta,espn_opta,OFFICIAL,760500,ARG-CPV R32,2026-07-03,112,105'+1',105.01,Attempt blocked. Gonzalo Montiel (Argentina) right footed shot from the centre of the box is blocked.,0,0,0,0,0,0,0
opta_760500_113,opta,espn_opta,OFFICIAL,760500,ARG-CPV R32,2026-07-03,113,105'+4',105.04,"First Half Extra Time ends, Argentina 2, Cabo Verde 2.",0,0,0,0,0,0,0
opta_760500_114,opta,espn_opta,OFFICIAL,760500,ARG-CPV R32,2026-07-03,114,105',105.0,"Second Half Extra Time begins Argentina 2, Cabo Verde 2.",0,0,0,0,0,0,0
opta_760500_115,opta,espn_opta,OFFICIAL,760500,ARG-CPV R32,2026-07-03,115,107',107.0,Foul by Jamiro Monteiro (Cabo Verde).,1,0,0,0,0,0,0
opta_760500_116,opta,espn_opta,OFFICIAL,760500,ARG-CPV R32,2026-07-03,116,107',107.0,Alexis Mac Allister (Argentina) wins a free kick in the attacking half.,1,0,0,0,0,0,0
opta_760500_117,opta,espn_opta,OFFICIAL,760500,ARG-CPV R32,2026-07-03,117,108',108.0,Attempt missed. Yannick Semedo (Cabo Verde) right footed shot from outside the box misses to the left. Assisted by Gilson Benchimol.,0,0,0,0,0,0,0
opta_760500_118,opta,espn_opta,OFFICIAL,760500,ARG-CPV R32,2026-07-03,118,109',109.0,"Offside, Argentina. Nicolás Tagliafico is caught offside.",0,0,0,0,0,0,0
opta_760500_119,opta,espn_opta,OFFICIAL,760500,ARG-CPV R32,2026-07-03,119,110',110.0,Foul by Willy Semedo (Cabo Verde).,1,0,0,0,0,0,0
opta_760500_120,opta,espn_opta,OFFICIAL,760500,ARG-CPV R32,2026-07-03,120,110',110.0,Nicolás Tagliafico (Argentina) wins a free kick in the defensive half.,1,0,0,0,0,0,0
opta_760500_121,opta,espn_opta,OFFICIAL,760500,ARG-CPV R32,2026-07-03,121,111',111.0,"Corner, Argentina. Conceded by Diney Borges.",0,0,0,0,0,0,0
opta_760500_122,opta,espn_opta,OFFICIAL,760500,ARG-CPV R32,2026-07-03,122,111',111.0,Attempt missed. Cristian Romero (Argentina) header from the left side of the six yard box misses to the right. Assisted by Lionel Messi with a cross following a corner.,0,0,0,0,0,0,0
opta_760500_123,opta,espn_opta,OFFICIAL,760500,ARG-CPV R32,2026-07-03,123,111',111.0,"Own Goal by Diney Borges, Cabo Verde. Argentina 3, Cabo Verde 2.",0,0,1,0,0,0,0
opta_760500_124,opta,espn_opta,OFFICIAL,760500,ARG-CPV R32,2026-07-03,124,114',114.0,Attempt blocked. Willy Semedo (Cabo Verde) left footed shot from the left side of the box is blocked. Assisted by Jamiro Monteiro.,0,0,0,0,0,0,0
opta_760500_125,opta,espn_opta,OFFICIAL,760500,ARG-CPV R32,2026-07-03,125,115',115.0,Hélio Varela (Cabo Verde) wins a free kick on the left wing.,1,0,0,0,0,0,0
opta_760500_126,opta,espn_opta,OFFICIAL,760500,ARG-CPV R32,2026-07-03,126,115',115.0,Foul by Gonzalo Montiel (Argentina).,1,0,0,0,0,0,0
opta_760500_127,opta,espn_opta,OFFICIAL,760500,ARG-CPV R32,2026-07-03,127,115',115.0,Gonzalo Montiel (Argentina) is shown the yellow card for a bad foul.,1,1,0,0,0,0,1
opta_760500_128,opta,espn_opta,OFFICIAL,760500,ARG-CPV R32,2026-07-03,128,116',116.0,Attempt saved. Sidny Cabral (Cabo Verde) right footed shot from a difficult angle and long range on the left is saved in the top right corner by Emiliano Martínez (Argentina).,0,0,0,0,0,0,0
opta_760500_129,opta,espn_opta,OFFICIAL,760500,ARG-CPV R32,2026-07-03,129,116',116.0,"Corner, Cabo Verde. Conceded by Emiliano Martínez.",0,0,0,0,0,0,0
opta_760500_130,opta,espn_opta,OFFICIAL,760500,ARG-CPV R32,2026-07-03,130,119',119.0,Attempt saved. Diney Borges (Cabo Verde) header from the centre of the box is saved in the bottom left corner by Emiliano Martínez (Argentina). Assisted by Steven Moreira with a cross.,0,0,0,0,0,0,0
opta_760500_131,opta,espn_opta,OFFICIAL,760500,ARG-CPV R32,2026-07-03,131,119',119.0,"Corner, Cabo Verde. Conceded by Emiliano Martínez.",0,0,0,0,0,0,0
opta_760500_132,opta,espn_opta,OFFICIAL,760500,ARG-CPV R32,2026-07-03,132,119',119.0,"Offside, Cabo Verde. Dailon Livramento is caught offside.",0,0,0,0,0,0,0
opta_760500_133,opta,espn_opta,OFFICIAL,760500,ARG-CPV R32,2026-07-03,133,120'+1',120.01,Attempt blocked. Hélio Varela (Cabo Verde) right footed shot from outside the box is blocked. Assisted by Yannick Semedo.,0,0,0,0,0,0,0
opta_760500_134,opta,espn_opta,OFFICIAL,760500,ARG-CPV R32,2026-07-03,134,120'+1',120.01,"Corner, Cabo Verde. Conceded by Lisandro Martínez.",0,0,0,0,0,0,0
opta_760500_135,opta,espn_opta,OFFICIAL,760500,ARG-CPV R32,2026-07-03,135,120'+1',120.01,Fourth official has announced 3 minutes of added time.,0,0,0,0,0,0,0
opta_760500_136,opta,espn_opta,OFFICIAL,760500,ARG-CPV R32,2026-07-03,136,120'+2',120.02,Attempt blocked. Jamiro Monteiro (Cabo Verde) right footed shot from outside the box is blocked. Assisted by Yannick Semedo with a cross.,0,0,0,0,0,0,0
opta_760500_137,opta,espn_opta,OFFICIAL,760500,ARG-CPV R32,2026-07-03,137,120'+2',120.02,Attempt missed. Hélio Varela (Cabo Verde) right footed shot from outside the box misses to the left.,0,0,0,0,0,0,0
opta_760500_138,opta,espn_opta,OFFICIAL,760500,ARG-CPV R32,2026-07-03,138,120'+4',120.04,"Second Half Extra Time ends, Argentina 3, Cabo Verde 2.",0,0,0,0,0,0,0
opta_760500_139,opta,espn_opta,OFFICIAL,760500,ARG-CPV R32,2026-07-03,139,,,"| Match ends, Argentina 3, Cabo Verde 2.",0,0,0,0,0,0,0
opta_760509_0,opta,espn_opta,OFFICIAL,760509,ARG-EGY R16,2026-07-07,0,,,| Lineups are announced and players are warming up.,0,0,0,0,0,0,0
opta_760509_1,opta,espn_opta,OFFICIAL,760509,ARG-EGY R16,2026-07-07,1,,,| First Half begins.,0,0,0,0,0,0,0
opta_760509_2,opta,espn_opta,OFFICIAL,760509,ARG-EGY R16,2026-07-07,2,5',5.0,Mohamed Salah (Egypt) wins a free kick in the defensive half.,1,0,0,0,0,0,0
opta_760509_3,opta,espn_opta,OFFICIAL,760509,ARG-EGY R16,2026-07-07,3,5',5.0,Foul by Enzo Fernández (Argentina).,1,0,0,0,0,0,0
opta_760509_4,opta,espn_opta,OFFICIAL,760509,ARG-EGY R16,2026-07-07,4,7',7.0,Foul by Nicolás Tagliafico (Argentina).,1,0,0,0,0,0,0
opta_760509_5,opta,espn_opta,OFFICIAL,760509,ARG-EGY R16,2026-07-07,5,7',7.0,Haissem Hassan (Egypt) wins a free kick on the right wing.,1,0,0,0,0,0,0
opta_760509_6,opta,espn_opta,OFFICIAL,760509,ARG-EGY R16,2026-07-07,6,9',9.0,"Offside, Argentina. Rodrigo De Paul is caught offside.",0,0,0,0,0,0,0
opta_760509_7,opta,espn_opta,OFFICIAL,760509,ARG-EGY R16,2026-07-07,7,11',11.0,Karim Hafez (Egypt) wins a free kick in the defensive half.,1,0,0,0,0,0,0
opta_760509_8,opta,espn_opta,OFFICIAL,760509,ARG-EGY R16,2026-07-07,8,11',11.0,Foul by Enzo Fernández (Argentina).,1,0,0,0,0,0,0
opta_760509_9,opta,espn_opta,OFFICIAL,760509,ARG-EGY R16,2026-07-07,9,13',13.0,Emam Ashour (Egypt) wins a free kick in the attacking half.,1,0,0,0,0,0,0
opta_760509_10,opta,espn_opta,OFFICIAL,760509,ARG-EGY R16,2026-07-07,10,13',13.0,Foul by Rodrigo De Paul (Argentina).,1,0,0,0,0,0,0
opta_760509_11,opta,espn_opta,OFFICIAL,760509,ARG-EGY R16,2026-07-07,11,14',14.0,"Corner, Egypt. Conceded by Lisandro Martínez.",0,0,0,0,0,0,0
opta_760509_12,opta,espn_opta,OFFICIAL,760509,ARG-EGY R16,2026-07-07,12,15',15.0,"Goal! Argentina 0, Egypt 1. Yasser Ibrahim (Egypt) header from the centre of the box to the bottom right corner. Assisted by Marwan Attia with a cross following a corner.",0,0,1,0,0,0,0
opta_760509_13,opta,espn_opta,OFFICIAL,760509,ARG-EGY R16,2026-07-07,13,18',18.0,Foul by Yasser Ibrahim (Egypt).,1,0,0,0,0,0,0
opta_760509_14,opta,espn_opta,OFFICIAL,760509,ARG-EGY R16,2026-07-07,14,18',18.0,Julián Alvarez (Argentina) wins a free kick in the defensive half.,1,0,0,0,0,0,0
opta_760509_15,opta,espn_opta,OFFICIAL,760509,ARG-EGY R16,2026-07-07,15,19',19.0,Penalty conceded by Haissem Hassan (Egypt) after a foul in the penalty area.,1,0,0,0,1,0,0
opta_760509_16,opta,espn_opta,OFFICIAL,760509,ARG-EGY R16,2026-07-07,16,19',19.0,Penalty Argentina. Nicolás Tagliafico draws a foul in the penalty area.,1,0,0,0,1,0,0
opta_760509_17,opta,espn_opta,OFFICIAL,760509,ARG-EGY R16,2026-07-07,17,21',21.0,Penalty saved. Lionel Messi (Argentina) left footed shot saved in the bottom right corner by Mostafa Shobeir (Egypt).,0,0,0,0,1,0,0
opta_760509_18,opta,espn_opta,OFFICIAL,760509,ARG-EGY R16,2026-07-07,18,21',21.0,Emam Ashour (Egypt) wins a free kick in the defensive half.,1,0,0,0,0,0,0
opta_760509_19,opta,espn_opta,OFFICIAL,760509,ARG-EGY R16,2026-07-07,19,21',21.0,Foul by Cristian Romero (Argentina).,1,0,0,0,0,0,0
opta_760509_20,opta,espn_opta,OFFICIAL,760509,ARG-EGY R16,2026-07-07,20,23',23.0,Mohamed Salah (Egypt) wins a free kick in the defensive half.,1,0,0,0,0,0,0
opta_760509_21,opta,espn_opta,OFFICIAL,760509,ARG-EGY R16,2026-07-07,21,23',23.0,Foul by Lisandro Martínez (Argentina).,1,0,0,0,0,0,0
opta_760509_22,opta,espn_opta,OFFICIAL,760509,ARG-EGY R16,2026-07-07,22,23',23.0,Delay in match for a drinks break.,0,0,0,0,0,0,0
opta_760509_23,opta,espn_opta,OFFICIAL,760509,ARG-EGY R16,2026-07-07,23,26',26.0,Delay over. They are ready to continue.,0,0,0,0,0,0,0
opta_760509_24,opta,espn_opta,OFFICIAL,760509,ARG-EGY R16,2026-07-07,24,28',28.0,Attempt saved. Alexis Mac Allister (Argentina) header from the centre of the box is saved in the bottom left corner by Mostafa Shobeir (Egypt). Assisted by Rodrigo De Paul with a cross.,0,0,0,0,0,0,0
opta_760509_25,opta,espn_opta,OFFICIAL,760509,ARG-EGY R16,2026-07-07,25,29',29.0,Attempt blocked. Enzo Fernández (Argentina) left footed shot from outside the box is blocked. Assisted by Lionel Messi.,0,0,0,0,0,0,0
opta_760509_26,opta,espn_opta,OFFICIAL,760509,ARG-EGY R16,2026-07-07,26,30',30.0,Foul by Marwan Attia (Egypt).,1,0,0,0,0,0,0
opta_760509_27,opta,espn_opta,OFFICIAL,760509,ARG-EGY R16,2026-07-07,27,30',30.0,Alexis Mac Allister (Argentina) wins a free kick in the attacking half.,1,0,0,0,0,0,0
opta_760509_28,opta,espn_opta,OFFICIAL,760509,ARG-EGY R16,2026-07-07,28,31',31.0,Lionel Messi (Argentina) hits the left post with a left footed shot from outside the box from a direct free kick.,1,0,0,0,0,0,0
opta_760509_29,opta,espn_opta,OFFICIAL,760509,ARG-EGY R16,2026-07-07,29,32',32.0,VAR Decision: Other Decision Cancelled.,0,0,0,1,0,0,0
opta_760509_30,opta,espn_opta,OFFICIAL,760509,ARG-EGY R16,2026-07-07,30,33',33.0,Foul by Mohanad Lasheen (Egypt).,1,0,0,0,0,0,0
opta_760509_31,opta,espn_opta,OFFICIAL,760509,ARG-EGY R16,2026-07-07,31,33',33.0,Julián Alvarez (Argentina) wins a free kick in the defensive half.,1,0,0,0,0,0,0
opta_760509_32,opta,espn_opta,OFFICIAL,760509,ARG-EGY R16,2026-07-07,32,35',35.0,Attempt missed. Karim Hafez (Egypt) right footed shot from outside the box is high and wide to the right.,0,0,0,0,0,0,0
opta_760509_33,opta,espn_opta,OFFICIAL,760509,ARG-EGY R16,2026-07-07,33,38',38.0,Attempt missed. Lionel Messi (Argentina) left footed shot from outside the box is high and wide to the left. Assisted by Nahuel Molina.,0,0,0,0,0,0,0
opta_760509_34,opta,espn_opta,OFFICIAL,760509,ARG-EGY R16,2026-07-07,34,39',39.0,Attempt saved. Julián Alvarez (Argentina) left footed shot from the centre of the box is saved in the centre of the goal by Mostafa Shobeir (Egypt). Assisted by Nicolás Tagliafico.,0,0,1,0,0,0,0
opta_760509_35,opta,espn_opta,OFFICIAL,760509,ARG-EGY R16,2026-07-07,35,39',39.0,"Corner, Argentina. Conceded by Mostafa Shobeir.",0,0,0,0,0,0,0
opta_760509_36,opta,espn_opta,OFFICIAL,760509,ARG-EGY R16,2026-07-07,36,39',39.0,Delay in match because of an injury Mostafa Shobeir (Egypt).,0,0,0,0,0,0,0
opta_760509_37,opta,espn_opta,OFFICIAL,760509,ARG-EGY R16,2026-07-07,37,41',41.0,Delay over. They are ready to continue.,0,0,0,0,0,0,0
opta_760509_38,opta,espn_opta,OFFICIAL,760509,ARG-EGY R16,2026-07-07,38,43',43.0,Attempt missed. Julián Alvarez (Argentina) right footed shot from outside the box is high and wide to the right. Assisted by Lionel Messi.,0,0,0,0,0,0,0
opta_760509_39,opta,espn_opta,OFFICIAL,760509,ARG-EGY R16,2026-07-07,39,44',44.0,Foul by Marwan Attia (Egypt).,1,0,0,0,0,0,0
opta_760509_40,opta,espn_opta,OFFICIAL,760509,ARG-EGY R16,2026-07-07,40,44',44.0,Lionel Messi (Argentina) wins a free kick in the attacking half.,1,0,0,0,0,0,0
opta_760509_41,opta,espn_opta,OFFICIAL,760509,ARG-EGY R16,2026-07-07,41,45',45.0,Mohamed Salah (Egypt) wins a free kick in the attacking half.,1,0,0,0,0,0,0
opta_760509_42,opta,espn_opta,OFFICIAL,760509,ARG-EGY R16,2026-07-07,42,45',45.0,Foul by Julián Alvarez (Argentina).,1,0,0,0,0,0,0
opta_760509_43,opta,espn_opta,OFFICIAL,760509,ARG-EGY R16,2026-07-07,43,45',45.0,Fourth official has announced 5 minutes of added time.,0,0,0,0,0,0,0
opta_760509_44,opta,espn_opta,OFFICIAL,760509,ARG-EGY R16,2026-07-07,44,45'+2',45.02,Ramy Rabia (Egypt) wins a free kick in the defensive half.,1,0,0,0,0,0,0
opta_760509_45,opta,espn_opta,OFFICIAL,760509,ARG-EGY R16,2026-07-07,45,45'+2',45.02,Foul by Julián Alvarez (Argentina).,1,0,0,0,0,0,0
opta_760509_46,opta,espn_opta,OFFICIAL,760509,ARG-EGY R16,2026-07-07,46,45'+3',45.03,Delay in match because of an injury Ramy Rabia (Egypt).,0,0,0,0,0,0,0
opta_760509_47,opta,espn_opta,OFFICIAL,760509,ARG-EGY R16,2026-07-07,47,45'+4',45.04,Delay over. They are ready to continue.,0,0,0,0,0,0,0
opta_760509_48,opta,espn_opta,OFFICIAL,760509,ARG-EGY R16,2026-07-07,48,45'+5',45.05,"Offside, Argentina. Enzo Fernández is caught offside.",0,0,0,0,0,0,0
opta_760509_49,opta,espn_opta,OFFICIAL,760509,ARG-EGY R16,2026-07-07,49,45'+7',45.07,"First Half ends, Argentina 0, Egypt 1.",0,0,0,0,0,0,0
opta_760509_50,opta,espn_opta,OFFICIAL,760509,ARG-EGY R16,2026-07-07,50,45',45.0,"Substitution, Egypt. Hamdi Fathy replaces Emam Ashour because of an injury.",0,0,0,0,0,1,0
opta_760509_51,opta,espn_opta,OFFICIAL,760509,ARG-EGY R16,2026-07-07,51,45',45.0,"Second Half begins Argentina 0, Egypt 1.",0,0,0,0,0,0,0
opta_760509_52,opta,espn_opta,OFFICIAL,760509,ARG-EGY R16,2026-07-07,52,46',46.0,Mohamed Salah (Egypt) wins a free kick in the defensive half.,1,0,0,0,0,0,0
opta_760509_53,opta,espn_opta,OFFICIAL,760509,ARG-EGY R16,2026-07-07,53,46',46.0,Foul by Lisandro Martínez (Argentina).,1,0,0,0,0,0,0
opta_760509_54,opta,espn_opta,OFFICIAL,760509,ARG-EGY R16,2026-07-07,54,47',47.0,Attempt saved. Rodrigo De Paul (Argentina) right footed shot from outside the box is saved in the centre of the goal by Mostafa Shobeir (Egypt). Assisted by Lionel Messi.,0,0,1,0,0,0,0
opta_760509_55,opta,espn_opta,OFFICIAL,760509,ARG-EGY R16,2026-07-07,55,48',48.0,Mostafa Shobeir (Egypt) wins a free kick in the defensive half.,1,0,0,0,0,0,0
opta_760509_56,opta,espn_opta,OFFICIAL,760509,ARG-EGY R16,2026-07-07,56,48',48.0,Foul by Julián Alvarez (Argentina).,1,0,0,0,0,0,0
opta_760509_57,opta,espn_opta,OFFICIAL,760509,ARG-EGY R16,2026-07-07,57,48',48.0,Haissem Hassan (Egypt) wins a free kick in the defensive half.,1,0,0,0,0,0,0
opta_760509_58,opta,espn_opta,OFFICIAL,760509,ARG-EGY R16,2026-07-07,58,48',48.0,Foul by Nicolás Tagliafico (Argentina).,1,0,0,0,0,0,0
opta_760509_59,opta,espn_opta,OFFICIAL,760509,ARG-EGY R16,2026-07-07,59,52',52.0,Foul by Mohamed Salah (Egypt).,1,0,0,0,0,0,0
opta_760509_60,opta,espn_opta,OFFICIAL,760509,ARG-EGY R16,2026-07-07,60,52',52.0,Leandro Paredes (Argentina) wins a free kick in the attacking half.,1,0,0,0,0,0,0
opta_760509_61,opta,espn_opta,OFFICIAL,760509,ARG-EGY R16,2026-07-07,61,53',53.0,Attempt missed. Leandro Paredes (Argentina) right footed shot from outside the box is too high. Assisted by Rodrigo De Paul following a set piece situation.,0,0,0,0,0,0,0
opta_760509_62,opta,espn_opta,OFFICIAL,760509,ARG-EGY R16,2026-07-07,62,54',54.0,Delay in match (Argentina).,0,0,0,0,0,0,0
opta_760509_63,opta,espn_opta,OFFICIAL,760509,ARG-EGY R16,2026-07-07,63,54',54.0,Delay over. They are ready to continue.,0,0,0,0,0,0,0
opta_760509_64,opta,espn_opta,OFFICIAL,760509,ARG-EGY R16,2026-07-07,64,55',55.0,Foul by Hamdi Fathy (Egypt).,1,0,0,0,0,0,0
opta_760509_65,opta,espn_opta,OFFICIAL,760509,ARG-EGY R16,2026-07-07,65,55',55.0,Lionel Messi (Argentina) wins a free kick in the attacking half.,1,0,0,0,0,0,0
opta_760509_66,opta,espn_opta,OFFICIAL,760509,ARG-EGY R16,2026-07-07,66,58',58.0,Attempt blocked. Leandro Paredes (Argentina) right footed shot from outside the box is blocked. Assisted by Nahuel Molina.,0,0,0,0,0,0,0
opta_760509_67,opta,espn_opta,OFFICIAL,760509,ARG-EGY R16,2026-07-07,67,58',58.0,Foul by Marwan Attia (Egypt).,1,0,0,0,0,0,0
opta_760509_68,opta,espn_opta,OFFICIAL,760509,ARG-EGY R16,2026-07-07,68,58',58.0,Lisandro Martínez (Argentina) wins a free kick on the left wing.,1,0,0,0,0,0,0
opta_760509_69,opta,espn_opta,OFFICIAL,760509,ARG-EGY R16,2026-07-07,69,58',58.0,GOAL OVERTURNED BY VAR: Mostafa Zico (Egypt) scores but the goal is ruled out after a VAR review.,0,0,1,1,0,0,0
opta_760509_70,opta,espn_opta,OFFICIAL,760509,ARG-EGY R16,2026-07-07,70,59',59.0,VAR Decision: No Goal Argentina 0-1 Egypt.,0,0,1,1,0,0,0
opta_760509_71,opta,espn_opta,OFFICIAL,760509,ARG-EGY R16,2026-07-07,71,61',61.0,"Attempt missed. Alexis Mac Allister (Argentina) header from the left side of the six yard box is close, but misses to the right. Assisted by Lionel Messi with a cross following a set piece situation.",0,0,0,0,0,0,0
opta_760509_72,opta,espn_opta,OFFICIAL,760509,ARG-EGY R16,2026-07-07,72,61',61.0,"Corner, Argentina. Conceded by Hamdi Fathy.",0,0,0,0,0,0,0
opta_760509_73,opta,espn_opta,OFFICIAL,760509,ARG-EGY R16,2026-07-07,73,64',64.0,Foul by Mohamed Salah (Egypt).,1,0,0,0,0,0,0
opta_760509_74,opta,espn_opta,OFFICIAL,760509,ARG-EGY R16,2026-07-07,74,64',64.0,Lisandro Martínez (Argentina) wins a free kick on the left wing.,1,0,0,0,0,0,0
opta_760509_75,opta,espn_opta,OFFICIAL,760509,ARG-EGY R16,2026-07-07,75,66',66.0,"Corner, Argentina. Conceded by Mostafa Zico.",0,0,0,0,0,0,0
opta_760509_76,opta,espn_opta,OFFICIAL,760509,ARG-EGY R16,2026-07-07,76,66',66.0,"Substitution, Argentina. Nico González replaces Nicolás Tagliafico.",0,0,0,0,0,1,0
opta_760509_77,opta,espn_opta,OFFICIAL,760509,ARG-EGY R16,2026-07-07,77,66',66.0,"Substitution, Argentina. Lautaro Martínez replaces Rodrigo De Paul.",0,0,0,0,0,1,0
opta_760509_78,opta,espn_opta,OFFICIAL,760509,ARG-EGY R16,2026-07-07,78,67',67.0,"Corner, Argentina. Conceded by Mostafa Zico.",0,0,0,0,0,0,0
opta_760509_79,opta,espn_opta,OFFICIAL,760509,ARG-EGY R16,2026-07-07,79,67',67.0,"Goal! Argentina 0, Egypt 2. Mostafa Zico (Egypt) right footed shot from the centre of the box to the centre of the goal. Assisted by Haissem Hassan following a fast break.",0,0,1,0,0,0,0
opta_760509_80,opta,espn_opta,OFFICIAL,760509,ARG-EGY R16,2026-07-07,80,70',70.0,Attempt missed. Lisandro Martínez (Argentina) left footed shot from outside the box misses to the right.,0,0,0,0,0,0,0
opta_760509_81,opta,espn_opta,OFFICIAL,760509,ARG-EGY R16,2026-07-07,81,71',71.0,Delay in match for a drinks break.,0,0,0,0,0,0,0
opta_760509_82,opta,espn_opta,OFFICIAL,760509,ARG-EGY R16,2026-07-07,82,73',73.0,Delay over. They are ready to continue.,0,0,0,0,0,0,0
opta_760509_83,opta,espn_opta,OFFICIAL,760509,ARG-EGY R16,2026-07-07,83,73',73.0,"Substitution, Argentina. Gonzalo Montiel replaces Nahuel Molina.",0,0,0,0,0,1,0
opta_760509_84,opta,espn_opta,OFFICIAL,760509,ARG-EGY R16,2026-07-07,84,73',73.0,"Substitution, Egypt. Trezeguet replaces Haissem Hassan because of an injury.",0,0,0,0,0,1,0
opta_760509_85,opta,espn_opta,OFFICIAL,760509,ARG-EGY R16,2026-07-07,85,74',74.0,Attempt blocked. Lautaro Martínez (Argentina) left footed shot from the centre of the box is blocked. Assisted by Nico González with a cross.,0,0,0,0,0,0,0
opta_760509_86,opta,espn_opta,OFFICIAL,760509,ARG-EGY R16,2026-07-07,86,75',75.0,Attempt missed. Lautaro Martínez (Argentina) right footed shot from the centre of the box misses to the right. Assisted by Nico González with a cross.,0,0,0,0,0,0,0
opta_760509_87,opta,espn_opta,OFFICIAL,760509,ARG-EGY R16,2026-07-07,87,76',76.0,"Offside, Argentina. Julián Alvarez is caught offside.",0,0,0,0,0,0,0
opta_760509_88,opta,espn_opta,OFFICIAL,760509,ARG-EGY R16,2026-07-07,88,77',77.0,"Attempt missed. Trezeguet (Egypt) right footed shot from a difficult angle on the left is close, but misses to the left. Assisted by Mostafa Zico.",0,0,0,0,0,0,0
opta_760509_89,opta,espn_opta,OFFICIAL,760509,ARG-EGY R16,2026-07-07,89,78',78.0,Attempt blocked. Lionel Messi (Argentina) right footed shot from the centre of the box is blocked. Assisted by Alexis Mac Allister.,0,0,0,0,0,0,0
opta_760509_90,opta,espn_opta,OFFICIAL,760509,ARG-EGY R16,2026-07-07,90,78',78.0,"Corner, Argentina. Conceded by Trezeguet.",0,0,0,0,0,0,0
opta_760509_91,opta,espn_opta,OFFICIAL,760509,ARG-EGY R16,2026-07-07,91,79',79.0,"Goal! Argentina 1, Egypt 2. Cristian Romero (Argentina) header from the centre of the box to the top right corner. Assisted by Lionel Messi with a cross.",0,0,1,0,0,0,0
opta_760509_92,opta,espn_opta,OFFICIAL,760509,ARG-EGY R16,2026-07-07,92,80',80.0,"Substitution, Egypt. Omar Marmoush replaces Mostafa Zico.",0,0,0,0,0,1,0
opta_760509_93,opta,espn_opta,OFFICIAL,760509,ARG-EGY R16,2026-07-07,93,82',82.0,"Corner, Argentina. Conceded by Mohamed Salah.",0,0,0,0,0,0,0
opta_760509_94,opta,espn_opta,OFFICIAL,760509,ARG-EGY R16,2026-07-07,94,82',82.0,"Attempt missed. Lautaro Martínez (Argentina) header from the right side of the six yard box is close, but misses to the right. Assisted by Lionel Messi.",0,0,0,0,0,0,0
opta_760509_95,opta,espn_opta,OFFICIAL,760509,ARG-EGY R16,2026-07-07,95,83',83.0,"Goal! Argentina 2, Egypt 2. Lionel Messi (Argentina) left footed shot from the centre of the box to the high centre of the goal. Assisted by Gonzalo Montiel.",0,0,1,0,0,0,0
opta_760509_96,opta,espn_opta,OFFICIAL,760509,ARG-EGY R16,2026-07-07,96,87',87.0,Omar Marmoush (Egypt) wins a free kick in the defensive half.,1,0,0,0,0,0,0
opta_760509_97,opta,espn_opta,OFFICIAL,760509,ARG-EGY R16,2026-07-07,97,87',87.0,Foul by Nico González (Argentina).,1,0,0,0,0,0,0
opta_760509_98,opta,espn_opta,OFFICIAL,760509,ARG-EGY R16,2026-07-07,98,89',89.0,Foul by Karim Hafez (Egypt).,1,0,0,0,0,0,0
opta_760509_99,opta,espn_opta,OFFICIAL,760509,ARG-EGY R16,2026-07-07,99,89',89.0,Lautaro Martínez (Argentina) wins a free kick on the right wing.,1,0,0,0,0,0,0
opta_760509_100,opta,espn_opta,OFFICIAL,760509,ARG-EGY R16,2026-07-07,100,90',90.0,Fourth official has announced 7 minutes of added time.,0,0,0,0,0,0,0
opta_760509_101,opta,espn_opta,OFFICIAL,760509,ARG-EGY R16,2026-07-07,101,90'+2',90.02,Attempt missed. Trezeguet (Egypt) header from the centre of the box misses to the right. Assisted by Mohamed Hany with a cross.,0,0,0,0,0,0,0
opta_760509_102,opta,espn_opta,OFFICIAL,760509,ARG-EGY R16,2026-07-07,102,90'+2',90.02,"Goal! Argentina 3, Egypt 2. Enzo Fernández (Argentina) header from the centre of the box to the bottom right corner. Assisted by Lautaro Martínez with a cross following a fast break.",0,0,1,0,0,0,0
opta_760509_103,opta,espn_opta,OFFICIAL,760509,ARG-EGY R16,2026-07-07,103,90'+3',90.03,Mostafa Shobeir (Egypt) is shown the yellow card.,0,1,0,0,0,0,0
opta_760509_104,opta,espn_opta,OFFICIAL,760509,ARG-EGY R16,2026-07-07,104,90'+4',90.04,Hamdi Fathy (Egypt) is shown the yellow card.,0,1,0,0,0,0,0
opta_760509_105,opta,espn_opta,OFFICIAL,760509,ARG-EGY R16,2026-07-07,105,90'+5',90.05,"Substitution, Argentina. Facundo Medina replaces Julián Alvarez.",0,0,0,0,0,1,0
opta_760509_106,opta,espn_opta,OFFICIAL,760509,ARG-EGY R16,2026-07-07,106,90'+5',90.05,"Substitution, Argentina. Nicolás Otamendi replaces Cristian Romero.",0,0,0,0,0,1,0
opta_760509_107,opta,espn_opta,OFFICIAL,760509,ARG-EGY R16,2026-07-07,107,90'+6',90.06,"Substitution, Egypt. Zizo replaces Mohanad Lasheen.",0,0,0,0,0,1,0
opta_760509_108,opta,espn_opta,OFFICIAL,760509,ARG-EGY R16,2026-07-07,108,90'+7',90.07,Zizo (Egypt) wins a free kick in the defensive half.,1,0,0,0,0,0,0
opta_760509_109,opta,espn_opta,OFFICIAL,760509,ARG-EGY R16,2026-07-07,109,90'+7',90.07,Foul by Nico González (Argentina).,1,0,0,0,0,0,0
opta_760509_110,opta,espn_opta,OFFICIAL,760509,ARG-EGY R16,2026-07-07,110,90'+8',90.08,Foul by Marwan Attia (Egypt).,1,0,0,0,0,0,0
opta_760509_111,opta,espn_opta,OFFICIAL,760509,ARG-EGY R16,2026-07-07,111,90'+8',90.08,Lautaro Martínez (Argentina) wins a free kick in the defensive half.,1,0,0,0,0,0,0
opta_760509_112,opta,espn_opta,OFFICIAL,760509,ARG-EGY R16,2026-07-07,112,90'+8',90.08,Marwan Attia (Egypt) is shown the yellow card for a bad foul.,1,1,0,0,0,0,1
opta_760509_113,opta,espn_opta,OFFICIAL,760509,ARG-EGY R16,2026-07-07,113,90'+12',90.12,"Second Half ends, Argentina 3, Egypt 2.",0,0,0,0,0,0,0
opta_760509_114,opta,espn_opta,OFFICIAL,760509,ARG-EGY R16,2026-07-07,114,90'+12',90.12,Haissem Hassan (Egypt) is shown the yellow card.,0,1,0,0,0,0,0
opta_760509_115,opta,espn_opta,OFFICIAL,760509,ARG-EGY R16,2026-07-07,115,,,"| Match ends, Argentina 3, Egypt 2.",0,0,0,0,0,0,0
opta_760513_0,opta,espn_opta,OFFICIAL,760513,ARG-SUI QF,2026-07-12,0,,,| Lineups are announced and players are warming up.,0,0,0,0,0,0,0
opta_760513_1,opta,espn_opta,OFFICIAL,760513,ARG-SUI QF,2026-07-12,1,,,| First Half begins.,0,0,0,0,0,0,0
opta_760513_2,opta,espn_opta,OFFICIAL,760513,ARG-SUI QF,2026-07-12,2,1',1.0,Attempt blocked. Denis Zakaria (Switzerland) right footed shot from the right side of the box is blocked. Assisted by Djibril Sow.,0,0,0,0,0,0,0
opta_760513_3,opta,espn_opta,OFFICIAL,760513,ARG-SUI QF,2026-07-12,3,1',1.0,Alexis Mac Allister (Argentina) wins a free kick in the defensive half.,1,0,0,0,0,0,0
opta_760513_4,opta,espn_opta,OFFICIAL,760513,ARG-SUI QF,2026-07-12,4,1',1.0,Foul by Denis Zakaria (Switzerland).,1,0,0,0,0,0,0
opta_760513_5,opta,espn_opta,OFFICIAL,760513,ARG-SUI QF,2026-07-12,5,3',3.0,Foul by Julián Alvarez (Argentina).,1,0,0,0,0,0,0
opta_760513_6,opta,espn_opta,OFFICIAL,760513,ARG-SUI QF,2026-07-12,6,3',3.0,Ricardo Rodríguez (Switzerland) wins a free kick in the defensive half.,1,0,0,0,0,0,0
opta_760513_7,opta,espn_opta,OFFICIAL,760513,ARG-SUI QF,2026-07-12,7,7',7.0,Attempt missed. Granit Xhaka (Switzerland) left footed shot from outside the box is too high.,0,0,0,0,0,0,0
opta_760513_8,opta,espn_opta,OFFICIAL,760513,ARG-SUI QF,2026-07-12,8,7',7.0,Handball by Ricardo Rodríguez (Switzerland).,0,0,0,0,0,0,0
opta_760513_9,opta,espn_opta,OFFICIAL,760513,ARG-SUI QF,2026-07-12,9,9',9.0,Attempt blocked. Alexis Mac Allister (Argentina) right footed shot from outside the box is blocked. Assisted by Lionel Messi.,0,0,0,0,0,0,0
opta_760513_10,opta,espn_opta,OFFICIAL,760513,ARG-SUI QF,2026-07-12,10,9',9.0,"Corner, Argentina. Conceded by Nico Elvedi.",0,0,0,0,0,0,0
opta_760513_11,opta,espn_opta,OFFICIAL,760513,ARG-SUI QF,2026-07-12,11,9',9.0,Attempt missed. Alexis Mac Allister (Argentina) header from the right side of the six yard box misses to the left. Assisted by Lionel Messi with a cross following a corner.,0,0,0,0,0,0,0
opta_760513_12,opta,espn_opta,OFFICIAL,760513,ARG-SUI QF,2026-07-12,12,9',9.0,"Corner, Argentina. Conceded by Breel Embolo.",0,0,0,0,0,0,0
opta_760513_13,opta,espn_opta,OFFICIAL,760513,ARG-SUI QF,2026-07-12,13,10',10.0,"Goal! Argentina 1, Switzerland 0. Alexis Mac Allister (Argentina) header from the left side of the six yard box to the bottom right corner. Assisted by Lionel Messi with a cross following a corner.",0,0,1,0,0,0,0
opta_760513_14,opta,espn_opta,OFFICIAL,760513,ARG-SUI QF,2026-07-12,14,13',13.0,Foul by Cristian Romero (Argentina).,1,0,0,0,0,0,0
opta_760513_15,opta,espn_opta,OFFICIAL,760513,ARG-SUI QF,2026-07-12,15,13',13.0,Breel Embolo (Switzerland) wins a free kick in the defensive half.,1,0,0,0,0,0,0
opta_760513_16,opta,espn_opta,OFFICIAL,760513,ARG-SUI QF,2026-07-12,16,15',15.0,Handball by Granit Xhaka (Switzerland).,0,0,0,0,0,0,0
opta_760513_17,opta,espn_opta,OFFICIAL,760513,ARG-SUI QF,2026-07-12,17,17',17.0,Rodrigo De Paul (Argentina) wins a free kick in the defensive half.,1,0,0,0,0,0,0
opta_760513_18,opta,espn_opta,OFFICIAL,760513,ARG-SUI QF,2026-07-12,18,17',17.0,Foul by Ricardo Rodríguez (Switzerland).,1,0,0,0,0,0,0
opta_760513_19,opta,espn_opta,OFFICIAL,760513,ARG-SUI QF,2026-07-12,19,20',20.0,Attempt saved. Djibril Sow (Switzerland) right footed shot from outside the box is saved in the centre of the goal by Emiliano Martínez (Argentina). Assisted by Nico Elvedi.,0,0,1,0,0,0,0
opta_760513_20,opta,espn_opta,OFFICIAL,760513,ARG-SUI QF,2026-07-12,20,20',20.0,"Offside, Argentina. Julián Alvarez is caught offside.",0,0,0,0,0,0,0
opta_760513_21,opta,espn_opta,OFFICIAL,760513,ARG-SUI QF,2026-07-12,21,22',22.0,Nicolás Tagliafico (Argentina) wins a free kick in the defensive half.,1,0,0,0,0,0,0
opta_760513_22,opta,espn_opta,OFFICIAL,760513,ARG-SUI QF,2026-07-12,22,22',22.0,Foul by Fabian Rieder (Switzerland).,1,0,0,0,0,0,0
opta_760513_23,opta,espn_opta,OFFICIAL,760513,ARG-SUI QF,2026-07-12,23,23',23.0,Lisandro Martínez (Argentina) wins a free kick on the left wing.,1,0,0,0,0,0,0
opta_760513_24,opta,espn_opta,OFFICIAL,760513,ARG-SUI QF,2026-07-12,24,23',23.0,Foul by Djibril Sow (Switzerland).,1,0,0,0,0,0,0
opta_760513_25,opta,espn_opta,OFFICIAL,760513,ARG-SUI QF,2026-07-12,25,23',23.0,Delay in match for a drinks break.,0,0,0,0,0,0,0
opta_760513_26,opta,espn_opta,OFFICIAL,760513,ARG-SUI QF,2026-07-12,26,26',26.0,Delay over. They are ready to continue.,0,0,0,0,0,0,0
opta_760513_27,opta,espn_opta,OFFICIAL,760513,ARG-SUI QF,2026-07-12,27,28',28.0,Rodrigo De Paul (Argentina) wins a free kick in the defensive half.,1,0,0,0,0,0,0
opta_760513_28,opta,espn_opta,OFFICIAL,760513,ARG-SUI QF,2026-07-12,28,28',28.0,Foul by Granit Xhaka (Switzerland).,1,0,0,0,0,0,0
opta_760513_29,opta,espn_opta,OFFICIAL,760513,ARG-SUI QF,2026-07-12,29,32',32.0,Rodrigo De Paul (Argentina) wins a free kick in the defensive half.,1,0,0,0,0,0,0
opta_760513_30,opta,espn_opta,OFFICIAL,760513,ARG-SUI QF,2026-07-12,30,32',32.0,Foul by Dan Ndoye (Switzerland).,1,0,0,0,0,0,0
opta_760513_31,opta,espn_opta,OFFICIAL,760513,ARG-SUI QF,2026-07-12,31,34',34.0,"Corner, Switzerland. Conceded by Nahuel Molina.",0,0,0,0,0,0,0
opta_760513_32,opta,espn_opta,OFFICIAL,760513,ARG-SUI QF,2026-07-12,32,35',35.0,Foul by Julián Alvarez (Argentina).,1,0,0,0,0,0,0
opta_760513_33,opta,espn_opta,OFFICIAL,760513,ARG-SUI QF,2026-07-12,33,35',35.0,Fabian Rieder (Switzerland) wins a free kick on the left wing.,1,0,0,0,0,0,0
opta_760513_34,opta,espn_opta,OFFICIAL,760513,ARG-SUI QF,2026-07-12,34,36',36.0,Foul by Leandro Paredes (Argentina).,1,0,0,0,0,0,0
opta_760513_35,opta,espn_opta,OFFICIAL,760513,ARG-SUI QF,2026-07-12,35,36',36.0,Fabian Rieder (Switzerland) wins a free kick in the attacking half.,1,0,0,0,0,0,0
opta_760513_36,opta,espn_opta,OFFICIAL,760513,ARG-SUI QF,2026-07-12,36,39',39.0,Nicolás Tagliafico (Argentina) wins a free kick in the defensive half.,1,0,0,0,0,0,0
opta_760513_37,opta,espn_opta,OFFICIAL,760513,ARG-SUI QF,2026-07-12,37,39',39.0,Foul by Denis Zakaria (Switzerland).,1,0,0,0,0,0,0
opta_760513_38,opta,espn_opta,OFFICIAL,760513,ARG-SUI QF,2026-07-12,38,40',40.0,Foul by Lisandro Martínez (Argentina).,1,0,0,0,0,0,0
opta_760513_39,opta,espn_opta,OFFICIAL,760513,ARG-SUI QF,2026-07-12,39,40',40.0,Breel Embolo (Switzerland) wins a free kick on the right wing.,1,0,0,0,0,0,0
opta_760513_40,opta,espn_opta,OFFICIAL,760513,ARG-SUI QF,2026-07-12,40,42',42.0,Foul by Leandro Paredes (Argentina).,1,0,0,0,0,0,0
opta_760513_41,opta,espn_opta,OFFICIAL,760513,ARG-SUI QF,2026-07-12,41,42',42.0,Djibril Sow (Switzerland) wins a free kick on the left wing.,1,0,0,0,0,0,0
opta_760513_42,opta,espn_opta,OFFICIAL,760513,ARG-SUI QF,2026-07-12,42,44',44.0,Leandro Paredes (Argentina) wins a free kick in the defensive half.,1,0,0,0,0,0,0
opta_760513_43,opta,espn_opta,OFFICIAL,760513,ARG-SUI QF,2026-07-12,43,44',44.0,Foul by Breel Embolo (Switzerland).,1,0,0,0,0,0,0
opta_760513_44,opta,espn_opta,OFFICIAL,760513,ARG-SUI QF,2026-07-12,44,44',44.0,Breel Embolo (Switzerland) is shown the yellow card for a bad foul.,1,1,0,0,0,0,1
opta_760513_45,opta,espn_opta,OFFICIAL,760513,ARG-SUI QF,2026-07-12,45,45',45.0,Foul by Lisandro Martínez (Argentina).,1,0,0,0,0,0,0
opta_760513_46,opta,espn_opta,OFFICIAL,760513,ARG-SUI QF,2026-07-12,46,45',45.0,Breel Embolo (Switzerland) wins a free kick in the attacking half.,1,0,0,0,0,0,0
opta_760513_47,opta,espn_opta,OFFICIAL,760513,ARG-SUI QF,2026-07-12,47,45',45.0,"Offside, Switzerland. Dan Ndoye is caught offside.",0,0,0,0,0,0,0
opta_760513_48,opta,espn_opta,OFFICIAL,760513,ARG-SUI QF,2026-07-12,48,45'+1',45.01,Fourth official has announced 4 minutes of added time.,0,0,0,0,0,0,0
opta_760513_49,opta,espn_opta,OFFICIAL,760513,ARG-SUI QF,2026-07-12,49,45'+2',45.02,Handball by Djibril Sow (Switzerland).,0,0,0,0,0,0,0
opta_760513_50,opta,espn_opta,OFFICIAL,760513,ARG-SUI QF,2026-07-12,50,45'+3',45.03,Nicolás Tagliafico (Argentina) wins a free kick on the left wing.,1,0,0,0,0,0,0
opta_760513_51,opta,espn_opta,OFFICIAL,760513,ARG-SUI QF,2026-07-12,51,45'+3',45.03,Foul by Djibril Sow (Switzerland).,1,0,0,0,0,0,0
opta_760513_52,opta,espn_opta,OFFICIAL,760513,ARG-SUI QF,2026-07-12,52,45'+4',45.04,Delay in match because of an injury Dan Ndoye (Switzerland).,0,0,0,0,0,0,0
opta_760513_53,opta,espn_opta,OFFICIAL,760513,ARG-SUI QF,2026-07-12,53,45'+5',45.05,Delay over. They are ready to continue.,0,0,0,0,0,0,0
opta_760513_54,opta,espn_opta,OFFICIAL,760513,ARG-SUI QF,2026-07-12,54,45'+5',45.05,"First Half ends, Argentina 1, Switzerland 0.",0,0,0,0,0,0,0
opta_760513_55,opta,espn_opta,OFFICIAL,760513,ARG-SUI QF,2026-07-12,55,45',45.0,"Second Half begins Argentina 1, Switzerland 0.",0,0,0,0,0,0,0
opta_760513_56,opta,espn_opta,OFFICIAL,760513,ARG-SUI QF,2026-07-12,56,47',47.0,Attempt blocked. Fabian Rieder (Switzerland) left footed shot from outside the box is blocked. Assisted by Nico Elvedi.,0,0,0,0,0,0,0
opta_760513_57,opta,espn_opta,OFFICIAL,760513,ARG-SUI QF,2026-07-12,57,48',48.0,Foul by Nicolás Tagliafico (Argentina).,1,0,0,0,0,0,0
opta_760513_58,opta,espn_opta,OFFICIAL,760513,ARG-SUI QF,2026-07-12,58,48',48.0,Djibril Sow (Switzerland) wins a free kick on the right wing.,1,0,0,0,0,0,0
opta_760513_59,opta,espn_opta,OFFICIAL,760513,ARG-SUI QF,2026-07-12,59,50',50.0,Attempt missed. Nahuel Molina (Argentina) right footed shot from outside the box misses to the left. Assisted by Lionel Messi with a through ball.,0,0,0,0,0,0,0
opta_760513_60,opta,espn_opta,OFFICIAL,760513,ARG-SUI QF,2026-07-12,60,50',50.0,"Offside, Switzerland. Breel Embolo is caught offside.",0,0,0,0,0,0,0
opta_760513_61,opta,espn_opta,OFFICIAL,760513,ARG-SUI QF,2026-07-12,61,52',52.0,Attempt blocked. Julián Alvarez (Argentina) left footed shot from outside the box is blocked.,0,0,0,0,0,0,0
opta_760513_62,opta,espn_opta,OFFICIAL,760513,ARG-SUI QF,2026-07-12,62,52',52.0,"Corner, Argentina. Conceded by Denis Zakaria.",0,0,0,0,0,0,0
opta_760513_63,opta,espn_opta,OFFICIAL,760513,ARG-SUI QF,2026-07-12,63,55',55.0,Attempt blocked. Dan Ndoye (Switzerland) right footed shot from the left side of the box is blocked.,0,0,0,0,0,0,0
opta_760513_64,opta,espn_opta,OFFICIAL,760513,ARG-SUI QF,2026-07-12,64,56',56.0,Delay in match because of an injury Leandro Paredes (Argentina).,0,0,0,0,0,0,0
opta_760513_65,opta,espn_opta,OFFICIAL,760513,ARG-SUI QF,2026-07-12,65,57',57.0,Delay over. They are ready to continue.,0,0,0,0,0,0,0
opta_760513_66,opta,espn_opta,OFFICIAL,760513,ARG-SUI QF,2026-07-12,66,59',59.0,Alexis Mac Allister (Argentina) wins a free kick in the defensive half.,1,0,0,0,0,0,0
opta_760513_67,opta,espn_opta,OFFICIAL,760513,ARG-SUI QF,2026-07-12,67,59',59.0,Foul by Remo Freuler (Switzerland).,1,0,0,0,0,0,0
opta_760513_68,opta,espn_opta,OFFICIAL,760513,ARG-SUI QF,2026-07-12,68,60',60.0,Attempt saved. Breel Embolo (Switzerland) header from the centre of the box is saved in the bottom left corner by Emiliano Martínez (Argentina). Assisted by Ricardo Rodríguez with a cross.,0,0,0,0,0,0,0
opta_760513_69,opta,espn_opta,OFFICIAL,760513,ARG-SUI QF,2026-07-12,69,62',62.0,Nicolás Tagliafico (Argentina) wins a free kick in the attacking half.,1,0,0,0,0,0,0
opta_760513_70,opta,espn_opta,OFFICIAL,760513,ARG-SUI QF,2026-07-12,70,62',62.0,Foul by Djibril Sow (Switzerland).,1,0,0,0,0,0,0
opta_760513_71,opta,espn_opta,OFFICIAL,760513,ARG-SUI QF,2026-07-12,71,63',63.0,"Corner, Switzerland. Conceded by Nahuel Molina.",0,0,0,0,0,0,0
opta_760513_72,opta,espn_opta,OFFICIAL,760513,ARG-SUI QF,2026-07-12,72,65',65.0,Attempt saved. Dan Ndoye (Switzerland) header from the centre of the box is saved in the bottom right corner by Emiliano Martínez (Argentina). Assisted by Ricardo Rodríguez with a cross.,0,0,0,0,0,0,0
opta_760513_73,opta,espn_opta,OFFICIAL,760513,ARG-SUI QF,2026-07-12,73,66',66.0,Attempt saved. Granit Xhaka (Switzerland) left footed shot from outside the box is saved in the bottom right corner by Emiliano Martínez (Argentina). Assisted by Denis Zakaria.,0,0,0,0,0,0,0
opta_760513_74,opta,espn_opta,OFFICIAL,760513,ARG-SUI QF,2026-07-12,74,67',67.0,"Goal! Argentina 1, Switzerland 1. Dan Ndoye (Switzerland) right footed shot from a difficult angle on the left to the centre of the goal. Assisted by Ricardo Rodríguez with a through ball.",0,0,1,0,0,0,0
opta_760513_75,opta,espn_opta,OFFICIAL,760513,ARG-SUI QF,2026-07-12,75,69',69.0,"Breel Embolo (Switzerland) has gone down, but the referee deems it simulation.",0,0,0,0,0,0,0
opta_760513_76,opta,espn_opta,OFFICIAL,760513,ARG-SUI QF,2026-07-12,76,70',70.0,VAR Decision: Card Changed.,0,0,0,1,0,0,0
opta_760513_77,opta,espn_opta,OFFICIAL,760513,ARG-SUI QF,2026-07-12,77,72',72.0,Second yellow card to Breel Embolo (Switzerland).,0,1,0,0,0,0,0
opta_760513_78,opta,espn_opta,OFFICIAL,760513,ARG-SUI QF,2026-07-12,78,75',75.0,"Offside, Argentina. Nicolás Tagliafico is caught offside.",0,0,0,0,0,0,0
opta_760513_79,opta,espn_opta,OFFICIAL,760513,ARG-SUI QF,2026-07-12,79,75',75.0,Delay in match for a drinks break.,0,0,0,0,0,0,0
opta_760513_80,opta,espn_opta,OFFICIAL,760513,ARG-SUI QF,2026-07-12,80,78',78.0,"Substitution, Argentina. Nico González replaces Nicolás Tagliafico.",0,0,0,0,0,1,0
opta_760513_81,opta,espn_opta,OFFICIAL,760513,ARG-SUI QF,2026-07-12,81,78',78.0,Delay over. They are ready to continue.,0,0,0,0,0,0,0
opta_760513_82,opta,espn_opta,OFFICIAL,760513,ARG-SUI QF,2026-07-12,82,79',79.0,Foul by Julián Alvarez (Argentina).,1,0,0,0,0,0,0
opta_760513_83,opta,espn_opta,OFFICIAL,760513,ARG-SUI QF,2026-07-12,83,79',79.0,Nico Elvedi (Switzerland) wins a free kick on the right wing.,1,0,0,0,0,0,0
opta_760513_84,opta,espn_opta,OFFICIAL,760513,ARG-SUI QF,2026-07-12,84,85',85.0,"Offside, Argentina. Lionel Messi is caught offside.",0,0,0,0,0,0,0
opta_760513_85,opta,espn_opta,OFFICIAL,760513,ARG-SUI QF,2026-07-12,85,85',85.0,"Substitution, Argentina. Lautaro Martínez replaces Rodrigo De Paul.",0,0,0,0,0,1,0
opta_760513_86,opta,espn_opta,OFFICIAL,760513,ARG-SUI QF,2026-07-12,86,85',85.0,"Substitution, Argentina. Gonzalo Montiel replaces Nahuel Molina.",0,0,0,0,0,1,0
opta_760513_87,opta,espn_opta,OFFICIAL,760513,ARG-SUI QF,2026-07-12,87,86',86.0,"Substitution, Switzerland. Silvan Widmer replaces Djibril Sow.",0,0,0,0,0,1,0
opta_760513_88,opta,espn_opta,OFFICIAL,760513,ARG-SUI QF,2026-07-12,88,86',86.0,"Substitution, Switzerland. Zeki Amdouni replaces Dan Ndoye.",0,0,0,0,0,1,0
opta_760513_89,opta,espn_opta,OFFICIAL,760513,ARG-SUI QF,2026-07-12,89,86',86.0,"Substitution, Switzerland. Miro Muheim replaces Fabian Rieder.",0,0,0,0,0,1,0
opta_760513_90,opta,espn_opta,OFFICIAL,760513,ARG-SUI QF,2026-07-12,90,89',89.0,"Attempt missed. Alexis Mac Allister (Argentina) header from very close range is close, but misses the top left corner. Assisted by Nico González.",0,0,0,0,0,0,0
opta_760513_91,opta,espn_opta,OFFICIAL,760513,ARG-SUI QF,2026-07-12,91,90'+1',90.01,"Corner, Argentina. Conceded by Nico Elvedi.",0,0,0,0,0,0,0
opta_760513_92,opta,espn_opta,OFFICIAL,760513,ARG-SUI QF,2026-07-12,92,90'+1',90.01,Fourth official has announced 9 minutes of added time.,0,0,0,0,0,0,0
opta_760513_93,opta,espn_opta,OFFICIAL,760513,ARG-SUI QF,2026-07-12,93,90'+2',90.02,"Attempt missed. Lionel Messi (Argentina) right footed shot from outside the box is close, but misses to the right. Assisted by Enzo Fernández following a corner.",0,0,0,0,0,0,0
opta_760513_94,opta,espn_opta,OFFICIAL,760513,ARG-SUI QF,2026-07-12,94,90'+3',90.03,Attempt missed. Nico González (Argentina) left footed shot from the left side of the box is high and wide to the left. Assisted by Lionel Messi.,0,0,0,0,0,0,0
opta_760513_95,opta,espn_opta,OFFICIAL,760513,ARG-SUI QF,2026-07-12,95,90'+5',90.05,"Substitution, Switzerland. Eray Cömert replaces Ricardo Rodríguez.",0,0,0,0,0,1,0
opta_760513_96,opta,espn_opta,OFFICIAL,760513,ARG-SUI QF,2026-07-12,96,90'+8',90.08,"Corner, Argentina. Conceded by Silvan Widmer.",0,0,0,0,0,0,0
opta_760513_97,opta,espn_opta,OFFICIAL,760513,ARG-SUI QF,2026-07-12,97,90'+9',90.09,Attempt saved. Lisandro Martínez (Argentina) left footed shot from the centre of the box is saved in the bottom left corner by Gregor Kobel (Switzerland).,0,0,0,0,0,0,0
opta_760513_98,opta,espn_opta,OFFICIAL,760513,ARG-SUI QF,2026-07-12,98,90'+9',90.09,Miro Muheim (Switzerland) wins a free kick in the defensive half.,1,0,0,0,0,0,0
opta_760513_99,opta,espn_opta,OFFICIAL,760513,ARG-SUI QF,2026-07-12,99,90'+9',90.09,Foul by Gonzalo Montiel (Argentina).,1,0,0,0,0,0,0
opta_760513_100,opta,espn_opta,OFFICIAL,760513,ARG-SUI QF,2026-07-12,100,90'+10',90.1,"Second Half ends, Argentina 1, Switzerland 1.",0,0,0,0,0,0,0
opta_760513_101,opta,espn_opta,OFFICIAL,760513,ARG-SUI QF,2026-07-12,101,90',90.0,"First Half Extra Time begins Argentina 1, Switzerland 1.",0,0,0,0,0,0,0
opta_760513_102,opta,espn_opta,OFFICIAL,760513,ARG-SUI QF,2026-07-12,102,90',90.0,"Substitution, Argentina. Thiago Almada replaces Enzo Fernández.",0,0,0,0,0,1,0
opta_760513_103,opta,espn_opta,OFFICIAL,760513,ARG-SUI QF,2026-07-12,103,91',91.0,Attempt blocked. Lautaro Martínez (Argentina) right footed shot from the centre of the box is blocked. Assisted by Alexis Mac Allister.,0,0,0,0,0,0,0
opta_760513_104,opta,espn_opta,OFFICIAL,760513,ARG-SUI QF,2026-07-12,104,91',91.0,"Corner, Argentina. Conceded by Silvan Widmer.",0,0,0,0,0,0,0
opta_760513_105,opta,espn_opta,OFFICIAL,760513,ARG-SUI QF,2026-07-12,105,91',91.0,Attempt blocked. Nico González (Argentina) left footed shot from the centre of the box is blocked. Assisted by Lautaro Martínez.,0,0,0,0,0,0,0
opta_760513_106,opta,espn_opta,OFFICIAL,760513,ARG-SUI QF,2026-07-12,106,92',92.0,Attempt missed. Julián Alvarez (Argentina) right footed shot from outside the box is high and wide to the right. Assisted by Leandro Paredes following a corner.,0,0,0,0,0,0,0
opta_760513_107,opta,espn_opta,OFFICIAL,760513,ARG-SUI QF,2026-07-12,107,93',93.0,Attempt saved. Thiago Almada (Argentina) right footed shot from the left side of the box is saved in the centre of the goal by Gregor Kobel (Switzerland). Assisted by Julián Alvarez.,0,0,1,0,0,0,0
opta_760513_108,opta,espn_opta,OFFICIAL,760513,ARG-SUI QF,2026-07-12,108,95',95.0,Thiago Almada (Argentina) hits the left post with a right footed shot from outside the box. Assisted by Leandro Paredes.,0,0,0,0,0,0,0
opta_760513_109,opta,espn_opta,OFFICIAL,760513,ARG-SUI QF,2026-07-12,109,96',96.0,"Substitution, Switzerland. Ardon Jashari replaces Denis Zakaria.",0,0,0,0,0,1,0
opta_760513_110,opta,espn_opta,OFFICIAL,760513,ARG-SUI QF,2026-07-12,110,97',97.0,Remo Freuler (Switzerland) wins a free kick on the right wing.,1,0,0,0,0,0,0
opta_760513_111,opta,espn_opta,OFFICIAL,760513,ARG-SUI QF,2026-07-12,111,97',97.0,Foul by Thiago Almada (Argentina).,1,0,0,0,0,0,0
opta_760513_112,opta,espn_opta,OFFICIAL,760513,ARG-SUI QF,2026-07-12,112,97',97.0,Thiago Almada (Argentina) is shown the yellow card for a bad foul.,1,1,0,0,0,0,1
opta_760513_113,opta,espn_opta,OFFICIAL,760513,ARG-SUI QF,2026-07-12,113,98',98.0,Foul by Manuel Akanji (Switzerland).,1,0,0,0,0,0,0
opta_760513_114,opta,espn_opta,OFFICIAL,760513,ARG-SUI QF,2026-07-12,114,98',98.0,Lisandro Martínez (Argentina) wins a free kick in the defensive half.,1,0,0,0,0,0,0
opta_760513_115,opta,espn_opta,OFFICIAL,760513,ARG-SUI QF,2026-07-12,115,98',98.0,Manuel Akanji (Switzerland) wins a free kick in the defensive half.,1,0,0,0,0,0,0
opta_760513_116,opta,espn_opta,OFFICIAL,760513,ARG-SUI QF,2026-07-12,116,98',98.0,Foul by Lautaro Martínez (Argentina).,1,0,0,0,0,0,0
opta_760513_117,opta,espn_opta,OFFICIAL,760513,ARG-SUI QF,2026-07-12,117,98',98.0,Lautaro Martínez (Argentina) is shown the yellow card for a bad foul.,1,1,0,0,0,0,1
opta_760513_118,opta,espn_opta,OFFICIAL,760513,ARG-SUI QF,2026-07-12,118,99',99.0,Attempt missed. Granit Xhaka (Switzerland) left footed shot from outside the box is too high. Assisted by Ardon Jashari.,0,0,0,0,0,0,0
opta_760513_119,opta,espn_opta,OFFICIAL,760513,ARG-SUI QF,2026-07-12,119,102',102.0,Foul by Zeki Amdouni (Switzerland).,1,0,0,0,0,0,0
opta_760513_120,opta,espn_opta,OFFICIAL,760513,ARG-SUI QF,2026-07-12,120,102',102.0,Lionel Messi (Argentina) wins a free kick in the attacking half.,1,0,0,0,0,0,0
opta_760513_121,opta,espn_opta,OFFICIAL,760513,ARG-SUI QF,2026-07-12,121,103',103.0,Attempt blocked. Lionel Messi (Argentina) left footed shot from outside the box is blocked.,0,0,0,0,0,0,0
opta_760513_122,opta,espn_opta,OFFICIAL,760513,ARG-SUI QF,2026-07-12,122,105',105.0,Attempt missed. Ardon Jashari (Switzerland) left footed shot from outside the box is high and wide to the left. Assisted by Zeki Amdouni.,0,0,0,0,0,0,0
opta_760513_123,opta,espn_opta,OFFICIAL,760513,ARG-SUI QF,2026-07-12,123,105'+1',105.01,Fourth official has announced 1 minutes of added time.,0,0,0,0,0,0,0
opta_760513_124,opta,espn_opta,OFFICIAL,760513,ARG-SUI QF,2026-07-12,124,105'+1',105.01,Attempt blocked. Lisandro Martínez (Argentina) right footed shot from outside the box is blocked.,0,0,0,0,0,0,0
opta_760513_125,opta,espn_opta,OFFICIAL,760513,ARG-SUI QF,2026-07-12,125,105'+1',105.01,"Corner, Argentina. Conceded by Remo Freuler.",0,0,0,0,0,0,0
opta_760513_126,opta,espn_opta,OFFICIAL,760513,ARG-SUI QF,2026-07-12,126,105'+2',105.02,Attempt missed. Cristian Romero (Argentina) header from the centre of the box is high and wide to the left. Assisted by Lionel Messi with a cross following a corner.,0,0,0,0,0,0,0
opta_760513_127,opta,espn_opta,OFFICIAL,760513,ARG-SUI QF,2026-07-12,127,105'+2',105.02,"First Half Extra Time ends, Argentina 1, Switzerland 1.",0,0,0,0,0,0,0
opta_760513_128,opta,espn_opta,OFFICIAL,760513,ARG-SUI QF,2026-07-12,128,105',105.0,"Second Half Extra Time begins Argentina 1, Switzerland 1.",0,0,0,0,0,0,0
opta_760513_129,opta,espn_opta,OFFICIAL,760513,ARG-SUI QF,2026-07-12,129,105',105.0,"Substitution, Argentina. Nicolás Otamendi replaces Cristian Romero.",0,0,0,0,0,1,0
opta_760513_130,opta,espn_opta,OFFICIAL,760513,ARG-SUI QF,2026-07-12,130,107',107.0,Miro Muheim (Switzerland) wins a free kick on the left wing.,1,0,0,0,0,0,0
opta_760513_131,opta,espn_opta,OFFICIAL,760513,ARG-SUI QF,2026-07-12,131,107',107.0,Foul by Alexis Mac Allister (Argentina).,1,0,0,0,0,0,0
opta_760513_132,opta,espn_opta,OFFICIAL,760513,ARG-SUI QF,2026-07-12,132,110',110.0,"Substitution, Argentina. José Manuel López replaces Leandro Paredes because of an injury.",0,0,0,0,0,1,0
opta_760513_133,opta,espn_opta,OFFICIAL,760513,ARG-SUI QF,2026-07-12,133,110',110.0,Foul by Manuel Akanji (Switzerland).,1,0,0,0,0,0,0
opta_760513_134,opta,espn_opta,OFFICIAL,760513,ARG-SUI QF,2026-07-12,134,110',110.0,Lautaro Martínez (Argentina) wins a free kick in the defensive half.,1,0,0,0,0,0,0
opta_760513_135,opta,espn_opta,OFFICIAL,760513,ARG-SUI QF,2026-07-12,135,112',112.0,Attempt saved. Lionel Messi (Argentina) left footed shot from outside the box is saved in the bottom left corner by Gregor Kobel (Switzerland). Assisted by Thiago Almada.,0,0,0,0,0,0,0
opta_760513_136,opta,espn_opta,OFFICIAL,760513,ARG-SUI QF,2026-07-12,136,112',112.0,"Goal! Argentina 2, Switzerland 1. Julián Alvarez (Argentina) right footed shot from outside the box to the top right corner. Assisted by José Manuel López.",0,0,1,0,0,0,0
opta_760513_137,opta,espn_opta,OFFICIAL,760513,ARG-SUI QF,2026-07-12,137,114',114.0,José Manuel López (Argentina) is shown the yellow card.,0,1,0,0,0,0,0
opta_760513_138,opta,espn_opta,OFFICIAL,760513,ARG-SUI QF,2026-07-12,138,115',115.0,"Substitution, Switzerland. Rubén Vargas replaces Remo Freuler.",0,0,0,0,0,1,0
opta_760513_139,opta,espn_opta,OFFICIAL,760513,ARG-SUI QF,2026-07-12,139,116',116.0,Delay in match because of an injury Emiliano Martínez (Argentina).,0,0,0,0,0,0,0
opta_760513_140,opta,espn_opta,OFFICIAL,760513,ARG-SUI QF,2026-07-12,140,117',117.0,Delay over. They are ready to continue.,0,0,0,0,0,0,0
opta_760513_141,opta,espn_opta,OFFICIAL,760513,ARG-SUI QF,2026-07-12,141,118',118.0,Ardon Jashari (Switzerland) wins a free kick on the left wing.,1,0,0,0,0,0,0
opta_760513_142,opta,espn_opta,OFFICIAL,760513,ARG-SUI QF,2026-07-12,142,118',118.0,Foul by José Manuel López (Argentina).,1,0,0,0,0,0,0
opta_760513_143,opta,espn_opta,OFFICIAL,760513,ARG-SUI QF,2026-07-12,143,119',119.0,Attempt blocked. Lionel Messi (Argentina) left footed shot from the right side of the box is blocked. Assisted by Julián Alvarez.,0,0,0,0,0,0,0
opta_760513_144,opta,espn_opta,OFFICIAL,760513,ARG-SUI QF,2026-07-12,144,119',119.0,"Corner, Argentina. Conceded by Granit Xhaka.",0,0,0,0,0,0,0
opta_760513_145,opta,espn_opta,OFFICIAL,760513,ARG-SUI QF,2026-07-12,145,120',120.0,"Offside, Argentina. Lionel Messi is caught offside.",0,0,0,0,0,0,0
opta_760513_146,opta,espn_opta,OFFICIAL,760513,ARG-SUI QF,2026-07-12,146,120'+1',120.01,Fourth official has announced 4 minutes of added time.,0,0,0,0,0,0,0
opta_760513_147,opta,espn_opta,OFFICIAL,760513,ARG-SUI QF,2026-07-12,147,120'+1',120.01,Attempt saved. Thiago Almada (Argentina) right footed shot from the centre of the box is saved in the bottom left corner by Gregor Kobel (Switzerland). Assisted by Lautaro Martínez.,0,0,0,0,0,0,0
opta_760513_148,opta,espn_opta,OFFICIAL,760513,ARG-SUI QF,2026-07-12,148,120'+1',120.01,"Goal! Argentina 3, Switzerland 1. Lautaro Martínez (Argentina) right footed shot from the centre of the box to the bottom right corner following a fast break.",0,0,1,0,0,0,0
opta_760513_149,opta,espn_opta,OFFICIAL,760513,ARG-SUI QF,2026-07-12,149,120'+3',120.03,"Offside, Switzerland. Rubén Vargas is caught offside.",0,0,0,0,0,0,0
opta_760513_150,opta,espn_opta,OFFICIAL,760513,ARG-SUI QF,2026-07-12,150,120'+4',120.04,"Second Half Extra Time ends, Argentina 3, Switzerland 1.",0,0,0,0,0,0,0
opta_760513_151,opta,espn_opta,OFFICIAL,760513,ARG-SUI QF,2026-07-12,151,,,"| Match ends, Argentina 3, Switzerland 1.",0,0,0,0,0,0,0
opta_760515_0,opta,espn_opta,OFFICIAL,760515,ENG-ARG SF,2026-07-15,0,,,| Lineups are announced and players are warming up.,0,0,0,0,0,0,0
opta_760515_1,opta,espn_opta,OFFICIAL,760515,ENG-ARG SF,2026-07-15,1,,,| First Half begins.,0,0,0,0,0,0,0
opta_760515_2,opta,espn_opta,OFFICIAL,760515,ENG-ARG SF,2026-07-15,2,2',2.0,Foul by Leandro Paredes (Argentina).,1,0,0,0,0,0,0
opta_760515_3,opta,espn_opta,OFFICIAL,760515,ENG-ARG SF,2026-07-15,3,2',2.0,Jude Bellingham (England) wins a free kick in the defensive half.,1,0,0,0,0,0,0
opta_760515_4,opta,espn_opta,OFFICIAL,760515,ENG-ARG SF,2026-07-15,4,3',3.0,Foul by Enzo Fernández (Argentina).,1,0,0,0,0,0,0
opta_760515_5,opta,espn_opta,OFFICIAL,760515,ENG-ARG SF,2026-07-15,5,3',3.0,Elliot Anderson (England) wins a free kick in the attacking half.,1,0,0,0,0,0,0
opta_760515_6,opta,espn_opta,OFFICIAL,760515,ENG-ARG SF,2026-07-15,6,6',6.0,Foul by Giuliano Simeone (Argentina).,1,0,0,0,0,0,0
opta_760515_7,opta,espn_opta,OFFICIAL,760515,ENG-ARG SF,2026-07-15,7,6',6.0,Elliot Anderson (England) wins a free kick in the defensive half.,1,0,0,0,0,0,0
opta_760515_8,opta,espn_opta,OFFICIAL,760515,ENG-ARG SF,2026-07-15,8,7',7.0,"Corner, England. Conceded by Alexis Mac Allister.",0,0,0,0,0,0,0
opta_760515_9,opta,espn_opta,OFFICIAL,760515,ENG-ARG SF,2026-07-15,9,8',8.0,Julián Alvarez (Argentina) wins a free kick in the defensive half.,1,0,0,0,0,0,0
opta_760515_10,opta,espn_opta,OFFICIAL,760515,ENG-ARG SF,2026-07-15,10,8',8.0,Dangerous play by Marc Guéhi (England).,0,0,0,0,0,0,0
opta_760515_11,opta,espn_opta,OFFICIAL,760515,ENG-ARG SF,2026-07-15,11,9',9.0,Nicolás Tagliafico (Argentina) wins a free kick in the defensive half.,1,0,0,0,0,0,0
opta_760515_12,opta,espn_opta,OFFICIAL,760515,ENG-ARG SF,2026-07-15,12,9',9.0,Foul by Reece James (England).,1,0,0,0,0,0,0
opta_760515_13,opta,espn_opta,OFFICIAL,760515,ENG-ARG SF,2026-07-15,13,9',9.0,Elliot Anderson (England) wins a free kick in the defensive half.,1,0,0,0,0,0,0
opta_760515_14,opta,espn_opta,OFFICIAL,760515,ENG-ARG SF,2026-07-15,14,9',9.0,Foul by Giuliano Simeone (Argentina).,1,0,0,0,0,0,0
opta_760515_15,opta,espn_opta,OFFICIAL,760515,ENG-ARG SF,2026-07-15,15,10',10.0,Foul by Elliot Anderson (England).,1,0,0,0,0,0,0
opta_760515_16,opta,espn_opta,OFFICIAL,760515,ENG-ARG SF,2026-07-15,16,10',10.0,Enzo Fernández (Argentina) wins a free kick in the defensive half.,1,0,0,0,0,0,0
opta_760515_17,opta,espn_opta,OFFICIAL,760515,ENG-ARG SF,2026-07-15,17,12',12.0,Delay in match (Argentina).,0,0,0,0,0,0,0
opta_760515_18,opta,espn_opta,OFFICIAL,760515,ENG-ARG SF,2026-07-15,18,12',12.0,Delay over. They are ready to continue.,0,0,0,0,0,0,0
opta_760515_19,opta,espn_opta,OFFICIAL,760515,ENG-ARG SF,2026-07-15,19,13',13.0,"Offside, Argentina. Giuliano Simeone is caught offside.",0,0,0,0,0,0,0
opta_760515_20,opta,espn_opta,OFFICIAL,760515,ENG-ARG SF,2026-07-15,20,16',16.0,Anthony Gordon (England) wins a free kick in the defensive half.,1,0,0,0,0,0,0
opta_760515_21,opta,espn_opta,OFFICIAL,760515,ENG-ARG SF,2026-07-15,21,16',16.0,Foul by Giuliano Simeone (Argentina).,1,0,0,0,0,0,0
opta_760515_22,opta,espn_opta,OFFICIAL,760515,ENG-ARG SF,2026-07-15,22,21',21.0,"Offside, Argentina. Lionel Messi is caught offside.",0,0,0,0,0,0,0
opta_760515_23,opta,espn_opta,OFFICIAL,760515,ENG-ARG SF,2026-07-15,23,21',21.0,Foul by Morgan Rogers (England).,1,0,0,0,0,0,0
opta_760515_24,opta,espn_opta,OFFICIAL,760515,ENG-ARG SF,2026-07-15,24,21',21.0,Nicolás Tagliafico (Argentina) wins a free kick in the defensive half.,1,0,0,0,0,0,0
opta_760515_25,opta,espn_opta,OFFICIAL,760515,ENG-ARG SF,2026-07-15,25,23',23.0,Foul by Jude Bellingham (England).,1,0,0,0,0,0,0
opta_760515_26,opta,espn_opta,OFFICIAL,760515,ENG-ARG SF,2026-07-15,26,23',23.0,Alexis Mac Allister (Argentina) wins a free kick in the attacking half.,1,0,0,0,0,0,0
opta_760515_27,opta,espn_opta,OFFICIAL,760515,ENG-ARG SF,2026-07-15,27,24',24.0,"Corner, Argentina. Conceded by Djed Spence.",0,0,0,0,0,0,0
opta_760515_28,opta,espn_opta,OFFICIAL,760515,ENG-ARG SF,2026-07-15,28,25',25.0,Jordan Pickford (England) wins a free kick in the defensive half.,1,0,0,0,0,0,0
opta_760515_29,opta,espn_opta,OFFICIAL,760515,ENG-ARG SF,2026-07-15,29,25',25.0,Foul by Giuliano Simeone (Argentina).,1,0,0,0,0,0,0
opta_760515_30,opta,espn_opta,OFFICIAL,760515,ENG-ARG SF,2026-07-15,30,25',25.0,Delay in match for a drinks break.,0,0,0,0,0,0,0
opta_760515_31,opta,espn_opta,OFFICIAL,760515,ENG-ARG SF,2026-07-15,31,28',28.0,Delay over. They are ready to continue.,0,0,0,0,0,0,0
opta_760515_32,opta,espn_opta,OFFICIAL,760515,ENG-ARG SF,2026-07-15,32,30',30.0,Foul by Anthony Gordon (England).,1,0,0,0,0,0,0
opta_760515_33,opta,espn_opta,OFFICIAL,760515,ENG-ARG SF,2026-07-15,33,30',30.0,Giuliano Simeone (Argentina) wins a free kick in the defensive half.,1,0,0,0,0,0,0
opta_760515_34,opta,espn_opta,OFFICIAL,760515,ENG-ARG SF,2026-07-15,34,32',32.0,Jude Bellingham (England) wins a free kick in the attacking half.,1,0,0,0,0,0,0
opta_760515_35,opta,espn_opta,OFFICIAL,760515,ENG-ARG SF,2026-07-15,35,32',32.0,Foul by Enzo Fernández (Argentina).,1,0,0,0,0,0,0
opta_760515_36,opta,espn_opta,OFFICIAL,760515,ENG-ARG SF,2026-07-15,36,33',33.0,"Attempt missed. John Stones (England) header from the centre of the box is close, but misses to the right. Assisted by Declan Rice with a cross following a set piece situation.",0,0,0,0,0,0,0
opta_760515_37,opta,espn_opta,OFFICIAL,760515,ENG-ARG SF,2026-07-15,37,34',34.0,Marc Guéhi (England) wins a free kick in the defensive half.,1,0,0,0,0,0,0
opta_760515_38,opta,espn_opta,OFFICIAL,760515,ENG-ARG SF,2026-07-15,38,34',34.0,Foul by Giuliano Simeone (Argentina).,1,0,0,0,0,0,0
opta_760515_39,opta,espn_opta,OFFICIAL,760515,ENG-ARG SF,2026-07-15,39,35',35.0,Jude Bellingham (England) wins a free kick on the left wing.,1,0,0,0,0,0,0
opta_760515_40,opta,espn_opta,OFFICIAL,760515,ENG-ARG SF,2026-07-15,40,35',35.0,Foul by Nahuel Molina (Argentina).,1,0,0,0,0,0,0
opta_760515_41,opta,espn_opta,OFFICIAL,760515,ENG-ARG SF,2026-07-15,41,37',37.0,Foul by Elliot Anderson (England).,1,0,0,0,0,0,0
opta_760515_42,opta,espn_opta,OFFICIAL,760515,ENG-ARG SF,2026-07-15,42,37',37.0,Lionel Messi (Argentina) wins a free kick in the attacking half.,1,0,0,0,0,0,0
opta_760515_43,opta,espn_opta,OFFICIAL,760515,ENG-ARG SF,2026-07-15,43,37',37.0,Elliot Anderson (England) is shown the yellow card for a bad foul.,1,1,0,0,0,0,1
opta_760515_44,opta,espn_opta,OFFICIAL,760515,ENG-ARG SF,2026-07-15,44,38',38.0,Attempt blocked. Lionel Messi (Argentina) left footed shot from outside the box is blocked. Assisted by Leandro Paredes.,0,0,0,0,0,0,0
opta_760515_45,opta,espn_opta,OFFICIAL,760515,ENG-ARG SF,2026-07-15,45,38',38.0,Attempt missed. Enzo Fernández (Argentina) right footed shot from outside the box is just a bit too high following a set piece situation.,0,0,0,0,0,0,0
opta_760515_46,opta,espn_opta,OFFICIAL,760515,ENG-ARG SF,2026-07-15,46,42',42.0,Morgan Rogers (England) wins a free kick in the defensive half.,1,0,0,0,0,0,0
opta_760515_47,opta,espn_opta,OFFICIAL,760515,ENG-ARG SF,2026-07-15,47,42',42.0,Foul by Lisandro Martínez (Argentina).,1,0,0,0,0,0,0
opta_760515_48,opta,espn_opta,OFFICIAL,760515,ENG-ARG SF,2026-07-15,48,42',42.0,Lisandro Martínez (Argentina) is shown the yellow card for a bad foul.,1,1,0,0,0,0,1
opta_760515_49,opta,espn_opta,OFFICIAL,760515,ENG-ARG SF,2026-07-15,49,43',43.0,Elliot Anderson (England) wins a free kick in the defensive half.,1,0,0,0,0,0,0
opta_760515_50,opta,espn_opta,OFFICIAL,760515,ENG-ARG SF,2026-07-15,50,43',43.0,Foul by Enzo Fernández (Argentina).,1,0,0,0,0,0,0
opta_760515_51,opta,espn_opta,OFFICIAL,760515,ENG-ARG SF,2026-07-15,51,45'+1',45.01,Fourth official has announced 3 minutes of added time.,0,0,0,0,0,0,0
opta_760515_52,opta,espn_opta,OFFICIAL,760515,ENG-ARG SF,2026-07-15,52,45'+2',45.02,"Offside, England. Morgan Rogers is caught offside.",0,0,0,0,0,0,0
opta_760515_53,opta,espn_opta,OFFICIAL,760515,ENG-ARG SF,2026-07-15,53,45'+3',45.03,Reece James (England) wins a free kick on the right wing.,1,0,0,0,0,0,0
opta_760515_54,opta,espn_opta,OFFICIAL,760515,ENG-ARG SF,2026-07-15,54,45'+3',45.03,Dangerous play by Leandro Paredes (Argentina).,0,0,0,0,0,0,0
opta_760515_55,opta,espn_opta,OFFICIAL,760515,ENG-ARG SF,2026-07-15,55,45'+4',45.04,"Corner, England. Conceded by Enzo Fernández.",0,0,0,0,0,0,0
opta_760515_56,opta,espn_opta,OFFICIAL,760515,ENG-ARG SF,2026-07-15,56,45'+4',45.04,"First Half ends, England 0, Argentina 0.",0,0,0,0,0,0,0
opta_760515_57,opta,espn_opta,OFFICIAL,760515,ENG-ARG SF,2026-07-15,57,45',45.0,"Second Half begins England 0, Argentina 0.",0,0,0,0,0,0,0
opta_760515_58,opta,espn_opta,OFFICIAL,760515,ENG-ARG SF,2026-07-15,58,47',47.0,Attempt saved. Julián Alvarez (Argentina) right footed shot from the right side of the box is saved in the bottom right corner by Jordan Pickford (England). Assisted by Giuliano Simeone with a headed pass.,0,0,0,0,0,0,0
opta_760515_59,opta,espn_opta,OFFICIAL,760515,ENG-ARG SF,2026-07-15,59,47',47.0,"Attempt missed. Julián Alvarez (Argentina) right footed shot from a difficult angle on the right is close, but misses to the right. Assisted by Lionel Messi.",0,0,0,0,0,0,0
opta_760515_60,opta,espn_opta,OFFICIAL,760515,ENG-ARG SF,2026-07-15,60,47',47.0,"Corner, Argentina. Conceded by Jordan Pickford.",0,0,0,0,0,0,0
opta_760515_61,opta,espn_opta,OFFICIAL,760515,ENG-ARG SF,2026-07-15,61,51',51.0,Jude Bellingham (England) wins a free kick in the defensive half.,1,0,0,0,0,0,0
opta_760515_62,opta,espn_opta,OFFICIAL,760515,ENG-ARG SF,2026-07-15,62,51',51.0,Foul by Cristian Romero (Argentina).,1,0,0,0,0,0,0
opta_760515_63,opta,espn_opta,OFFICIAL,760515,ENG-ARG SF,2026-07-15,63,51',51.0,Cristian Romero (Argentina) is shown the yellow card for a bad foul.,1,1,0,0,0,0,1
opta_760515_64,opta,espn_opta,OFFICIAL,760515,ENG-ARG SF,2026-07-15,64,53',53.0,Foul by Jude Bellingham (England).,1,0,0,0,0,0,0
opta_760515_65,opta,espn_opta,OFFICIAL,760515,ENG-ARG SF,2026-07-15,65,53',53.0,Cristian Romero (Argentina) wins a free kick in the attacking half.,1,0,0,0,0,0,0
opta_760515_66,opta,espn_opta,OFFICIAL,760515,ENG-ARG SF,2026-07-15,66,54',54.0,Attempt missed. Leandro Paredes (Argentina) right footed shot from outside the box misses to the left. Assisted by Giuliano Simeone.,0,0,0,0,0,0,0
opta_760515_67,opta,espn_opta,OFFICIAL,760515,ENG-ARG SF,2026-07-15,67,55',55.0,"Goal! England 1, Argentina 0. Anthony Gordon (England) right footed shot from very close range to the bottom left corner. Assisted by Morgan Rogers with a cross.",0,0,1,0,0,0,0
opta_760515_68,opta,espn_opta,OFFICIAL,760515,ENG-ARG SF,2026-07-15,68,57',57.0,"Corner, Argentina. Conceded by Djed Spence.",0,0,0,0,0,0,0
opta_760515_69,opta,espn_opta,OFFICIAL,760515,ENG-ARG SF,2026-07-15,69,61',61.0,Attempt missed. Enzo Fernández (Argentina) right footed shot from outside the box is too high. Assisted by Leandro Paredes.,0,0,0,0,0,0,0
opta_760515_70,opta,espn_opta,OFFICIAL,760515,ENG-ARG SF,2026-07-15,70,64',64.0,"Substitution, Argentina. Nico González replaces Leandro Paredes.",0,0,0,0,0,1,0
opta_760515_71,opta,espn_opta,OFFICIAL,760515,ENG-ARG SF,2026-07-15,71,66',66.0,Attempt saved. Declan Rice (England) right footed shot from outside the box is saved in the bottom left corner by Emiliano Martínez (Argentina). Assisted by Reece James.,0,0,0,0,0,0,0
opta_760515_72,opta,espn_opta,OFFICIAL,760515,ENG-ARG SF,2026-07-15,72,66',66.0,Attempt blocked. Harry Kane (England) right footed shot from outside the box is blocked. Assisted by Declan Rice.,0,0,0,0,0,0,0
opta_760515_73,opta,espn_opta,OFFICIAL,760515,ENG-ARG SF,2026-07-15,73,67',67.0,Foul by Morgan Rogers (England).,1,0,0,0,0,0,0
opta_760515_74,opta,espn_opta,OFFICIAL,760515,ENG-ARG SF,2026-07-15,74,67',67.0,Nicolás Tagliafico (Argentina) wins a free kick in the defensive half.,1,0,0,0,0,0,0
opta_760515_75,opta,espn_opta,OFFICIAL,760515,ENG-ARG SF,2026-07-15,75,67',67.0,"Corner, Argentina. Conceded by Declan Rice.",0,0,0,0,0,0,0
opta_760515_76,opta,espn_opta,OFFICIAL,760515,ENG-ARG SF,2026-07-15,76,68',68.0,"Corner, Argentina. Conceded by Elliot Anderson.",0,0,0,0,0,0,0
opta_760515_77,opta,espn_opta,OFFICIAL,760515,ENG-ARG SF,2026-07-15,77,69',69.0,Attempt saved. Nico González (Argentina) header from the centre of the box is saved in the centre of the goal by Jordan Pickford (England). Assisted by Lionel Messi with a cross.,0,0,1,0,0,0,0
opta_760515_78,opta,espn_opta,OFFICIAL,760515,ENG-ARG SF,2026-07-15,78,69',69.0,Djed Spence (England) wins a free kick in the defensive half.,1,0,0,0,0,0,0
opta_760515_79,opta,espn_opta,OFFICIAL,760515,ENG-ARG SF,2026-07-15,79,69',69.0,Foul by Cristian Romero (Argentina).,1,0,0,0,0,0,0
opta_760515_80,opta,espn_opta,OFFICIAL,760515,ENG-ARG SF,2026-07-15,80,69',69.0,Delay in match for a drinks break.,0,0,0,0,0,0,0
opta_760515_81,opta,espn_opta,OFFICIAL,760515,ENG-ARG SF,2026-07-15,81,72',72.0,Delay over. They are ready to continue.,0,0,0,0,0,0,0
opta_760515_82,opta,espn_opta,OFFICIAL,760515,ENG-ARG SF,2026-07-15,82,72',72.0,"Substitution, England. Ezri Konsa replaces Anthony Gordon.",0,0,0,0,0,1,0
opta_760515_83,opta,espn_opta,OFFICIAL,760515,ENG-ARG SF,2026-07-15,83,72',72.0,"Substitution, Argentina. Gonzalo Montiel replaces Nahuel Molina.",0,0,0,0,0,1,0
opta_760515_84,opta,espn_opta,OFFICIAL,760515,ENG-ARG SF,2026-07-15,84,72',72.0,"Substitution, Argentina. Rodrigo De Paul replaces Giuliano Simeone.",0,0,0,0,0,1,0
opta_760515_85,opta,espn_opta,OFFICIAL,760515,ENG-ARG SF,2026-07-15,85,72',72.0,"Substitution, Argentina. Nicolás Otamendi replaces Lisandro Martínez.",0,0,0,0,0,1,0
opta_760515_86,opta,espn_opta,OFFICIAL,760515,ENG-ARG SF,2026-07-15,86,76',76.0,Alexis Mac Allister (Argentina) hits the left post with a header from the centre of the box. Assisted by Rodrigo De Paul with a cross.,0,0,0,0,0,0,0
opta_760515_87,opta,espn_opta,OFFICIAL,760515,ENG-ARG SF,2026-07-15,87,76',76.0,Attempt missed. Julián Alvarez (Argentina) left footed shot from the centre of the box misses to the left.,0,0,0,0,0,0,0
opta_760515_88,opta,espn_opta,OFFICIAL,760515,ENG-ARG SF,2026-07-15,88,76',76.0,Attempt saved. Alexis Mac Allister (Argentina) header from the centre of the box is saved in the centre of the goal by Jordan Pickford (England). Assisted by Rodrigo De Paul with a cross.,0,0,1,0,0,0,0
opta_760515_89,opta,espn_opta,OFFICIAL,760515,ENG-ARG SF,2026-07-15,89,77',77.0,"Offside, Argentina. Nico González is caught offside.",0,0,0,0,0,0,0
opta_760515_90,opta,espn_opta,OFFICIAL,760515,ENG-ARG SF,2026-07-15,90,79',79.0,Attempt blocked. Morgan Rogers (England) right footed shot from outside the box is blocked.,0,0,0,0,0,0,0
opta_760515_91,opta,espn_opta,OFFICIAL,760515,ENG-ARG SF,2026-07-15,91,81',81.0,Harry Kane (England) wins a free kick in the defensive half.,1,0,0,0,0,0,0
opta_760515_92,opta,espn_opta,OFFICIAL,760515,ENG-ARG SF,2026-07-15,92,81',81.0,Foul by Nico González (Argentina).,1,0,0,0,0,0,0
opta_760515_93,opta,espn_opta,OFFICIAL,760515,ENG-ARG SF,2026-07-15,93,81',81.0,"Substitution, Argentina. Lautaro Martínez replaces Nicolás Tagliafico.",0,0,0,0,0,1,0
opta_760515_94,opta,espn_opta,OFFICIAL,760515,ENG-ARG SF,2026-07-15,94,81',81.0,Delay in match because of an injury Reece James (England).,0,0,0,0,0,0,0
opta_760515_95,opta,espn_opta,OFFICIAL,760515,ENG-ARG SF,2026-07-15,95,82',82.0,Delay over. They are ready to continue.,0,0,0,0,0,0,0
opta_760515_96,opta,espn_opta,OFFICIAL,760515,ENG-ARG SF,2026-07-15,96,82',82.0,"Substitution, England. Dan Burn replaces Reece James because of an injury.",0,0,0,0,0,1,0
opta_760515_97,opta,espn_opta,OFFICIAL,760515,ENG-ARG SF,2026-07-15,97,82',82.0,"Substitution, England. Nico O'Reilly replaces Declan Rice.",0,0,0,0,0,1,0
opta_760515_98,opta,espn_opta,OFFICIAL,760515,ENG-ARG SF,2026-07-15,98,84',84.0,Attempt blocked. Rodrigo De Paul (Argentina) right footed shot from outside the box is blocked. Assisted by Enzo Fernández.,0,0,0,0,0,0,0
opta_760515_99,opta,espn_opta,OFFICIAL,760515,ENG-ARG SF,2026-07-15,99,85',85.0,Attempt missed. Enzo Fernández (Argentina) right footed shot from outside the box is just a bit too high. Assisted by Julián Alvarez.,0,0,0,0,0,0,0
opta_760515_100,opta,espn_opta,OFFICIAL,760515,ENG-ARG SF,2026-07-15,100,85',85.0,"Corner, Argentina. Conceded by Jordan Pickford.",0,0,0,0,0,0,0
opta_760515_101,opta,espn_opta,OFFICIAL,760515,ENG-ARG SF,2026-07-15,101,85',85.0,"Goal! England 1, Argentina 1. Enzo Fernández (Argentina) right footed shot from outside the box to the bottom left corner. Assisted by Lionel Messi following a corner.",0,0,1,0,0,0,0
opta_760515_102,opta,espn_opta,OFFICIAL,760515,ENG-ARG SF,2026-07-15,102,88',88.0,Delay in match because of an injury John Stones (England).,0,0,0,0,0,0,0
opta_760515_103,opta,espn_opta,OFFICIAL,760515,ENG-ARG SF,2026-07-15,103,90',90.0,Delay over. They are ready to continue.,0,0,0,0,0,0,0
opta_760515_104,opta,espn_opta,OFFICIAL,760515,ENG-ARG SF,2026-07-15,104,90'+1',90.01,Fourth official has announced 9 minutes of added time.,0,0,0,0,0,0,0
opta_760515_105,opta,espn_opta,OFFICIAL,760515,ENG-ARG SF,2026-07-15,105,90'+2',90.02,Attempt blocked. Alexis Mac Allister (Argentina) right footed shot from outside the box is blocked. Assisted by Nico González.,0,0,0,0,0,0,0
opta_760515_106,opta,espn_opta,OFFICIAL,760515,ENG-ARG SF,2026-07-15,106,90'+2',90.02,"Goal! England 1, Argentina 2. Lautaro Martínez (Argentina) header from very close range to the top left corner. Assisted by Lionel Messi with a cross.",0,0,1,0,0,0,0
opta_760515_107,opta,espn_opta,OFFICIAL,760515,ENG-ARG SF,2026-07-15,107,90'+4',90.04,Rodrigo De Paul (Argentina) is shown the yellow card.,0,1,0,0,0,0,0
opta_760515_108,opta,espn_opta,OFFICIAL,760515,ENG-ARG SF,2026-07-15,108,90'+6',90.06,"Substitution, England. Ivan Toney replaces John Stones.",0,0,0,0,0,1,0
opta_760515_109,opta,espn_opta,OFFICIAL,760515,ENG-ARG SF,2026-07-15,109,90'+6',90.06,"Substitution, England. Marcus Rashford replaces Djed Spence.",0,0,0,0,0,1,0
opta_760515_110,opta,espn_opta,OFFICIAL,760515,ENG-ARG SF,2026-07-15,110,90'+9',90.09,Foul by Jude Bellingham (England).,1,0,0,0,0,0,0
opta_760515_111,opta,espn_opta,OFFICIAL,760515,ENG-ARG SF,2026-07-15,111,90'+9',90.09,Lionel Messi (Argentina) wins a free kick in the defensive half.,1,0,0,0,0,0,0
opta_760515_112,opta,espn_opta,OFFICIAL,760515,ENG-ARG SF,2026-07-15,112,90'+12',90.12,Foul by Dan Burn (England).,1,0,0,0,0,0,0
opta_760515_113,opta,espn_opta,OFFICIAL,760515,ENG-ARG SF,2026-07-15,113,90'+12',90.12,Emiliano Martínez (Argentina) wins a free kick in the defensive half.,1,0,0,0,0,0,0
opta_760515_114,opta,espn_opta,OFFICIAL,760515,ENG-ARG SF,2026-07-15,114,90'+12',90.12,"Second Half ends, England 1, Argentina 2.",0,0,0,0,0,0,0
opta_760515_115,opta,espn_opta,OFFICIAL,760515,ENG-ARG SF,2026-07-15,115,,,"| Match ends, England 1, Argentina 2.",0,0,0,0,0,0,0
opta_760517_0,opta,espn_opta,OFFICIAL,760517,ESP-ARG Final,2026-07-19,0,,,| Lineups are announced and players are warming up.,0,0,0,0,0,0,0
opta_760517_1,opta,espn_opta,OFFICIAL,760517,ESP-ARG Final,2026-07-19,1,,,| First Half begins.,0,0,0,0,0,0,0
opta_760517_2,opta,espn_opta,OFFICIAL,760517,ESP-ARG Final,2026-07-19,2,2',2.0,Nico González (Argentina) wins a free kick in the defensive half.,1,0,0,0,0,0,0
opta_760517_3,opta,espn_opta,OFFICIAL,760517,ESP-ARG Final,2026-07-19,3,2',2.0,Foul by Pedro Porro (Spain).,1,0,0,0,0,0,0
opta_760517_4,opta,espn_opta,OFFICIAL,760517,ESP-ARG Final,2026-07-19,4,4',4.0,Álex Baena (Spain) wins a free kick in the defensive half.,1,0,0,0,0,0,0
opta_760517_5,opta,espn_opta,OFFICIAL,760517,ESP-ARG Final,2026-07-19,5,4',4.0,Foul by Gonzalo Montiel (Argentina).,1,0,0,0,0,0,0
opta_760517_6,opta,espn_opta,OFFICIAL,760517,ESP-ARG Final,2026-07-19,6,5',5.0,Attempt saved. Lamine Yamal (Spain) left footed shot from the right side of the box is saved in the bottom right corner by Emiliano Martínez (Argentina). Assisted by Dani Olmo.,0,0,0,0,0,0,0
opta_760517_7,opta,espn_opta,OFFICIAL,760517,ESP-ARG Final,2026-07-19,7,8',8.0,Nicolás Tagliafico (Argentina) wins a free kick in the defensive half.,1,0,0,0,0,0,0
opta_760517_8,opta,espn_opta,OFFICIAL,760517,ESP-ARG Final,2026-07-19,8,8',8.0,Foul by Lamine Yamal (Spain).,1,0,0,0,0,0,0
opta_760517_9,opta,espn_opta,OFFICIAL,760517,ESP-ARG Final,2026-07-19,9,12',12.0,"Corner, Spain. Conceded by Lisandro Martínez.",0,0,0,0,0,0,0
opta_760517_10,opta,espn_opta,OFFICIAL,760517,ESP-ARG Final,2026-07-19,10,14',14.0,Foul by Alexis Mac Allister (Argentina).,1,0,0,0,0,0,0
opta_760517_11,opta,espn_opta,OFFICIAL,760517,ESP-ARG Final,2026-07-19,11,14',14.0,Dani Olmo (Spain) wins a free kick in the defensive half.,1,0,0,0,0,0,0
opta_760517_12,opta,espn_opta,OFFICIAL,760517,ESP-ARG Final,2026-07-19,12,16',16.0,Lionel Messi (Argentina) wins a free kick in the attacking half.,1,0,0,0,0,0,0
opta_760517_13,opta,espn_opta,OFFICIAL,760517,ESP-ARG Final,2026-07-19,13,16',16.0,Foul by Álex Baena (Spain).,1,0,0,0,0,0,0
opta_760517_14,opta,espn_opta,OFFICIAL,760517,ESP-ARG Final,2026-07-19,14,18',18.0,Foul by Nicolás Tagliafico (Argentina).,1,0,0,0,0,0,0
opta_760517_15,opta,espn_opta,OFFICIAL,760517,ESP-ARG Final,2026-07-19,15,18',18.0,Dani Olmo (Spain) wins a free kick in the defensive half.,1,0,0,0,0,0,0
opta_760517_16,opta,espn_opta,OFFICIAL,760517,ESP-ARG Final,2026-07-19,16,20',20.0,Enzo Fernández (Argentina) wins a free kick in the defensive half.,1,0,0,0,0,0,0
opta_760517_17,opta,espn_opta,OFFICIAL,760517,ESP-ARG Final,2026-07-19,17,20',20.0,Foul by Dani Olmo (Spain).,1,0,0,0,0,0,0
opta_760517_18,opta,espn_opta,OFFICIAL,760517,ESP-ARG Final,2026-07-19,18,21',21.0,"Offside, Spain. Mikel Oyarzabal is caught offside.",0,0,0,0,0,0,0
opta_760517_19,opta,espn_opta,OFFICIAL,760517,ESP-ARG Final,2026-07-19,19,22',22.0,"Offside, Argentina. Nico González is caught offside.",0,0,0,0,0,0,0
opta_760517_20,opta,espn_opta,OFFICIAL,760517,ESP-ARG Final,2026-07-19,20,23',23.0,"Corner, Spain. Conceded by Rodrigo De Paul.",0,0,0,0,0,0,0
opta_760517_21,opta,espn_opta,OFFICIAL,760517,ESP-ARG Final,2026-07-19,21,24',24.0,Lionel Messi (Argentina) wins a free kick in the defensive half.,1,0,0,0,0,0,0
opta_760517_22,opta,espn_opta,OFFICIAL,760517,ESP-ARG Final,2026-07-19,22,24',24.0,Foul by Rodri (Spain).,1,0,0,0,0,0,0
opta_760517_23,opta,espn_opta,OFFICIAL,760517,ESP-ARG Final,2026-07-19,23,25',25.0,Delay in match for a drinks break.,0,0,0,0,0,0,0
opta_760517_24,opta,espn_opta,OFFICIAL,760517,ESP-ARG Final,2026-07-19,24,27',27.0,Delay over. They are ready to continue.,0,0,0,0,0,0,0
opta_760517_25,opta,espn_opta,OFFICIAL,760517,ESP-ARG Final,2026-07-19,25,28',28.0,Handball by Alexis Mac Allister (Argentina).,0,0,0,0,0,0,0
opta_760517_26,opta,espn_opta,OFFICIAL,760517,ESP-ARG Final,2026-07-19,26,29',29.0,Foul by Nicolás Tagliafico (Argentina).,1,0,0,0,0,0,0
opta_760517_27,opta,espn_opta,OFFICIAL,760517,ESP-ARG Final,2026-07-19,27,29',29.0,Lamine Yamal (Spain) wins a free kick in the defensive half.,1,0,0,0,0,0,0
opta_760517_28,opta,espn_opta,OFFICIAL,760517,ESP-ARG Final,2026-07-19,28,33',33.0,Alexis Mac Allister (Argentina) wins a free kick on the left wing.,1,0,0,0,0,0,0
opta_760517_29,opta,espn_opta,OFFICIAL,760517,ESP-ARG Final,2026-07-19,29,33',33.0,Foul by Rodri (Spain).,1,0,0,0,0,0,0
opta_760517_30,opta,espn_opta,OFFICIAL,760517,ESP-ARG Final,2026-07-19,30,34',34.0,Foul by Julián Alvarez (Argentina).,1,0,0,0,0,0,0
opta_760517_31,opta,espn_opta,OFFICIAL,760517,ESP-ARG Final,2026-07-19,31,34',34.0,Pedro Porro (Spain) wins a free kick in the defensive half.,1,0,0,0,0,0,0
opta_760517_32,opta,espn_opta,OFFICIAL,760517,ESP-ARG Final,2026-07-19,32,35',35.0,"Offside, Spain. Marc Cucurella is caught offside.",0,0,0,0,0,0,0
opta_760517_33,opta,espn_opta,OFFICIAL,760517,ESP-ARG Final,2026-07-19,33,36',36.0,Foul by Nicolás Tagliafico (Argentina).,1,0,0,0,0,0,0
opta_760517_34,opta,espn_opta,OFFICIAL,760517,ESP-ARG Final,2026-07-19,34,36',36.0,Rodri (Spain) wins a free kick in the defensive half.,1,0,0,0,0,0,0
opta_760517_35,opta,espn_opta,OFFICIAL,760517,ESP-ARG Final,2026-07-19,35,38',38.0,Foul by Julián Alvarez (Argentina).,1,0,0,0,0,0,0
opta_760517_36,opta,espn_opta,OFFICIAL,760517,ESP-ARG Final,2026-07-19,36,38',38.0,Rodri (Spain) wins a free kick on the right wing.,1,0,0,0,0,0,0
opta_760517_37,opta,espn_opta,OFFICIAL,760517,ESP-ARG Final,2026-07-19,37,39',39.0,Attempt saved. Mikel Oyarzabal (Spain) left footed shot from outside the box is saved in the bottom right corner by Emiliano Martínez (Argentina). Assisted by Fabián Ruiz.,0,0,0,0,0,0,0
opta_760517_38,opta,espn_opta,OFFICIAL,760517,ESP-ARG Final,2026-07-19,38,41',41.0,Foul by Lisandro Martínez (Argentina).,1,0,0,0,0,0,0
opta_760517_39,opta,espn_opta,OFFICIAL,760517,ESP-ARG Final,2026-07-19,39,41',41.0,Mikel Oyarzabal (Spain) wins a free kick in the defensive half.,1,0,0,0,0,0,0
opta_760517_40,opta,espn_opta,OFFICIAL,760517,ESP-ARG Final,2026-07-19,40,41',41.0,Lisandro Martínez (Argentina) is shown the yellow card for a bad foul.,1,1,0,0,0,0,1
opta_760517_41,opta,espn_opta,OFFICIAL,760517,ESP-ARG Final,2026-07-19,41,43',43.0,"Attempt missed. Marc Cucurella (Spain) left footed shot from outside the box is close, but misses to the right. Assisted by Fabián Ruiz.",0,0,0,0,0,0,0
opta_760517_42,opta,espn_opta,OFFICIAL,760517,ESP-ARG Final,2026-07-19,42,44',44.0,"Substitution, Argentina. Nicolás Otamendi replaces Lisandro Martínez because of an injury.",0,0,0,0,0,1,0
opta_760517_43,opta,espn_opta,OFFICIAL,760517,ESP-ARG Final,2026-07-19,43,45',45.0,Fourth official has announced 4 minutes of added time.,0,0,0,0,0,0,0
opta_760517_44,opta,espn_opta,OFFICIAL,760517,ESP-ARG Final,2026-07-19,44,45'+3',45.03,Lionel Messi (Argentina) wins a free kick in the defensive half.,1,0,0,0,0,0,0
opta_760517_45,opta,espn_opta,OFFICIAL,760517,ESP-ARG Final,2026-07-19,45,45'+3',45.03,Foul by Mikel Oyarzabal (Spain).,1,0,0,0,0,0,0
opta_760517_46,opta,espn_opta,OFFICIAL,760517,ESP-ARG Final,2026-07-19,46,45'+4',45.04,"First Half ends, Spain 0, Argentina 0.",0,0,0,0,0,0,0
opta_760517_47,opta,espn_opta,OFFICIAL,760517,ESP-ARG Final,2026-07-19,47,45',45.0,"Substitution, Argentina. Leandro Paredes replaces Nico González.",0,0,0,0,0,1,0
opta_760517_48,opta,espn_opta,OFFICIAL,760517,ESP-ARG Final,2026-07-19,48,45',45.0,"Second Half begins Spain 0, Argentina 0.",0,0,0,0,0,0,0
opta_760517_49,opta,espn_opta,OFFICIAL,760517,ESP-ARG Final,2026-07-19,49,46',46.0,Attempt saved. Álex Baena (Spain) right footed shot from outside the box is saved in the bottom right corner by Emiliano Martínez (Argentina).,0,0,0,0,0,0,0
opta_760517_50,opta,espn_opta,OFFICIAL,760517,ESP-ARG Final,2026-07-19,50,48',48.0,"Corner, Argentina. Conceded by Aymeric Laporte.",0,0,0,0,0,0,0
opta_760517_51,opta,espn_opta,OFFICIAL,760517,ESP-ARG Final,2026-07-19,51,50',50.0,Rodrigo De Paul (Argentina) wins a free kick in the defensive half.,1,0,0,0,0,0,0
opta_760517_52,opta,espn_opta,OFFICIAL,760517,ESP-ARG Final,2026-07-19,52,50',50.0,Foul by Álex Baena (Spain).,1,0,0,0,0,0,0
opta_760517_53,opta,espn_opta,OFFICIAL,760517,ESP-ARG Final,2026-07-19,53,51',51.0,Gonzalo Montiel (Argentina) wins a free kick on the right wing.,1,0,0,0,0,0,0
opta_760517_54,opta,espn_opta,OFFICIAL,760517,ESP-ARG Final,2026-07-19,54,51',51.0,Foul by Álex Baena (Spain).,1,0,0,0,0,0,0
opta_760517_55,opta,espn_opta,OFFICIAL,760517,ESP-ARG Final,2026-07-19,55,52',52.0,Foul by Leandro Paredes (Argentina).,1,0,0,0,0,0,0
opta_760517_56,opta,espn_opta,OFFICIAL,760517,ESP-ARG Final,2026-07-19,56,52',52.0,Rodri (Spain) wins a free kick in the attacking half.,1,0,0,0,0,0,0
opta_760517_57,opta,espn_opta,OFFICIAL,760517,ESP-ARG Final,2026-07-19,57,52',52.0,Leandro Paredes (Argentina) is shown the yellow card.,0,1,0,0,0,0,0
opta_760517_58,opta,espn_opta,OFFICIAL,760517,ESP-ARG Final,2026-07-19,58,54',54.0,Julián Alvarez (Argentina) wins a free kick in the defensive half.,1,0,0,0,0,0,0
opta_760517_59,opta,espn_opta,OFFICIAL,760517,ESP-ARG Final,2026-07-19,59,54',54.0,Foul by Pedro Porro (Spain).,1,0,0,0,0,0,0
opta_760517_60,opta,espn_opta,OFFICIAL,760517,ESP-ARG Final,2026-07-19,60,54',54.0,Gonzalo Montiel (Argentina) wins a free kick in the defensive half.,1,0,0,0,0,0,0
opta_760517_61,opta,espn_opta,OFFICIAL,760517,ESP-ARG Final,2026-07-19,61,54',54.0,Foul by Álex Baena (Spain).,1,0,0,0,0,0,0
opta_760517_62,opta,espn_opta,OFFICIAL,760517,ESP-ARG Final,2026-07-19,62,56',56.0,Foul by Julián Alvarez (Argentina).,1,0,0,0,0,0,0
opta_760517_63,opta,espn_opta,OFFICIAL,760517,ESP-ARG Final,2026-07-19,63,56',56.0,Aymeric Laporte (Spain) wins a free kick in the defensive half.,1,0,0,0,0,0,0
opta_760517_64,opta,espn_opta,OFFICIAL,760517,ESP-ARG Final,2026-07-19,64,56',56.0,"Corner, Spain. Conceded by Gonzalo Montiel.",0,0,0,0,0,0,0
opta_760517_65,opta,espn_opta,OFFICIAL,760517,ESP-ARG Final,2026-07-19,65,58',58.0,"Substitution, Argentina. Nahuel Molina replaces Gonzalo Montiel.",0,0,0,0,0,1,0
opta_760517_66,opta,espn_opta,OFFICIAL,760517,ESP-ARG Final,2026-07-19,66,60',60.0,Foul by Leandro Paredes (Argentina).,1,0,0,0,0,0,0
opta_760517_67,opta,espn_opta,OFFICIAL,760517,ESP-ARG Final,2026-07-19,67,60',60.0,Pedro Porro (Spain) wins a free kick in the attacking half.,1,0,0,0,0,0,0
opta_760517_68,opta,espn_opta,OFFICIAL,760517,ESP-ARG Final,2026-07-19,68,61',61.0,Attempt blocked. Lamine Yamal (Spain) left footed shot from outside the box is blocked.,0,0,0,0,0,0,0
opta_760517_69,opta,espn_opta,OFFICIAL,760517,ESP-ARG Final,2026-07-19,69,62',62.0,"Substitution, Spain. Ferran Torres replaces Mikel Oyarzabal.",0,0,0,0,0,1,0
opta_760517_70,opta,espn_opta,OFFICIAL,760517,ESP-ARG Final,2026-07-19,70,62',62.0,"Substitution, Spain. Pedri replaces Fabián Ruiz.",0,0,0,0,0,1,0
opta_760517_71,opta,espn_opta,OFFICIAL,760517,ESP-ARG Final,2026-07-19,71,62',62.0,Foul by Nicolás Otamendi (Argentina).,1,0,0,0,0,0,0
opta_760517_72,opta,espn_opta,OFFICIAL,760517,ESP-ARG Final,2026-07-19,72,62',62.0,Ferran Torres (Spain) wins a free kick on the right wing.,1,0,0,0,0,0,0
opta_760517_73,opta,espn_opta,OFFICIAL,760517,ESP-ARG Final,2026-07-19,73,64',64.0,Attempt saved. Dani Olmo (Spain) right footed shot from outside the box is saved in the centre of the goal by Emiliano Martínez (Argentina). Assisted by Pedri.,0,0,1,0,0,0,0
opta_760517_74,opta,espn_opta,OFFICIAL,760517,ESP-ARG Final,2026-07-19,74,64',64.0,"Corner, Spain. Conceded by Emiliano Martínez.",0,0,0,0,0,0,0
opta_760517_75,opta,espn_opta,OFFICIAL,760517,ESP-ARG Final,2026-07-19,75,65',65.0,"Corner, Spain. Conceded by Leandro Paredes.",0,0,0,0,0,0,0
opta_760517_76,opta,espn_opta,OFFICIAL,760517,ESP-ARG Final,2026-07-19,76,65',65.0,Attempt blocked. Dani Olmo (Spain) header from very close range is blocked.,0,0,0,0,0,0,0
opta_760517_77,opta,espn_opta,OFFICIAL,760517,ESP-ARG Final,2026-07-19,77,66',66.0,"Corner, Spain. Conceded by Nicolás Tagliafico.",0,0,0,0,0,0,0
opta_760517_78,opta,espn_opta,OFFICIAL,760517,ESP-ARG Final,2026-07-19,78,67',67.0,Attempt saved. Ferran Torres (Spain) header from the centre of the box is saved in the centre of the goal by Emiliano Martínez (Argentina). Assisted by Lamine Yamal with a cross.,0,0,1,0,0,0,0
opta_760517_79,opta,espn_opta,OFFICIAL,760517,ESP-ARG Final,2026-07-19,79,67',67.0,Delay in match for a drinks break.,0,0,0,0,0,0,0
opta_760517_80,opta,espn_opta,OFFICIAL,760517,ESP-ARG Final,2026-07-19,80,70',70.0,Delay over. They are ready to continue.,0,0,0,0,0,0,0
opta_760517_81,opta,espn_opta,OFFICIAL,760517,ESP-ARG Final,2026-07-19,81,70',70.0,"Substitution, Argentina. Facundo Medina replaces Cristian Romero because of an injury.",0,0,0,0,0,1,0
opta_760517_82,opta,espn_opta,OFFICIAL,760517,ESP-ARG Final,2026-07-19,82,70',70.0,"Substitution, Argentina. Giuliano Simeone replaces Rodrigo De Paul.",0,0,0,0,0,1,0
opta_760517_83,opta,espn_opta,OFFICIAL,760517,ESP-ARG Final,2026-07-19,83,75',75.0,"Substitution, Spain. Nico Williams replaces Álex Baena.",0,0,0,0,0,1,0
opta_760517_84,opta,espn_opta,OFFICIAL,760517,ESP-ARG Final,2026-07-19,84,75',75.0,"Substitution, Spain. Mikel Merino replaces Dani Olmo.",0,0,0,0,0,1,0
opta_760517_85,opta,espn_opta,OFFICIAL,760517,ESP-ARG Final,2026-07-19,85,76',76.0,Foul by Leandro Paredes (Argentina).,1,0,0,0,0,0,0
opta_760517_86,opta,espn_opta,OFFICIAL,760517,ESP-ARG Final,2026-07-19,86,76',76.0,Mikel Merino (Spain) wins a free kick in the attacking half.,1,0,0,0,0,0,0
opta_760517_87,opta,espn_opta,OFFICIAL,760517,ESP-ARG Final,2026-07-19,87,77',77.0,Attempt saved. Pedri (Spain) left footed shot from outside the box is saved in the centre of the goal by Emiliano Martínez (Argentina). Assisted by Rodri.,0,0,1,0,0,0,0
opta_760517_88,opta,espn_opta,OFFICIAL,760517,ESP-ARG Final,2026-07-19,88,77',77.0,Attempt saved. Pau Cubarsí (Spain) right footed shot from outside the box is saved in the centre of the goal by Emiliano Martínez (Argentina). Assisted by Rodri.,0,0,1,0,0,0,0
opta_760517_89,opta,espn_opta,OFFICIAL,760517,ESP-ARG Final,2026-07-19,89,78',78.0,"Corner, Spain. Conceded by Nahuel Molina.",0,0,0,0,0,0,0
opta_760517_90,opta,espn_opta,OFFICIAL,760517,ESP-ARG Final,2026-07-19,90,80',80.0,"Corner, Spain. Conceded by Nicolás Tagliafico.",0,0,0,0,0,0,0
opta_760517_91,opta,espn_opta,OFFICIAL,760517,ESP-ARG Final,2026-07-19,91,81',81.0,Attempt saved. Aymeric Laporte (Spain) header from the centre of the box is saved in the bottom left corner by Emiliano Martínez (Argentina).,0,0,0,0,0,0,0
opta_760517_92,opta,espn_opta,OFFICIAL,760517,ESP-ARG Final,2026-07-19,92,81',81.0,Foul by Giuliano Simeone (Argentina).,1,0,0,0,0,0,0
opta_760517_93,opta,espn_opta,OFFICIAL,760517,ESP-ARG Final,2026-07-19,93,81',81.0,Marc Cucurella (Spain) wins a free kick in the defensive half.,1,0,0,0,0,0,0
opta_760517_94,opta,espn_opta,OFFICIAL,760517,ESP-ARG Final,2026-07-19,94,82',82.0,Enzo Fernández (Argentina).,0,0,0,0,0,0,0
opta_760517_95,opta,espn_opta,OFFICIAL,760517,ESP-ARG Final,2026-07-19,95,82',82.0,(Spain) wins a free kick in the attacking half.,1,0,0,0,0,0,0
opta_760517_96,opta,espn_opta,OFFICIAL,760517,ESP-ARG Final,2026-07-19,96,82',82.0,Enzo Fernández (Argentina) is shown the yellow card.,0,1,0,0,0,0,0
opta_760517_97,opta,espn_opta,OFFICIAL,760517,ESP-ARG Final,2026-07-19,97,84',84.0,Foul by Enzo Fernández (Argentina).,1,0,0,0,0,0,0
opta_760517_98,opta,espn_opta,OFFICIAL,760517,ESP-ARG Final,2026-07-19,98,84',84.0,Mikel Merino (Spain) wins a free kick in the defensive half.,1,0,0,0,0,0,0
opta_760517_99,opta,espn_opta,OFFICIAL,760517,ESP-ARG Final,2026-07-19,99,87',87.0,"Attempt missed. Ferran Torres (Spain) right footed shot from the centre of the box is close, but misses to the right. Assisted by Mikel Merino with a through ball.",0,0,0,0,0,0,0
opta_760517_100,opta,espn_opta,OFFICIAL,760517,ESP-ARG Final,2026-07-19,100,89',89.0,Attempt missed. Rodri (Spain) right footed shot from outside the box is too high. Assisted by Pau Cubarsí.,0,0,0,0,0,0,0
opta_760517_101,opta,espn_opta,OFFICIAL,760517,ESP-ARG Final,2026-07-19,101,90',90.0,Fourth official has announced 4 minutes of added time.,0,0,0,0,0,0,0
opta_760517_102,opta,espn_opta,OFFICIAL,760517,ESP-ARG Final,2026-07-19,102,90'+1',90.01,Nicolás Otamendi (Argentina) wins a free kick in the defensive half.,1,0,0,0,0,0,0
opta_760517_103,opta,espn_opta,OFFICIAL,760517,ESP-ARG Final,2026-07-19,103,90'+1',90.01,Foul by Ferran Torres (Spain).,1,0,0,0,0,0,0
opta_760517_104,opta,espn_opta,OFFICIAL,760517,ESP-ARG Final,2026-07-19,104,90'+1',90.01,Lionel Messi (Argentina) wins a free kick in the attacking half.,1,0,0,0,0,0,0
opta_760517_105,opta,espn_opta,OFFICIAL,760517,ESP-ARG Final,2026-07-19,105,90'+1',90.01,Foul by Aymeric Laporte (Spain).,1,0,0,0,0,0,0
opta_760517_106,opta,espn_opta,OFFICIAL,760517,ESP-ARG Final,2026-07-19,106,90'+2',90.02,Cristian Romero (Argentina) is shown the yellow card.,0,1,0,0,0,0,0
opta_760517_107,opta,espn_opta,OFFICIAL,760517,ESP-ARG Final,2026-07-19,107,90'+3',90.03,Attempt saved. Nico Williams (Spain) right footed shot from the right side of the box is saved in the top centre of the goal by Emiliano Martínez (Argentina). Assisted by Pedro Porro.,0,0,1,0,0,0,0
opta_760517_108,opta,espn_opta,OFFICIAL,760517,ESP-ARG Final,2026-07-19,108,90'+3',90.03,Foul by Enzo Fernández (Argentina).,1,0,0,0,0,0,0
opta_760517_109,opta,espn_opta,OFFICIAL,760517,ESP-ARG Final,2026-07-19,109,90'+3',90.03,Pau Cubarsí (Spain) wins a free kick in the attacking half.,1,0,0,0,0,0,0
opta_760517_110,opta,espn_opta,OFFICIAL,760517,ESP-ARG Final,2026-07-19,110,90'+3',90.03,Second yellow card to Enzo Fernández (Argentina) for a bad foul.,1,1,0,0,0,0,1
opta_760517_111,opta,espn_opta,OFFICIAL,760517,ESP-ARG Final,2026-07-19,111,90'+3',90.03,Delay in match because of an injury Pau Cubarsí (Spain).,0,0,0,0,0,0,0
opta_760517_112,opta,espn_opta,OFFICIAL,760517,ESP-ARG Final,2026-07-19,112,90'+5',90.05,Delay over. They are ready to continue.,0,0,0,0,0,0,0
opta_760517_113,opta,espn_opta,OFFICIAL,760517,ESP-ARG Final,2026-07-19,113,90'+6',90.06,Foul by Leandro Paredes (Argentina).,1,0,0,0,0,0,0
opta_760517_114,opta,espn_opta,OFFICIAL,760517,ESP-ARG Final,2026-07-19,114,90'+6',90.06,Ferran Torres (Spain) wins a free kick in the attacking half.,1,0,0,0,0,0,0
opta_760517_115,opta,espn_opta,OFFICIAL,760517,ESP-ARG Final,2026-07-19,115,90'+8',90.08,Attempt saved. Lamine Yamal (Spain) left footed shot from outside the box is saved in the top right corner by Emiliano Martínez (Argentina).,0,0,0,0,0,0,0
opta_760517_116,opta,espn_opta,OFFICIAL,760517,ESP-ARG Final,2026-07-19,116,90'+8',90.08,"Corner, Spain. Conceded by Emiliano Martínez.",0,0,0,0,0,0,0
opta_760517_117,opta,espn_opta,OFFICIAL,760517,ESP-ARG Final,2026-07-19,117,90'+9',90.09,"Second Half ends, Spain 0, Argentina 0.",0,0,0,0,0,0,0
opta_760517_118,opta,espn_opta,OFFICIAL,760517,ESP-ARG Final,2026-07-19,118,90',90.0,"First Half Extra Time begins Spain 0, Argentina 0.",0,0,0,0,0,0,0
opta_760517_119,opta,espn_opta,OFFICIAL,760517,ESP-ARG Final,2026-07-19,119,92',92.0,Nicolás Tagliafico (Argentina) wins a free kick in the defensive half.,1,0,0,0,0,0,0
opta_760517_120,opta,espn_opta,OFFICIAL,760517,ESP-ARG Final,2026-07-19,120,92',92.0,Foul by Pedro Porro (Spain).,1,0,0,0,0,0,0
opta_760517_121,opta,espn_opta,OFFICIAL,760517,ESP-ARG Final,2026-07-19,121,93',93.0,Attempt saved. Nico Williams (Spain) header from the centre of the box is saved in the bottom left corner by Emiliano Martínez (Argentina). Assisted by Pedri with a through ball.,0,0,0,0,0,0,0
opta_760517_122,opta,espn_opta,OFFICIAL,760517,ESP-ARG Final,2026-07-19,122,93',93.0,Alexis Mac Allister (Argentina) wins a free kick in the defensive half.,1,0,0,0,0,0,0
opta_760517_123,opta,espn_opta,OFFICIAL,760517,ESP-ARG Final,2026-07-19,123,93',93.0,Foul by Pedri (Spain).,1,0,0,0,0,0,0
opta_760517_124,opta,espn_opta,OFFICIAL,760517,ESP-ARG Final,2026-07-19,124,94',94.0,Foul by Giuliano Simeone (Argentina).,1,0,0,0,0,0,0
opta_760517_125,opta,espn_opta,OFFICIAL,760517,ESP-ARG Final,2026-07-19,125,94',94.0,Aymeric Laporte (Spain) wins a free kick in the defensive half.,1,0,0,0,0,0,0
opta_760517_126,opta,espn_opta,OFFICIAL,760517,ESP-ARG Final,2026-07-19,126,96',96.0,Nicolás Otamendi (Argentina) wins a free kick in the defensive half.,1,0,0,0,0,0,0
opta_760517_127,opta,espn_opta,OFFICIAL,760517,ESP-ARG Final,2026-07-19,127,96',96.0,Foul by Mikel Merino (Spain).,1,0,0,0,0,0,0
opta_760517_128,opta,espn_opta,OFFICIAL,760517,ESP-ARG Final,2026-07-19,128,98',98.0,Delay in match because of an injury Emiliano Martínez (Argentina).,0,0,0,0,0,0,0
opta_760517_129,opta,espn_opta,OFFICIAL,760517,ESP-ARG Final,2026-07-19,129,99',99.0,"Substitution, Spain. Martín Zubimendi replaces Rodri.",0,0,0,0,0,1,0
opta_760517_130,opta,espn_opta,OFFICIAL,760517,ESP-ARG Final,2026-07-19,130,99',99.0,"Substitution, Spain. Eric García replaces Aymeric Laporte.",0,0,0,0,0,1,0
opta_760517_131,opta,espn_opta,OFFICIAL,760517,ESP-ARG Final,2026-07-19,131,99',99.0,Delay over. They are ready to continue.,0,0,0,0,0,0,0
opta_760517_132,opta,espn_opta,OFFICIAL,760517,ESP-ARG Final,2026-07-19,132,100',100.0,Foul by Lionel Messi (Argentina).,1,0,0,0,0,0,0
opta_760517_133,opta,espn_opta,OFFICIAL,760517,ESP-ARG Final,2026-07-19,133,100',100.0,Pau Cubarsí (Spain) wins a free kick in the defensive half.,1,0,0,0,0,0,0
opta_760517_134,opta,espn_opta,OFFICIAL,760517,ESP-ARG Final,2026-07-19,134,101',101.0,Attempt missed. Lamine Yamal (Spain) left footed shot from outside the box is high and wide to the left. Assisted by Pedri.,0,0,0,0,0,0,0
opta_760517_135,opta,espn_opta,OFFICIAL,760517,ESP-ARG Final,2026-07-19,135,102',102.0,"Substitution, Argentina. Marcos Senesi replaces Julián Alvarez.",0,0,0,0,0,1,0
opta_760517_136,opta,espn_opta,OFFICIAL,760517,ESP-ARG Final,2026-07-19,136,103',103.0,"Attempt missed. Mikel Merino (Spain) header from the centre of the box is close, but misses to the right. Assisted by Nico Williams with a cross.",0,0,0,0,0,0,0
opta_760517_137,opta,espn_opta,OFFICIAL,760517,ESP-ARG Final,2026-07-19,137,104',104.0,Attempt blocked. Nico Williams (Spain) right footed shot from outside the box is blocked. Assisted by Pedri.,0,0,0,0,0,0,0
opta_760517_138,opta,espn_opta,OFFICIAL,760517,ESP-ARG Final,2026-07-19,138,105',105.0,Fourth official has announced 3 minutes of added time.,0,0,0,0,0,0,0
opta_760517_139,opta,espn_opta,OFFICIAL,760517,ESP-ARG Final,2026-07-19,139,105'+3',105.03,Foul by Giuliano Simeone (Argentina).,1,0,0,0,0,0,0
opta_760517_140,opta,espn_opta,OFFICIAL,760517,ESP-ARG Final,2026-07-19,140,105'+3',105.03,Pedro Porro (Spain) wins a free kick in the defensive half.,1,0,0,0,0,0,0
opta_760517_141,opta,espn_opta,OFFICIAL,760517,ESP-ARG Final,2026-07-19,141,105'+3',105.03,"First Half Extra Time ends, Spain 0, Argentina 0.",0,0,0,0,0,0,0
opta_760517_142,opta,espn_opta,OFFICIAL,760517,ESP-ARG Final,2026-07-19,142,105',105.0,"Second Half Extra Time begins Spain 0, Argentina 0.",0,0,0,0,0,0,0
opta_760517_143,opta,espn_opta,OFFICIAL,760517,ESP-ARG Final,2026-07-19,143,106',106.0,"Goal! Spain 1, Argentina 0. Ferran Torres (Spain) left footed shot from the centre of the box to the high centre of the goal. Assisted by Nico Williams with a headed pass.",0,0,1,0,0,0,0
opta_760517_144,opta,espn_opta,OFFICIAL,760517,ESP-ARG Final,2026-07-19,144,108',108.0,Nicolás Tagliafico (Argentina) wins a free kick in the attacking half.,1,0,0,0,0,0,0
opta_760517_145,opta,espn_opta,OFFICIAL,760517,ESP-ARG Final,2026-07-19,145,108',108.0,Foul by Lamine Yamal (Spain).,1,0,0,0,0,0,0
opta_760517_146,opta,espn_opta,OFFICIAL,760517,ESP-ARG Final,2026-07-19,146,111',111.0,Foul by Alexis Mac Allister (Argentina).,1,0,0,0,0,0,0
opta_760517_147,opta,espn_opta,OFFICIAL,760517,ESP-ARG Final,2026-07-19,147,111',111.0,Marc Cucurella (Spain) wins a free kick in the defensive half.,1,0,0,0,0,0,0
opta_760517_148,opta,espn_opta,OFFICIAL,760517,ESP-ARG Final,2026-07-19,148,111',111.0,Alexis Mac Allister (Argentina) is shown the yellow card for a bad foul.,1,1,0,0,0,0,1
opta_760517_149,opta,espn_opta,OFFICIAL,760517,ESP-ARG Final,2026-07-19,149,111',111.0,Foul by Nicolás Tagliafico (Argentina).,1,0,0,0,0,0,0
opta_760517_150,opta,espn_opta,OFFICIAL,760517,ESP-ARG Final,2026-07-19,150,111',111.0,Mikel Merino (Spain) wins a free kick in the defensive half.,1,0,0,0,0,0,0
opta_760517_151,opta,espn_opta,OFFICIAL,760517,ESP-ARG Final,2026-07-19,151,113',113.0,"Offside, Spain. Nico Williams is caught offside.",0,0,0,0,0,0,0
opta_760517_152,opta,espn_opta,OFFICIAL,760517,ESP-ARG Final,2026-07-19,152,113',113.0,"Offside, Spain. Ferran Torres is caught offside.",0,0,0,0,0,0,0
opta_760517_153,opta,espn_opta,OFFICIAL,760517,ESP-ARG Final,2026-07-19,153,114',114.0,Leandro Paredes (Argentina) wins a free kick on the right wing.,1,0,0,0,0,0,0
opta_760517_154,opta,espn_opta,OFFICIAL,760517,ESP-ARG Final,2026-07-19,154,114',114.0,Foul by Nico Williams (Spain).,1,0,0,0,0,0,0
opta_760517_155,opta,espn_opta,OFFICIAL,760517,ESP-ARG Final,2026-07-19,155,115',115.0,"Corner, Argentina. Conceded by Eric García.",0,0,0,0,0,0,0
opta_760517_156,opta,espn_opta,OFFICIAL,760517,ESP-ARG Final,2026-07-19,156,117',117.0,Attempt blocked. Lionel Messi (Argentina) left footed shot from outside the box is blocked. Assisted by Giuliano Simeone.,0,0,0,0,0,0,0
opta_760517_157,opta,espn_opta,OFFICIAL,760517,ESP-ARG Final,2026-07-19,157,117',117.0,Delay in match because of an injury Mikel Merino (Spain).,0,0,0,0,0,0,0
opta_760517_158,opta,espn_opta,OFFICIAL,760517,ESP-ARG Final,2026-07-19,158,118',118.0,Delay over. They are ready to continue.,0,0,0,0,0,0,0
opta_760517_159,opta,espn_opta,OFFICIAL,760517,ESP-ARG Final,2026-07-19,159,119',119.0,Marcos Senesi (Argentina) wins a free kick on the right wing.,1,0,0,0,0,0,0
opta_760517_160,opta,espn_opta,OFFICIAL,760517,ESP-ARG Final,2026-07-19,160,119',119.0,Foul by Nico Williams (Spain).,1,0,0,0,0,0,0
opta_760517_161,opta,espn_opta,OFFICIAL,760517,ESP-ARG Final,2026-07-19,161,120',120.0,"Corner, Argentina. Conceded by Pau Cubarsí.",0,0,0,0,0,0,0
opta_760517_162,opta,espn_opta,OFFICIAL,760517,ESP-ARG Final,2026-07-19,162,120',120.0,Fourth official has announced 5 minutes of added time.,0,0,0,0,0,0,0
opta_760517_163,opta,espn_opta,OFFICIAL,760517,ESP-ARG Final,2026-07-19,163,120'+1',120.01,"Corner, Argentina. Conceded by Martín Zubimendi.",0,0,0,0,0,0,0
opta_760517_164,opta,espn_opta,OFFICIAL,760517,ESP-ARG Final,2026-07-19,164,120'+2',120.02,Attempt missed. Giuliano Simeone (Argentina) right footed shot from the centre of the box is too high. Assisted by Nicolás Tagliafico following a corner.,0,0,0,0,0,0,0
opta_760517_165,opta,espn_opta,OFFICIAL,760517,ESP-ARG Final,2026-07-19,165,120'+3',120.03,Foul by Nicolás Tagliafico (Argentina).,1,0,0,0,0,0,0
opta_760517_166,opta,espn_opta,OFFICIAL,760517,ESP-ARG Final,2026-07-19,166,120'+3',120.03,Pau Cubarsí (Spain) wins a free kick in the defensive half.,1,0,0,0,0,0,0
opta_760517_167,opta,espn_opta,OFFICIAL,760517,ESP-ARG Final,2026-07-19,167,120'+4',120.04,Nicolás Otamendi (Argentina) wins a free kick in the defensive half.,1,0,0,0,0,0,0
opta_760517_168,opta,espn_opta,OFFICIAL,760517,ESP-ARG Final,2026-07-19,168,120'+4',120.04,Foul by Eric García (Spain).,1,0,0,0,0,0,0
opta_760517_169,opta,espn_opta,OFFICIAL,760517,ESP-ARG Final,2026-07-19,169,120'+5',120.05,Nicolás Otamendi (Argentina) wins a free kick in the defensive half.,1,0,0,0,0,0,0
opta_760517_170,opta,espn_opta,OFFICIAL,760517,ESP-ARG Final,2026-07-19,170,120'+5',120.05,Foul by Marc Cucurella (Spain).,1,0,0,0,0,0,0
opta_760517_171,opta,espn_opta,OFFICIAL,760517,ESP-ARG Final,2026-07-19,171,120'+5',120.05,"Second Half Extra Time ends, Spain 1, Argentina 0.",0,0,0,0,0,0,0
opta_760517_172,opta,espn_opta,OFFICIAL,760517,ESP-ARG Final,2026-07-19,172,,,"| Match ends, Spain 1, Argentina 0.",0,0,0,0,0,0,0
bbc_760509_0,media_mbm,bbc,UK,760509,ARG-EGY R16,2026-07-07,0,,,World Cup 2026 results: Argentina 3-2 Egypt as Lionel Messi scores after having penalty saved - BBC Sport,0,0,1,0,1,0,0
bbc_760509_1,media_mbm,bbc,UK,760509,ARG-EGY R16,2026-07-07,1,,,Argentina complete extraordinary comeback to beat Egypt,0,0,0,0,0,0,0
bbc_760509_2,media_mbm,bbc,UK,760509,ARG-EGY R16,2026-07-07,2,,,"Argentina 3 , Egypt 2 at Full time",0,0,0,0,0,0,0
bbc_760509_3,media_mbm,bbc,UK,760509,ARG-EGY R16,2026-07-07,3,,,"Half Time Argentina 0 , Egypt 1",0,0,0,0,0,0,0
bbc_760509_4,media_mbm,bbc,UK,760509,ARG-EGY R16,2026-07-07,4,79.0,79.0,"L. Messi (79'), G. Montiel (83'), Lautaro Martínez (90'+2)",0,0,0,0,0,0,0
bbc_760509_5,media_mbm,bbc,UK,760509,ARG-EGY R16,2026-07-07,5,83.0,83.0,"L. Messi (79'), G. Montiel (83'), Lautaro Martínez (90'+2)",0,0,0,0,0,0,0
bbc_760509_6,media_mbm,bbc,UK,760509,ARG-EGY R16,2026-07-07,6,90.0,90.0,"L. Messi (79'), G. Montiel (83'), Lautaro Martínez (90'+2)",0,0,0,0,0,0,0
bbc_760509_7,media_mbm,bbc,UK,760509,ARG-EGY R16,2026-07-07,7,15.0,15.0,"Marwan Attia (15'), Haissem Hassan (67')",0,0,0,0,0,0,0
bbc_760509_8,media_mbm,bbc,UK,760509,ARG-EGY R16,2026-07-07,8,67.0,67.0,"Marwan Attia (15'), Haissem Hassan (67')",0,0,0,0,0,0,0
bbc_760509_9,media_mbm,bbc,UK,760509,ARG-EGY R16,2026-07-07,9,,,Argentina come from 2-0 down to win - Fernandez,0,0,0,0,0,0,0
bbc_760509_10,media_mbm,bbc,UK,760509,ARG-EGY R16,2026-07-07,10,,,Winner faces quarter-final against Switzerland or Colombia -,0,0,0,0,0,0,0
bbc_760509_11,media_mbm,bbc,UK,760509,ARG-EGY R16,2026-07-07,11,0.0,0.0,"1,000 tomatoes for winning the World Cup?! 00:00:53, play video",0,0,0,0,0,0,0
bbc_760509_12,media_mbm,bbc,UK,760509,ARG-EGY R16,2026-07-07,12,0.0,0.0,"We gave Alan Shearer a disposable camera for the World Cup. 00:00:43, play video",0,0,0,0,0,0,0
bbc_760509_13,media_mbm,bbc,UK,760509,ARG-EGY R16,2026-07-07,13,0.0,0.0,"Will Argentina face punishment for World Cup final chaos? 00:00:50, play video",0,0,0,0,0,0,0
bbc_760509_14,media_mbm,bbc,UK,760509,ARG-EGY R16,2026-07-07,14,,,Will Argentina face punishment for World Cup final chaos?,0,0,0,0,0,0,0
bbc_760509_15,media_mbm,bbc,UK,760509,ARG-EGY R16,2026-07-07,15,0.0,0.0,"Only just over 1,400 days until the next World Cup! 00:01:12, play video",0,0,0,0,0,0,0
bbc_760509_16,media_mbm,bbc,UK,760509,ARG-EGY R16,2026-07-07,16,0.0,0.0,"Spain continue their World Cup celebrations! 00:00:44, play video",0,0,0,0,0,0,0
bbc_760509_17,media_mbm,bbc,UK,760509,ARG-EGY R16,2026-07-07,17,,,Spain continue their World Cup celebrations!,0,0,0,0,0,0,0
bbc_760509_18,media_mbm,bbc,UK,760509,ARG-EGY R16,2026-07-07,18,0.0,0.0,"The Spain team brings the World Cup home. 00:00:39, play video",0,0,0,0,0,0,0
bbc_760509_19,media_mbm,bbc,UK,760509,ARG-EGY R16,2026-07-07,19,,,The Spain team brings the World Cup home,0,0,0,0,0,0,0
bbc_760509_20,media_mbm,bbc,UK,760509,ARG-EGY R16,2026-07-07,20,0.0,0.0,"World Cup winners Spain arrive home. 00:00:38, play video",0,0,0,0,0,0,0
bbc_760509_21,media_mbm,bbc,UK,760509,ARG-EGY R16,2026-07-07,21,,,World Cup winners Spain arrive home,0,0,0,0,0,0,0
bbc_760509_22,media_mbm,bbc,UK,760509,ARG-EGY R16,2026-07-07,22,0.0,0.0,"What do Spain get for winning the World Cup? 00:00:57, play video",0,0,0,0,0,0,0
bbc_760509_23,media_mbm,bbc,UK,760509,ARG-EGY R16,2026-07-07,23,,,What do Spain get for winning the World Cup?,0,0,0,0,0,0,0
bbc_760509_24,media_mbm,bbc,UK,760509,ARG-EGY R16,2026-07-07,24,0.0,0.0,"'There is no space or place for that in football' 00:00:46, play video",0,0,0,0,0,0,0
bbc_760509_25,media_mbm,bbc,UK,760509,ARG-EGY R16,2026-07-07,25,0.0,0.0,"'I can't believe it!' -  Torres on winning goal. 00:00:28, play video",0,0,1,0,0,0,0
bbc_760509_26,media_mbm,bbc,UK,760509,ARG-EGY R16,2026-07-07,26,,,'I can't believe it!' -  Torres on winning goal,0,0,1,0,0,0,0
bbc_760509_27,media_mbm,bbc,UK,760509,ARG-EGY R16,2026-07-07,27,,,That is all for this live page and we are soon up and running with our coverage of the final last-16 tie as Switzerland take on Colombia.,0,0,0,0,0,0,0
bbc_760509_28,media_mbm,bbc,UK,760509,ARG-EGY R16,2026-07-07,28,,,Holders Argentina survive huge World Cup scare,0,0,0,0,0,0,0
bbc_760509_29,media_mbm,bbc,UK,760509,ARG-EGY R16,2026-07-07,29,,,Argentina survived another almighty scare before delivering a scarcely believable second-half comeback to break Egypt hearts and reach the quarter-finals of the 2026 World Cup.,0,0,0,0,0,0,0
bbc_760509_30,media_mbm,bbc,UK,760509,ARG-EGY R16,2026-07-07,30,11.0,11.0,But Cristian Romero halved the deficit 11 minutes from time before Lionel Messi – who had missed a first-half penalty in Atlanta – equalised five minutes later and set up a nail-biting finish.,0,0,0,0,1,0,0
bbc_760509_31,media_mbm,bbc,UK,760509,ARG-EGY R16,2026-07-07,31,,,"Enzo Fernandez completed the comeback two minutes into injury time, heading home Lautaro Martinez's cross to set up a quarter-final tie against Colombia or Switzerland.",0,0,0,0,0,0,0
bbc_760509_32,media_mbm,bbc,UK,760509,ARG-EGY R16,2026-07-07,32,,,"It was impossible not to feel for Egypt, who had not won a World Cup match prior to this tournament but were minutes away from eliminating the three-time winners in Atlanta.",0,0,0,0,0,0,0
bbc_760509_33,media_mbm,bbc,UK,760509,ARG-EGY R16,2026-07-07,33,,,Watch - Fernandez scores 'the header of his career',0,0,1,0,0,0,0
bbc_760509_34,media_mbm,bbc,UK,760509,ARG-EGY R16,2026-07-07,34,,,"Then came the final drama as Enzo Fernandez, in the 92nd minute, heads in what proved to be the winning goal and stop the tie from going to extra time.",0,0,1,0,0,0,0
bbc_760509_35,media_mbm,bbc,UK,760509,ARG-EGY R16,2026-07-07,35,,,Watch - Messi rescues Argentina with equaliser against Egypt,0,0,0,0,0,0,0
bbc_760509_36,media_mbm,bbc,UK,760509,ARG-EGY R16,2026-07-07,36,,,"After Lionel Messi had provided an assist for Cristian Romero to score Argentina's first goal, Messi got his eighth goal of the tournament with this goal.",0,0,1,0,0,0,0
bbc_760509_37,media_mbm,bbc,UK,760509,ARG-EGY R16,2026-07-07,37,,,Watch - 'What a moment' - Ziko gives Egypt 2-0 lead over Argentina,0,0,0,0,0,0,0
bbc_760509_38,media_mbm,bbc,UK,760509,ARG-EGY R16,2026-07-07,38,,,But this goal did count as Mostafa Ziko made it 2-0 to Egypt.,0,0,1,0,0,0,0
bbc_760509_39,media_mbm,bbc,UK,760509,ARG-EGY R16,2026-07-07,39,,,Watch - Did VAR make the right decision ruling out this Egypt goal?,0,0,1,1,0,0,0
bbc_760509_40,media_mbm,bbc,UK,760509,ARG-EGY R16,2026-07-07,40,,,"Egypt thought they had made it 2-0, only for this goal to be disallowed by VAR.",0,0,1,1,0,0,0
bbc_760509_41,media_mbm,bbc,UK,760509,ARG-EGY R16,2026-07-07,41,,,"After Egypt had opened the scoring, Argentina had the perfect chance to make it 1-1, only for Lionel Messi to have his penalty saved.",0,0,0,0,1,0,0
bbc_760509_42,media_mbm,bbc,UK,760509,ARG-EGY R16,2026-07-07,42,,,'Huge amounts of disappointment across Egypt',0,0,0,0,0,0,0
bbc_760509_43,media_mbm,bbc,UK,760509,ARG-EGY R16,2026-07-07,43,,,Egyptian football expert on BBC Radio 5 Live,0,0,0,0,0,0,0
bbc_760509_44,media_mbm,bbc,UK,760509,ARG-EGY R16,2026-07-07,44,,,Huge amounts of disappointment across Egypt. There is so much inconsistency at the moment with VAR and decisions and how far you go back to pull a decision.,0,0,0,1,0,0,0
bbc_760509_45,media_mbm,bbc,UK,760509,ARG-EGY R16,2026-07-07,45,,,The referee made the wrong decision disallowing Egypt's second goal.,0,0,1,0,0,0,0
bbc_760509_46,media_mbm,bbc,UK,760509,ARG-EGY R16,2026-07-07,46,,,There was such a long distance that had gone by and the foul was so minimal so I completely understand why the Egyptian coaching staff and squad are so disappointed.,1,0,0,0,0,0,0
bbc_760509_47,media_mbm,bbc,UK,760509,ARG-EGY R16,2026-07-07,47,,,"If that was Lionel Messi or someone else in an Argentina shirt, the question is would there have been the same consistency, that is what has really aggrieved people.",0,0,0,0,0,0,0
bbc_760509_48,media_mbm,bbc,UK,760509,ARG-EGY R16,2026-07-07,48,,,Messi two clear at top of all-time World Cup scorers list,0,0,1,0,0,0,0
bbc_760509_49,media_mbm,bbc,UK,760509,ARG-EGY R16,2026-07-07,49,,,Argentina’s Lionel Messi became the first player in World Cup history to score in six consecutive knockout stage matches.,0,0,1,0,0,0,0
bbc_760509_50,media_mbm,bbc,UK,760509,ARG-EGY R16,2026-07-07,50,21.0,21.0,Argentina will be next in action against either Switzerland or Colombia (who play their last-16 tie from 21:00 BST).,0,0,0,0,0,0,0
bbc_760509_51,media_mbm,bbc,UK,760509,ARG-EGY R16,2026-07-07,51,2.0,2.0,The quarter-final is set for 02:00 BST on Sunday morning.,0,0,0,0,0,0,0
bbc_760509_52,media_mbm,bbc,UK,760509,ARG-EGY R16,2026-07-07,52,,,The third goal from Fernandez was a magnificent header.,0,0,1,0,0,0,0
bbc_760509_53,media_mbm,bbc,UK,760509,ARG-EGY R16,2026-07-07,53,,,"Lionel Messi, after inspiring an Argentina recovery, gets flung up in the air repeatedly by his team-mates. Whatever you do lads, don't drop him. You need him again in a few days.",0,0,0,0,0,0,0
bbc_760509_54,media_mbm,bbc,UK,760509,ARG-EGY R16,2026-07-07,54,,,Former England goalkeeper on BBC Radio 5 Live at Atlanta Stadium,0,0,0,0,0,0,0
bbc_760509_55,media_mbm,bbc,UK,760509,ARG-EGY R16,2026-07-07,55,,,"That was incredible. Spectacular. Argentina were down and out, they were out of the tournament at one point.",0,0,0,0,0,0,0
bbc_760509_56,media_mbm,bbc,UK,760509,ARG-EGY R16,2026-07-07,56,,,Egypt are so frustrated with the refereeing decisions that have gone against them. They had a second goal disallowed before they got their second goal for an infringement that was almost on their own touchline.,0,0,1,0,0,0,0
bbc_760509_57,media_mbm,bbc,UK,760509,ARG-EGY R16,2026-07-07,57,,,"Then Lionel Messi just stepped in and took over. Beautiful assist, great finish for his goal and then the substitutions worked for Argentina.",0,0,1,0,0,1,0
bbc_760509_58,media_mbm,bbc,UK,760509,ARG-EGY R16,2026-07-07,58,,,Argentina complete extraordinary comeback to beat Egypt,0,0,0,0,0,0,0
bbc_760509_59,media_mbm,bbc,UK,760509,ARG-EGY R16,2026-07-07,59,,,Argentina deliver astonishing second-half comeback to defeat Egypt in World Cup last 16.,0,0,0,0,0,0,0
bbc_760509_60,media_mbm,bbc,UK,760509,ARG-EGY R16,2026-07-07,60,,,Yasser Ibrahim and Mostafa Zico had given Egypt a 2-0 lead,0,0,0,0,0,0,0
bbc_760509_61,media_mbm,bbc,UK,760509,ARG-EGY R16,2026-07-07,61,,,Argentina were given another almighty scare before delivering a scarcely believable second-half comeback to break Egypt hearts and reach the quarter-finals of the 2026 World Cup.,0,0,0,0,0,0,0
bbc_760509_62,media_mbm,bbc,UK,760509,ARG-EGY R16,2026-07-07,62,11.0,11.0,But Cristian Romero halved the deficit 11 minutes from time before Lionel Messi – who had missed a first-half penalty – equalised five minutes later and set up a nail-biting finish.,0,0,0,0,1,0,0
bbc_760509_63,media_mbm,bbc,UK,760509,ARG-EGY R16,2026-07-07,63,,,"Enzo Fernandez completed the comeback two minutes into injury time, heading home Lautaro Martinez's cross to set up a quarter-final tie against Switzerland.",0,0,0,0,0,0,0
bbc_760509_64,media_mbm,bbc,UK,760509,ARG-EGY R16,2026-07-07,64,,,"The winner came on the counter-attack just moments after Egypt felt they had been denied a penalty for a trip on Mohamed Salah, to the fury of many on their bench.",0,0,0,0,1,0,0
bbc_760509_65,media_mbm,bbc,UK,760509,ARG-EGY R16,2026-07-07,65,,,"It was impossible not to feel for Egypt, who had not won a World Cup match prior to this tournament but were minutes away from eliminating the three-time winners in Atlanta.",0,0,0,0,0,0,0
bbc_760509_66,media_mbm,bbc,UK,760509,ARG-EGY R16,2026-07-07,66,15.0,15.0,"Victors over Australia in the round of 32, the Pharaohs sent their fans into ecstasy on 15 minutes when Ibrahim outjumped Lisandro Martinez to nod Marwan Attia's cross into the bottom corner.",0,0,0,0,0,0,0
bbc_760509_67,media_mbm,bbc,UK,760509,ARG-EGY R16,2026-07-07,67,,,But Argentina – and tournament top scorer Messi – were given a golden opportunity to restore parity when Haissem Hassan tripped Nicolas Tagliafico inside the penalty area five minutes later.,0,0,1,0,1,0,0
bbc_760509_68,media_mbm,bbc,UK,760509,ARG-EGY R16,2026-07-07,68,,,"Egypt goalkeeper Mostafa Shobeir, however, produced a magnificent save to deny the 39-year-old, who also had a penalty saved in a 2-0 victory over Austria in the group stage.",0,0,0,0,1,0,0
bbc_760509_69,media_mbm,bbc,UK,760509,ARG-EGY R16,2026-07-07,69,,,"Shobeir was outstanding in the first half, saving well from Alexis Mac Allister's header before delivering a superb one-handed stop from Julian Alvarez's goal-bound effort three minutes before the interval.",0,0,1,0,0,0,0
bbc_760509_70,media_mbm,bbc,UK,760509,ARG-EGY R16,2026-07-07,70,,,"Zico had a goal disallowed by the video assistant referee shortly before the hour mark, but the 29-year-old stroked home Hassan's delivery midway through the second period to leave Egypt on the brink of an unlikely quarter-final spot.",0,0,1,0,0,0,0
bbc_760509_71,media_mbm,bbc,UK,760509,ARG-EGY R16,2026-07-07,71,,,"Argentina had created precious little up to that point, but Romero's 79th-minute header sparked Lionel Scaloni's team into life before Messi slammed home his 21st World Cup goal to set up a frantic conclusion to a pulsating contest.",0,0,1,0,0,0,0
bbc_760509_72,media_mbm,bbc,UK,760509,ARG-EGY R16,2026-07-07,72,,,"Fernandez had the final say, his perfectly placed header completing one of the great World Cup recoveries with the 3,000th goal in tournament history.",0,0,1,0,0,0,0
bbc_760509_73,media_mbm,bbc,UK,760509,ARG-EGY R16,2026-07-07,73,,,Fernandez scores 'the header of his career',0,0,1,0,0,0,0
bbc_760509_74,media_mbm,bbc,UK,760509,ARG-EGY R16,2026-07-07,74,,,Argentina analysis: Messi shrugs off first-half penalty miss to continue scoring run,0,0,0,0,1,0,0
bbc_760509_75,media_mbm,bbc,UK,760509,ARG-EGY R16,2026-07-07,75,,,Messi rescues Argentina with equaliser against Egypt,0,0,0,0,0,0,0
bbc_760509_76,media_mbm,bbc,UK,760509,ARG-EGY R16,2026-07-07,76,,,The 39-year-old had gone into this last-16 game as the tournament's joint-top scorer alongside France's Kylian Mbappe – and the top World Cup scorer of all time with 20.,0,0,1,0,0,0,0
bbc_760509_77,media_mbm,bbc,UK,760509,ARG-EGY R16,2026-07-07,77,,,"But Egypt – who were magnificent until Romero handed Argentina a late lifeline – were just a few minutes away from bringing an abrupt, unceremonious end to the Albiceleste talisman's World Cup career.",0,0,0,0,0,0,0
bbc_760509_78,media_mbm,bbc,UK,760509,ARG-EGY R16,2026-07-07,78,,,"Messi and his colleagues had little to shout about in the first half, with Egypt goalkeeper Shobeir in inspired form.",0,0,0,0,0,0,0
bbc_760509_79,media_mbm,bbc,UK,760509,ARG-EGY R16,2026-07-07,79,,,"He is now the first player in World Cup history to score in six consecutive knockout-stage matches, while his eight goals are the most in the opening five games of a single edition since Gerd Müller netted 10 for West Germany in 1970.",0,0,1,0,0,0,0
bbc_760509_80,media_mbm,bbc,UK,760509,ARG-EGY R16,2026-07-07,80,,,"Egypt analysis: So close, yet so far for battling Pharaohs",0,0,0,0,0,0,0
bbc_760509_81,media_mbm,bbc,UK,760509,ARG-EGY R16,2026-07-07,81,,,Tuesday's round-of-16 tie had been billed as a meeting between two of the game's all-time greats – Argentina talisman Messi and Egypt hero Salah.,0,0,0,0,0,0,0
bbc_760509_82,media_mbm,bbc,UK,760509,ARG-EGY R16,2026-07-07,82,,,"Egypt started superbly in Atlanta, biting into challenges and offering Argentina little joy in the final third – but La Albiceleste appeared to be wrestling back control towards the end of the first half.",0,0,0,0,0,0,0
bbc_760509_83,media_mbm,bbc,UK,760509,ARG-EGY R16,2026-07-07,83,11.0,11.0,"A comeback, however, did not look to be on the cards until Romero ended the Pharaohs' resistance 11 minutes from time.",0,0,0,0,0,0,0
bbc_760509_84,media_mbm,bbc,UK,760509,ARG-EGY R16,2026-07-07,84,,,"Egypt were unhappy with the officials' decision to rule out Zico's second-half goal, which came at the end of a flowing counter-attack involving Salah and Hassan.",0,0,1,0,0,0,0
bbc_760509_85,media_mbm,bbc,UK,760509,ARG-EGY R16,2026-07-07,85,,,But they were even more incensed at their refusal to award a penalty for a foul on Salah shortly before Fernandez's winner.,1,0,0,0,1,0,0
bbc_760509_86,media_mbm,bbc,UK,760509,ARG-EGY R16,2026-07-07,86,,,"Alvarez appeared to make contact with Salah's right boot, sending the former Liverpool player to ground – but referee Francois Letexier waved play on and Fernandez scored at the other end moments later.",0,0,1,0,0,0,0
bbc_760509_87,media_mbm,bbc,UK,760509,ARG-EGY R16,2026-07-07,87,,,"Egypt exit the tournament with their heads held high, but the Pharaohs were left to rue what might have been.",0,0,0,0,0,0,0
bbc_760509_88,media_mbm,bbc,UK,760509,ARG-EGY R16,2026-07-07,88,2.0,2.0,Argentina now face Switzerland in the quarter-finals. The quarter-final kicks off at 02:00 BST on Sunday 12 July.,0,0,0,0,0,0,0
bbc_760509_89,media_mbm,bbc,UK,760509,ARG-EGY R16,2026-07-07,89,,,"After the opportunity to rate players has closed, the score displayed represents the average from all the submissions by BBC Sport users.",0,0,1,0,0,0,0
bbc_760509_90,media_mbm,bbc,UK,760509,ARG-EGY R16,2026-07-07,90,,,FIFA World Cup Scores & Fixtures,0,0,1,0,0,0,0
bbc_760509_91,media_mbm,bbc,UK,760509,ARG-EGY R16,2026-07-07,91,,,"Argentina 3 , Egypt 2 at Full time",0,0,0,0,0,0,0
bbc_760509_92,media_mbm,bbc,UK,760509,ARG-EGY R16,2026-07-07,92,,,"Switzerland 0 , Colombia 0 After extra time , Switzerland win 4 - 3 on penalties",0,0,0,0,0,0,0
bbc_760509_93,media_mbm,bbc,UK,760509,ARG-EGY R16,2026-07-07,93,,,Switzerland win 4 - 3 on penalties,0,0,0,0,0,0,0
bbc_760509_94,media_mbm,bbc,UK,760509,ARG-EGY R16,2026-07-07,94,66.0,66.0,", substituted for N. González at 66 minutes",0,0,0,0,0,0,0
bbc_760509_95,media_mbm,bbc,UK,760509,ARG-EGY R16,2026-07-07,95,95.0,95.0,", substituted for N. Otamendi at 95 minutes",0,0,0,0,0,0,0
bbc_760509_96,media_mbm,bbc,UK,760509,ARG-EGY R16,2026-07-07,96,73.0,73.0,", substituted for G. Montiel at 73 minutes",0,0,0,0,0,0,0
bbc_760509_97,media_mbm,bbc,UK,760509,ARG-EGY R16,2026-07-07,97,66.0,66.0,", substituted for Lautaro Martínez at 66 minutes",0,0,0,0,0,0,0
bbc_760509_98,media_mbm,bbc,UK,760509,ARG-EGY R16,2026-07-07,98,95.0,95.0,", substituted for F. Medina at 95 minutes",0,0,0,0,0,0,0
bbc_760509_99,media_mbm,bbc,UK,760509,ARG-EGY R16,2026-07-07,99,90.0,90.0,", Yellow Card at 90 minutes plus 3",0,1,0,0,0,0,0
bbc_760509_100,media_mbm,bbc,UK,760509,ARG-EGY R16,2026-07-07,100,46.0,46.0,", substituted for Hamdi Fathy at 46 minutes",0,0,0,0,0,0,0
bbc_760509_101,media_mbm,bbc,UK,760509,ARG-EGY R16,2026-07-07,101,90.0,90.0,", Yellow Card at 90 minutes plus 8",0,1,0,0,0,0,0
bbc_760509_102,media_mbm,bbc,UK,760509,ARG-EGY R16,2026-07-07,102,96.0,96.0,", substituted for Zizo at 96 minutes",0,0,0,0,0,0,0
bbc_760509_103,media_mbm,bbc,UK,760509,ARG-EGY R16,2026-07-07,103,90.0,90.0,", Yellow Card at 90 minutes plus 12",0,1,0,0,0,0,0
bbc_760509_104,media_mbm,bbc,UK,760509,ARG-EGY R16,2026-07-07,104,73.0,73.0,", substituted for Trezeguet at 73 minutes",0,0,0,0,0,0,0
bbc_760509_105,media_mbm,bbc,UK,760509,ARG-EGY R16,2026-07-07,105,80.0,80.0,", substituted for Omar Marmoush at 80 minutes",0,0,0,0,0,0,0
bbc_760509_106,media_mbm,bbc,UK,760509,ARG-EGY R16,2026-07-07,106,90.0,90.0,", Yellow Card at 90 minutes plus 4",0,1,0,0,0,0,0
bbc_760509_107,media_mbm,bbc,UK,760509,ARG-EGY R16,2026-07-07,107,66.0,66.0,", substituted for N. González at 66 minutes",0,0,0,0,0,0,0
bbc_760509_108,media_mbm,bbc,UK,760509,ARG-EGY R16,2026-07-07,108,95.0,95.0,", substituted for N. Otamendi at 95 minutes",0,0,0,0,0,0,0
bbc_760509_109,media_mbm,bbc,UK,760509,ARG-EGY R16,2026-07-07,109,73.0,73.0,", substituted for G. Montiel at 73 minutes",0,0,0,0,0,0,0
bbc_760509_110,media_mbm,bbc,UK,760509,ARG-EGY R16,2026-07-07,110,66.0,66.0,", substituted for Lautaro Martínez at 66 minutes",0,0,0,0,0,0,0
bbc_760509_111,media_mbm,bbc,UK,760509,ARG-EGY R16,2026-07-07,111,95.0,95.0,", substituted for F. Medina at 95 minutes",0,0,0,0,0,0,0
bbc_760509_112,media_mbm,bbc,UK,760509,ARG-EGY R16,2026-07-07,112,90.0,90.0,", Yellow Card at 90 minutes plus 3",0,1,0,0,0,0,0
bbc_760509_113,media_mbm,bbc,UK,760509,ARG-EGY R16,2026-07-07,113,46.0,46.0,", substituted for Hamdi Fathy at 46 minutes",0,0,0,0,0,0,0
bbc_760509_114,media_mbm,bbc,UK,760509,ARG-EGY R16,2026-07-07,114,90.0,90.0,", Yellow Card at 90 minutes plus 8",0,1,0,0,0,0,0
bbc_760509_115,media_mbm,bbc,UK,760509,ARG-EGY R16,2026-07-07,115,96.0,96.0,", substituted for Zizo at 96 minutes",0,0,0,0,0,0,0
bbc_760509_116,media_mbm,bbc,UK,760509,ARG-EGY R16,2026-07-07,116,90.0,90.0,", Yellow Card at 90 minutes plus 12",0,1,0,0,0,0,0
bbc_760509_117,media_mbm,bbc,UK,760509,ARG-EGY R16,2026-07-07,117,73.0,73.0,", substituted for Trezeguet at 73 minutes",0,0,0,0,0,0,0
bbc_760509_118,media_mbm,bbc,UK,760509,ARG-EGY R16,2026-07-07,118,80.0,80.0,", substituted for Omar Marmoush at 80 minutes",0,0,0,0,0,0,0
bbc_760509_119,media_mbm,bbc,UK,760509,ARG-EGY R16,2026-07-07,119,90.0,90.0,", Yellow Card at 90 minutes plus 4",0,1,0,0,0,0,0
bbc_760509_120,media_mbm,bbc,UK,760509,ARG-EGY R16,2026-07-07,120,,,"Match momentum measures the swing of the match by comparing each team’s threat to see who is more likely to score within that minute. The momentum value is the difference between each team’s most dangerous moment, or team threat, in that minute.",0,0,1,0,0,0,0
bbc_760509_121,media_mbm,bbc,UK,760509,ARG-EGY R16,2026-07-07,121,,,"Match momentum measures the swing of the match by comparing each team’s threat to see who is more likely to score within that minute. The momentum value is the difference between each team’s most dangerous moment, or team threat, in that minute.",0,0,1,0,0,0,0
bbc_760509_122,media_mbm,bbc,UK,760509,ARG-EGY R16,2026-07-07,122,,,"Egypt 0 , Argentina 2 on the 25th of March 2008",0,0,0,0,0,0,0
bbc_760513_0,media_mbm,bbc,UK,760513,ARG-SUI QF,2026-07-12,0,,,"Argentina vs Switzerland LIVE: World Cup quarter-final score, lineups, commentary & updates - BBC Sport",0,0,1,0,0,0,0
bbc_760513_1,media_mbm,bbc,UK,760513,ARG-SUI QF,2026-07-12,1,,,Argentina beat 10-man Switzerland in extra time to set up England tie,0,0,0,0,0,0,0
bbc_760513_2,media_mbm,bbc,UK,760513,ARG-SUI QF,2026-07-12,2,,,"Argentina 3 , Switzerland 1 After extra time",0,0,0,0,0,0,0
bbc_760513_3,media_mbm,bbc,UK,760513,ARG-SUI QF,2026-07-12,3,,,"Full Time Argentina 1 , Switzerland 1",0,0,0,0,0,0,0
bbc_760513_4,media_mbm,bbc,UK,760513,ARG-SUI QF,2026-07-12,4,,,"Half Time Argentina 1 , Switzerland 0",0,0,0,0,0,0,0
bbc_760513_5,media_mbm,bbc,UK,760513,ARG-SUI QF,2026-07-12,5,10.0,10.0,"L. Messi (10'), J. López (112' ET)",0,0,0,0,0,0,0
bbc_760513_6,media_mbm,bbc,UK,760513,ARG-SUI QF,2026-07-12,6,112.0,112.0,"L. Messi (10'), J. López (112' ET)",0,0,0,0,0,0,0
bbc_760513_7,media_mbm,bbc,UK,760513,ARG-SUI QF,2026-07-12,7,,,Mac Allister heads Argentina in front in Kansas City,0,0,0,0,0,0,0
bbc_760513_8,media_mbm,bbc,UK,760513,ARG-SUI QF,2026-07-12,8,,,after yellow card overturned by VAR for mistaken identity,0,1,0,1,0,0,0
bbc_760513_9,media_mbm,bbc,UK,760513,ARG-SUI QF,2026-07-12,9,,,Alvarez scores stunning goal in extra time to restore Argentina lead,0,0,1,0,0,0,0
bbc_760513_10,media_mbm,bbc,UK,760513,ARG-SUI QF,2026-07-12,10,20.0,20.0,Winner will face England in last four on Wednesday (20:00 BST) live on BBC,0,0,0,0,0,0,0
bbc_760513_11,media_mbm,bbc,UK,760513,ARG-SUI QF,2026-07-12,11,5.0,5.0,published at 05:30 BST 12 July,0,0,0,0,0,0,0
bbc_760513_12,media_mbm,bbc,UK,760513,ARG-SUI QF,2026-07-12,12,,,Alvarez's stunning strike gives Argentina lead against 10-man Switzerland,0,0,0,0,0,0,0
bbc_760513_13,media_mbm,bbc,UK,760513,ARG-SUI QF,2026-07-12,13,5.0,5.0,"It's 5:30 in the morning, I think it's time we signed off.",0,0,0,0,0,0,0
bbc_760513_14,media_mbm,bbc,UK,760513,ARG-SUI QF,2026-07-12,14,,,Relive Argentina's win over Switzerland by scrolling back through this page.,0,0,0,0,0,0,0
bbc_760513_15,media_mbm,bbc,UK,760513,ARG-SUI QF,2026-07-12,15,,,We'll see you on Tuesday for France's semi-final with Spain.,0,0,0,0,0,0,0
bbc_760513_16,media_mbm,bbc,UK,760513,ARG-SUI QF,2026-07-12,16,5.0,5.0,published at 05:28 BST 12 July,0,0,0,0,0,0,0
bbc_760513_17,media_mbm,bbc,UK,760513,ARG-SUI QF,2026-07-12,17,5.0,5.0,published at 05:26 BST 12 July,0,0,0,0,0,0,0
bbc_760513_18,media_mbm,bbc,UK,760513,ARG-SUI QF,2026-07-12,18,,,"Argentina's last match with England was over 20 years ago, a 3-2 defeat in 2005 in Switzerland.",0,0,0,0,0,0,0
bbc_760513_19,media_mbm,bbc,UK,760513,ARG-SUI QF,2026-07-12,19,,,"No player in the Argentina squad, including Lionel Messi, featured in the match.",0,0,0,0,0,0,0
bbc_760513_20,media_mbm,bbc,UK,760513,ARG-SUI QF,2026-07-12,20,,,Argentina vs England at the World Cup,0,0,0,0,0,0,0
bbc_760513_21,media_mbm,bbc,UK,760513,ARG-SUI QF,2026-07-12,21,5.0,5.0,published at 05:25 BST 12 July,0,0,0,0,0,0,0
bbc_760513_22,media_mbm,bbc,UK,760513,ARG-SUI QF,2026-07-12,22,,,"Hand of God, Michael Owen's wonder goal, the quarter-final in '66.",0,0,1,0,0,0,0
bbc_760513_23,media_mbm,bbc,UK,760513,ARG-SUI QF,2026-07-12,23,,,Wednesday's semi-final will be the fifth between Argentina and England at World Cups.,0,0,0,0,0,0,0
bbc_760513_24,media_mbm,bbc,UK,760513,ARG-SUI QF,2026-07-12,24,,,Argentina 2-2 England (4-3 on pens) 1998,0,0,0,0,0,0,0
bbc_760513_25,media_mbm,bbc,UK,760513,ARG-SUI QF,2026-07-12,25,5.0,5.0,published at 05:24 BST 12 July,0,0,0,0,0,0,0
bbc_760513_26,media_mbm,bbc,UK,760513,ARG-SUI QF,2026-07-12,26,5.0,5.0,published at 05:22 BST 12 July,0,0,0,0,0,0,0
bbc_760513_27,media_mbm,bbc,UK,760513,ARG-SUI QF,2026-07-12,27,,,Everything looks worse in slow motion and he ends up getting the yellow card for simulation.,0,1,0,0,0,0,0
bbc_760513_28,media_mbm,bbc,UK,760513,ARG-SUI QF,2026-07-12,28,5.0,5.0,published at 05:19 BST 12 July,0,0,0,0,0,0,0
bbc_760513_29,media_mbm,bbc,UK,760513,ARG-SUI QF,2026-07-12,29,,,"Argentina may be the defending champions but they certainly don't look great. If Cape Verde, Egypt and now Switzerland could all give them a huge scare, then England definitely have a chance of beating them.",0,0,0,0,0,0,0
bbc_760513_30,media_mbm,bbc,UK,760513,ARG-SUI QF,2026-07-12,30,5.0,5.0,published at 05:17 BST 12 July,0,0,0,0,0,0,0
bbc_760513_31,media_mbm,bbc,UK,760513,ARG-SUI QF,2026-07-12,31,,,"Lionel Messi couldn't possibly end an international career, over 200 matches, without playing the team that Argentina fans see as their biggest rival.",0,0,0,0,0,0,0
bbc_760513_32,media_mbm,bbc,UK,760513,ARG-SUI QF,2026-07-12,32,,,'I don't see why England should have any fear',0,0,0,0,0,0,1
bbc_760513_33,media_mbm,bbc,UK,760513,ARG-SUI QF,2026-07-12,33,5.0,5.0,published at 05:15 BST 12 July,0,0,0,0,0,0,0
bbc_760513_34,media_mbm,bbc,UK,760513,ARG-SUI QF,2026-07-12,34,,,Former England forward on BBC Radio 5 Live,0,0,0,0,0,0,0
bbc_760513_35,media_mbm,bbc,UK,760513,ARG-SUI QF,2026-07-12,35,,,"I can imagine Thomas Tuchel watching this game and thinking 'blimey, do you know what, I'm glad we're not facing the Swiss'. They were the better team on the night but England v Argentina - that's the better tie. That's the tie we all want to see.",0,0,0,0,0,0,0
bbc_760513_36,media_mbm,bbc,UK,760513,ARG-SUI QF,2026-07-12,36,,,I don't see why England should have any fear of this Argentinian team.,0,0,0,0,0,0,1
bbc_760513_37,media_mbm,bbc,UK,760513,ARG-SUI QF,2026-07-12,37,,,'Argentina going to get stronger',0,0,0,0,0,0,0
bbc_760513_38,media_mbm,bbc,UK,760513,ARG-SUI QF,2026-07-12,38,5.0,5.0,published at 05:13 BST 12 July,0,0,0,0,0,0,0
bbc_760513_39,media_mbm,bbc,UK,760513,ARG-SUI QF,2026-07-12,39,,,"Argentina just keep finding that moment of quality, they find a way through and a team like this is going to get stronger and stronger.",0,0,0,0,0,0,0
bbc_760513_40,media_mbm,bbc,UK,760513,ARG-SUI QF,2026-07-12,40,5.0,5.0,published at 05:11 BST 12 July,0,0,0,0,0,0,0
bbc_760513_41,media_mbm,bbc,UK,760513,ARG-SUI QF,2026-07-12,41,,,Argentina have the hunger to win it all. Lionel Messi comes up clutch whenever he has to. They have the mentality to go all the way.,0,0,0,0,0,0,0
bbc_760513_42,media_mbm,bbc,UK,760513,ARG-SUI QF,2026-07-12,42,,,"I think Lionel Messi is going to pull it out of the bag in the semi-final, it should be a great match as England won't give up that easily!",0,0,0,0,0,0,0
bbc_760513_43,media_mbm,bbc,UK,760513,ARG-SUI QF,2026-07-12,43,5.0,5.0,published at 05:09 BST 12 July,0,0,0,0,0,0,0
bbc_760513_44,media_mbm,bbc,UK,760513,ARG-SUI QF,2026-07-12,44,,,Argentina found a way to claw their way into the next round.,0,0,0,0,0,0,0
bbc_760513_45,media_mbm,bbc,UK,760513,ARG-SUI QF,2026-07-12,45,,,Switzerland defended well but in the end it was too much.,0,0,0,0,0,0,0
bbc_760513_46,media_mbm,bbc,UK,760513,ARG-SUI QF,2026-07-12,46,5.0,5.0,published at 05:06 BST 12 July,0,0,0,0,0,0,0
bbc_760513_47,media_mbm,bbc,UK,760513,ARG-SUI QF,2026-07-12,47,,,"Not shocking that Argentina won, but they need to get their heads in the game before the England match, because that was atrocious. Team chemistry was poor and they didn't create anywhere close to enough opportunities considering they were playing a historically weaker team with a man down.",0,0,0,0,0,0,0
bbc_760513_48,media_mbm,bbc,UK,760513,ARG-SUI QF,2026-07-12,48,,,'Alvarez's goal was phenomenal',0,0,1,0,0,0,0
bbc_760513_49,media_mbm,bbc,UK,760513,ARG-SUI QF,2026-07-12,49,5.0,5.0,published at 05:04 BST 12 July,0,0,0,0,0,0,0
bbc_760513_50,media_mbm,bbc,UK,760513,ARG-SUI QF,2026-07-12,50,,,Julian Alvarez's goal was just absolutely phenomenal.,0,0,1,0,0,0,0
bbc_760513_51,media_mbm,bbc,UK,760513,ARG-SUI QF,2026-07-12,51,5.0,5.0,published at 05:02 BST 12 July,0,0,0,0,0,0,0
bbc_760513_52,media_mbm,bbc,UK,760513,ARG-SUI QF,2026-07-12,52,,,Switzerland have played in four World Cup quarter-finals and haven't won a single one.,0,0,0,0,0,0,0
bbc_760513_53,media_mbm,bbc,UK,760513,ARG-SUI QF,2026-07-12,53,4.0,4.0,published at 04:58 BST 12 July,0,0,0,0,0,0,0
bbc_760513_54,media_mbm,bbc,UK,760513,ARG-SUI QF,2026-07-12,54,,,'England will be relishing the prospect of playing this Argentina team',0,0,0,0,0,0,0
bbc_760513_55,media_mbm,bbc,UK,760513,ARG-SUI QF,2026-07-12,55,4.0,4.0,published at 04:56 BST 12 July,0,0,0,0,0,0,0
bbc_760513_56,media_mbm,bbc,UK,760513,ARG-SUI QF,2026-07-12,56,,,Former England forward on BBC Radio 5 Live,0,0,0,0,0,0,0
bbc_760513_57,media_mbm,bbc,UK,760513,ARG-SUI QF,2026-07-12,57,,,"I think Thomas Tuchel and the England players will be relishing the prospect of playing this Argentina team in it's current guise, it's current form because this isn't a great Argentina team but they do have a habit of finding a way.",0,0,0,0,0,0,0
bbc_760513_58,media_mbm,bbc,UK,760513,ARG-SUI QF,2026-07-12,58,4.0,4.0,published at 04:53 BST 12 July,0,0,0,0,0,0,0
bbc_760513_59,media_mbm,bbc,UK,760513,ARG-SUI QF,2026-07-12,59,,,"Looking forward to England vs Argentina, based on what we saw today, England have got to be favourites. Norway are much better than Switzerland and England have had a tougher draw, Argentina have had the easiest semi-final path!",0,0,0,0,0,0,0
bbc_760513_60,media_mbm,bbc,UK,760513,ARG-SUI QF,2026-07-12,60,,,"After the performance of England tonight I think it will be a very nervous game against Argentina, as they always find a way to win, but surely England can beat Argentina.",0,0,0,0,0,0,0
bbc_760513_61,media_mbm,bbc,UK,760513,ARG-SUI QF,2026-07-12,61,4.0,4.0,published at 04:51 BST 12 July,0,0,0,0,0,0,0
bbc_760513_62,media_mbm,bbc,UK,760513,ARG-SUI QF,2026-07-12,62,,,"Lionel Messi has his shirt off, he's waving it above his head while signing in front of the Argentina fans.",0,0,0,0,0,0,0
bbc_760513_63,media_mbm,bbc,UK,760513,ARG-SUI QF,2026-07-12,63,4.0,4.0,published at 04:48 BST 12 July,0,0,0,0,0,0,0
bbc_760513_64,media_mbm,bbc,UK,760513,ARG-SUI QF,2026-07-12,64,,,"Argentina did enough, they were the ones that forced the issue.",0,0,0,0,0,0,0
bbc_760513_65,media_mbm,bbc,UK,760513,ARG-SUI QF,2026-07-12,65,,,Julian Alvarez was unbelievable all game and he was able to get the decisive second goal.,0,0,1,0,0,0,0
bbc_760513_66,media_mbm,bbc,UK,760513,ARG-SUI QF,2026-07-12,66,,,Argentina set up England semi-final with extra-time victory over Switzerland,0,0,0,0,0,0,0
bbc_760513_67,media_mbm,bbc,UK,760513,ARG-SUI QF,2026-07-12,67,,,Argentina will face England in the semi-finals of the 2026 World Cup after a dramatic victory over Switzerland in sweltering Kansas City.,0,0,0,0,0,0,0
bbc_760513_68,media_mbm,bbc,UK,760513,ARG-SUI QF,2026-07-12,68,,,"It was heartbreak for Switzerland, who had defended valiantly after being reduced to 10 men during the second half in dramatic circumstances.",0,0,0,0,0,0,0
bbc_760513_69,media_mbm,bbc,UK,760513,ARG-SUI QF,2026-07-12,69,,,Star striker Breel Embolo was dramatically given a second yellow card for diving following a video assistant referee review.,0,1,0,0,0,0,0
bbc_760513_70,media_mbm,bbc,UK,760513,ARG-SUI QF,2026-07-12,70,,,"Embolo initially appeared to be fouled near the half-way line by Leandro Paredes, who was booked. However the referee was called by VAR to check under the",0,1,0,1,0,0,0
bbc_760513_71,media_mbm,bbc,UK,760513,ARG-SUI QF,2026-07-12,71,,,"The Paredes booking was quashed and Embolo, who had already been booked, was sent off to his distress and Swiss outrage.",0,1,0,0,0,0,0
bbc_760513_72,media_mbm,bbc,UK,760513,ARG-SUI QF,2026-07-12,72,,,'We should all be excited' - Messi set for first England meeting,0,0,0,0,0,0,0
bbc_760513_73,media_mbm,bbc,UK,760513,ARG-SUI QF,2026-07-12,73,,,Alvarez's stunning strike gives Argentina lead against 10-man Switzerland,0,0,0,0,0,0,0
bbc_760513_74,media_mbm,bbc,UK,760513,ARG-SUI QF,2026-07-12,74,,,'Cheats never prosper' - Embolo sent off after second yellow for diving,0,1,0,0,0,0,0
bbc_760513_75,media_mbm,bbc,UK,760513,ARG-SUI QF,2026-07-12,75,,,"Just five minutes before Embolo was dismissed, Switzerland had deservedly equalised having been the better team for much of this game against the reigning world champions.",0,0,0,0,0,0,0
bbc_760513_76,media_mbm,bbc,UK,760513,ARG-SUI QF,2026-07-12,76,10.0,10.0,Argentina may have anticipated a cruise to the last four when Alexis Mac Allister flicked home Lionel Messi's corner at the near post with just 10 minutes gone.,0,0,0,0,0,0,0
bbc_760513_77,media_mbm,bbc,UK,760513,ARG-SUI QF,2026-07-12,77,67.0,67.0,But they failed to press their advantage and Switzerland built into the game before Nottingham Forest winger Dan Ndoye struck after 67 minutes.,0,0,0,0,0,0,0
bbc_760513_78,media_mbm,bbc,UK,760513,ARG-SUI QF,2026-07-12,78,,,"Ndoye cut in from the left, played a one-two with Ricardo Rodriguez and tucked his finish through the legs of Emiliano Martinez.",0,0,0,0,0,0,0
bbc_760513_79,media_mbm,bbc,UK,760513,ARG-SUI QF,2026-07-12,79,,,"But Argentina assumed dominance after the Embolo red, and after long periods of struggle were blessed by Alvarez's moment of genius.",0,0,0,0,0,0,0
bbc_760513_80,media_mbm,bbc,UK,760513,ARG-SUI QF,2026-07-12,80,,,"Switzerland pushed for a second leveller, but they were caught on the counter and Lautaro Martinez slotted home as Argentina kept their bid for back to back World Cups alive.",0,0,0,0,0,0,0
bbc_760513_81,media_mbm,bbc,UK,760513,ARG-SUI QF,2026-07-12,81,,,Switzerland striker Breel Embolo was left in tears after being sent off,0,0,0,0,0,0,0
bbc_760513_82,media_mbm,bbc,UK,760513,ARG-SUI QF,2026-07-12,82,,,Argentina analysis: Firepower tells despite another underwhelming showing,0,0,0,0,0,0,0
bbc_760513_83,media_mbm,bbc,UK,760513,ARG-SUI QF,2026-07-12,83,,,Argentina take lead through Mac Allister's 'beautiful header',0,0,0,0,0,0,0
bbc_760513_84,media_mbm,bbc,UK,760513,ARG-SUI QF,2026-07-12,84,,,"For the third successive match, Argentina  earned a chaotic win with an underwhelming performance despite starting the match as clear favourites.",0,0,0,0,0,0,0
bbc_760513_85,media_mbm,bbc,UK,760513,ARG-SUI QF,2026-07-12,85,90.0,90.0,"After taking the lead early on, they went nearly 90 minutes without another shot on target between Mac Allister's opener and an acrobatic Lisandro Martinez effort deep into second-half injury time that was well saved low by Kobel.",0,0,0,0,0,0,0
bbc_760513_86,media_mbm,bbc,UK,760513,ARG-SUI QF,2026-07-12,86,,,"Emiliano Martinez was the busier goalkeeper, making a close-quarters save from Ndoye. Embolo was flagged for offside in the build-up, although replays indicated this may have been overturned had Ndoye scored.",0,0,1,0,0,0,0
bbc_760513_87,media_mbm,bbc,UK,760513,ARG-SUI QF,2026-07-12,87,,,"But Argentina have such a surplus of firepower, they could not be denied - even though Messi was unable to get on the scoresheet for the first time at this World Cup.",0,0,1,0,0,0,0
bbc_760513_88,media_mbm,bbc,UK,760513,ARG-SUI QF,2026-07-12,88,,,"Argentina have scored in 15 consecutive World Cup games, netting at least twice in each of the past 11. By scoring more than once here, they set a new World Cup record for longest sequence of scoring multiple goals in the competition's history, beating Uruguay's run between 1930 and 1954.",0,0,1,0,0,0,0
bbc_760513_89,media_mbm,bbc,UK,760513,ARG-SUI QF,2026-07-12,89,,,Switzerland analysis: Embolo red proves turning point,0,0,0,0,0,0,0
bbc_760513_90,media_mbm,bbc,UK,760513,ARG-SUI QF,2026-07-12,90,,,Switzerland will be left to wonder what might have been after a match where they were the better team for long spells - and where the Embolo red card was a turning point.,0,1,0,0,0,0,0
bbc_760513_91,media_mbm,bbc,UK,760513,ARG-SUI QF,2026-07-12,91,,,There is no question Embolo went to ground with no contact from Paredes; however he may have been anticipating another heavy challenge as Argentina went largely unpunished throughout for some very physical play.,0,0,0,0,0,0,0
bbc_760513_92,media_mbm,bbc,UK,760513,ARG-SUI QF,2026-07-12,92,,,"In total, there were 32 fouls in the game, 14 of them from the Argentines - but no yellow cards were given to the South Americans until extra time.",0,1,0,0,0,0,0
bbc_760513_93,media_mbm,bbc,UK,760513,ARG-SUI QF,2026-07-12,93,,,"The upshot is that Switzerland were unable to break their quarter-final curse. They have played six matches in the last eight of major competitions, and lost them all.",0,0,0,0,0,0,0
bbc_760513_94,media_mbm,bbc,UK,760513,ARG-SUI QF,2026-07-12,94,,,"Switzerland will also rue the absence of key midfielder Johan Manzambi, who had an impressive start to the tournament before missing their final two games with a knee injury.",0,0,0,0,0,0,0
bbc_760513_95,media_mbm,bbc,UK,760513,ARG-SUI QF,2026-07-12,95,,,Alexis Mac Allister scored his first goal of the 2026 World Cup to put Argentina ahead,0,0,1,0,0,0,0
bbc_760513_96,media_mbm,bbc,UK,760513,ARG-SUI QF,2026-07-12,96,,,"Argentina will play England in the second semi-final, at 20.00 BST on Wednesday, 15 July in Atlanta.",0,0,0,0,0,0,0
bbc_760513_97,media_mbm,bbc,UK,760513,ARG-SUI QF,2026-07-12,97,,,The victor in that match will then face France or Spain in the 2026 World Cup final.,0,0,0,0,0,0,0
bbc_760513_98,media_mbm,bbc,UK,760513,ARG-SUI QF,2026-07-12,98,,,"After the opportunity to rate players has closed, the score displayed represents the average from all the submissions by BBC Sport users.",0,0,1,0,0,0,0
bbc_760513_99,media_mbm,bbc,UK,760513,ARG-SUI QF,2026-07-12,99,,,FIFA World Cup Scores & Fixtures,0,0,1,0,0,0,0
bbc_760513_100,media_mbm,bbc,UK,760513,ARG-SUI QF,2026-07-12,100,,,"Argentina 3 , Switzerland 1 After extra time",0,0,0,0,0,0,0
bbc_760513_101,media_mbm,bbc,UK,760513,ARG-SUI QF,2026-07-12,101,78.0,78.0,", substituted for N. González at 78 minutes",0,0,0,0,0,0,0
bbc_760513_102,media_mbm,bbc,UK,760513,ARG-SUI QF,2026-07-12,102,105.0,105.0,", substituted for N. Otamendi at 105 minutes",0,0,0,0,0,0,0
bbc_760513_103,media_mbm,bbc,UK,760513,ARG-SUI QF,2026-07-12,103,85.0,85.0,", substituted for G. Montiel at 85 minutes",0,0,0,0,0,0,0
bbc_760513_104,media_mbm,bbc,UK,760513,ARG-SUI QF,2026-07-12,104,110.0,110.0,", substituted for J. López at 110 minutes",0,0,0,0,0,0,0
bbc_760513_105,media_mbm,bbc,UK,760513,ARG-SUI QF,2026-07-12,105,90.0,90.0,", substituted for T. Almada at 90 minutes",0,0,0,0,0,0,0
bbc_760513_106,media_mbm,bbc,UK,760513,ARG-SUI QF,2026-07-12,106,85.0,85.0,", substituted for Lautaro Martínez at 85 minutes",0,0,0,0,0,0,0
bbc_760513_107,media_mbm,bbc,UK,760513,ARG-SUI QF,2026-07-12,107,97.0,97.0,", Yellow Card at 97 minutes extra time",0,1,0,0,0,0,0
bbc_760513_108,media_mbm,bbc,UK,760513,ARG-SUI QF,2026-07-12,108,114.0,114.0,", Yellow Card at 114 minutes extra time",0,1,0,0,0,0,0
bbc_760513_109,media_mbm,bbc,UK,760513,ARG-SUI QF,2026-07-12,109,98.0,98.0,", Yellow Card at 98 minutes extra time",0,1,0,0,0,0,0
bbc_760513_110,media_mbm,bbc,UK,760513,ARG-SUI QF,2026-07-12,110,95.0,95.0,", substituted for E. Cömert at 95 minutes",0,0,0,0,0,0,0
bbc_760513_111,media_mbm,bbc,UK,760513,ARG-SUI QF,2026-07-12,111,96.0,96.0,", substituted for A. Jashari at 96 minutes",0,0,0,0,0,0,0
bbc_760513_112,media_mbm,bbc,UK,760513,ARG-SUI QF,2026-07-12,112,115.0,115.0,", substituted for R. Vargas at 115 minutes",0,0,0,0,0,0,0
bbc_760513_113,media_mbm,bbc,UK,760513,ARG-SUI QF,2026-07-12,113,86.0,86.0,", substituted for Z. Amdouni at 86 minutes",0,0,0,0,0,0,0
bbc_760513_114,media_mbm,bbc,UK,760513,ARG-SUI QF,2026-07-12,114,86.0,86.0,", substituted for M. Muheim at 86 minutes",0,0,0,0,0,0,0
bbc_760513_115,media_mbm,bbc,UK,760513,ARG-SUI QF,2026-07-12,115,86.0,86.0,", substituted for S. Widmer at 86 minutes",0,0,0,0,0,0,0
bbc_760513_116,media_mbm,bbc,UK,760513,ARG-SUI QF,2026-07-12,116,72.0,72.0,", Two Yellow Cards at 72 minutes",0,1,0,0,0,0,0
bbc_760513_117,media_mbm,bbc,UK,760513,ARG-SUI QF,2026-07-12,117,78.0,78.0,", substituted for N. González at 78 minutes",0,0,0,0,0,0,0
bbc_760513_118,media_mbm,bbc,UK,760513,ARG-SUI QF,2026-07-12,118,105.0,105.0,", substituted for N. Otamendi at 105 minutes",0,0,0,0,0,0,0
bbc_760513_119,media_mbm,bbc,UK,760513,ARG-SUI QF,2026-07-12,119,85.0,85.0,", substituted for G. Montiel at 85 minutes",0,0,0,0,0,0,0
bbc_760513_120,media_mbm,bbc,UK,760513,ARG-SUI QF,2026-07-12,120,110.0,110.0,", substituted for J. López at 110 minutes",0,0,0,0,0,0,0
bbc_760513_121,media_mbm,bbc,UK,760513,ARG-SUI QF,2026-07-12,121,90.0,90.0,", substituted for T. Almada at 90 minutes",0,0,0,0,0,0,0
bbc_760513_122,media_mbm,bbc,UK,760513,ARG-SUI QF,2026-07-12,122,85.0,85.0,", substituted for Lautaro Martínez at 85 minutes",0,0,0,0,0,0,0
bbc_760513_123,media_mbm,bbc,UK,760513,ARG-SUI QF,2026-07-12,123,97.0,97.0,", Yellow Card at 97 minutes extra time",0,1,0,0,0,0,0
bbc_760513_124,media_mbm,bbc,UK,760513,ARG-SUI QF,2026-07-12,124,114.0,114.0,", Yellow Card at 114 minutes extra time",0,1,0,0,0,0,0
bbc_760513_125,media_mbm,bbc,UK,760513,ARG-SUI QF,2026-07-12,125,98.0,98.0,", Yellow Card at 98 minutes extra time",0,1,0,0,0,0,0
bbc_760513_126,media_mbm,bbc,UK,760513,ARG-SUI QF,2026-07-12,126,95.0,95.0,", substituted for E. Cömert at 95 minutes",0,0,0,0,0,0,0
bbc_760513_127,media_mbm,bbc,UK,760513,ARG-SUI QF,2026-07-12,127,96.0,96.0,", substituted for A. Jashari at 96 minutes",0,0,0,0,0,0,0
bbc_760513_128,media_mbm,bbc,UK,760513,ARG-SUI QF,2026-07-12,128,115.0,115.0,", substituted for R. Vargas at 115 minutes",0,0,0,0,0,0,0
bbc_760513_129,media_mbm,bbc,UK,760513,ARG-SUI QF,2026-07-12,129,86.0,86.0,", substituted for Z. Amdouni at 86 minutes",0,0,0,0,0,0,0
bbc_760513_130,media_mbm,bbc,UK,760513,ARG-SUI QF,2026-07-12,130,86.0,86.0,", substituted for M. Muheim at 86 minutes",0,0,0,0,0,0,0
bbc_760513_131,media_mbm,bbc,UK,760513,ARG-SUI QF,2026-07-12,131,86.0,86.0,", substituted for S. Widmer at 86 minutes",0,0,0,0,0,0,0
bbc_760513_132,media_mbm,bbc,UK,760513,ARG-SUI QF,2026-07-12,132,72.0,72.0,", Two Yellow Cards at 72 minutes",0,1,0,0,0,0,0
bbc_760513_133,media_mbm,bbc,UK,760513,ARG-SUI QF,2026-07-12,133,,,"Match momentum measures the swing of the match by comparing each team’s threat to see who is more likely to score within that minute. The momentum value is the difference between each team’s most dangerous moment, or team threat, in that minute.",0,0,1,0,0,0,0
bbc_760513_134,media_mbm,bbc,UK,760513,ARG-SUI QF,2026-07-12,134,,,"Match momentum measures the swing of the match by comparing each team’s threat to see who is more likely to score within that minute. The momentum value is the difference between each team’s most dangerous moment, or team threat, in that minute.",0,0,1,0,0,0,0
bbc_760513_135,media_mbm,bbc,UK,760513,ARG-SUI QF,2026-07-12,135,,,"Argentina 1 , Switzerland 0 on the 1st of July 2014",0,0,0,0,0,0,0
bbc_760513_136,media_mbm,bbc,UK,760513,ARG-SUI QF,2026-07-12,136,,,"Switzerland 1 , Argentina 3 on the 29th of February 2012",0,0,0,0,0,0,0
bbc_760513_137,media_mbm,bbc,UK,760513,ARG-SUI QF,2026-07-12,137,,,"Switzerland 1 , Argentina 1 on the 2nd of June 2007",0,0,0,0,0,0,0
bbc_760515_0,media_mbm,bbc,UK,760515,ENG-ARG SF,2026-07-15,0,,,England 1-2 Argentina: Three Lions suffer World Cup semi-final heartbreak with loss - BBC Sport,0,0,0,0,0,0,0
bbc_760515_1,media_mbm,bbc,UK,760515,ENG-ARG SF,2026-07-15,1,,,England suffer World Cup semi-final heartbreak with loss to Argentina,0,0,0,0,0,0,0
bbc_760515_2,media_mbm,bbc,UK,760515,ENG-ARG SF,2026-07-15,2,,,"England 1 , Argentina 2 at Full time",0,0,0,0,0,0,0
bbc_760515_3,media_mbm,bbc,UK,760515,ENG-ARG SF,2026-07-15,3,,,"Half Time England 0 , Argentina 0",0,0,0,0,0,0,0
bbc_760515_4,media_mbm,bbc,UK,760515,ENG-ARG SF,2026-07-15,4,,,England suffer World Cup heartbreak with late semi-final defeat by Argentina,0,0,0,0,0,0,0
bbc_760515_5,media_mbm,bbc,UK,760515,ENG-ARG SF,2026-07-15,5,,,had earlier put England 1-0 up,0,0,0,0,0,0,0
bbc_760515_6,media_mbm,bbc,UK,760515,ENG-ARG SF,2026-07-15,6,20.0,20.0,"Argentina will face Spain in Sunday's final, live on BBC One (20:00 BST)",0,0,0,0,0,0,0
bbc_760515_7,media_mbm,bbc,UK,760515,ENG-ARG SF,2026-07-15,7,0.0,0.0,"1,000 tomatoes for winning the World Cup?! 00:00:53, play video",0,0,0,0,0,0,0
bbc_760515_8,media_mbm,bbc,UK,760515,ENG-ARG SF,2026-07-15,8,0.0,0.0,"We gave Alan Shearer a disposable camera for the World Cup. 00:00:43, play video",0,0,0,0,0,0,0
bbc_760515_9,media_mbm,bbc,UK,760515,ENG-ARG SF,2026-07-15,9,0.0,0.0,"Will Argentina face punishment for World Cup final chaos? 00:00:50, play video",0,0,0,0,0,0,0
bbc_760515_10,media_mbm,bbc,UK,760515,ENG-ARG SF,2026-07-15,10,,,Will Argentina face punishment for World Cup final chaos?,0,0,0,0,0,0,0
bbc_760515_11,media_mbm,bbc,UK,760515,ENG-ARG SF,2026-07-15,11,0.0,0.0,"Only just over 1,400 days until the next World Cup! 00:01:12, play video",0,0,0,0,0,0,0
bbc_760515_12,media_mbm,bbc,UK,760515,ENG-ARG SF,2026-07-15,12,0.0,0.0,"Spain continue their World Cup celebrations! 00:00:44, play video",0,0,0,0,0,0,0
bbc_760515_13,media_mbm,bbc,UK,760515,ENG-ARG SF,2026-07-15,13,,,Spain continue their World Cup celebrations!,0,0,0,0,0,0,0
bbc_760515_14,media_mbm,bbc,UK,760515,ENG-ARG SF,2026-07-15,14,0.0,0.0,"The Spain team brings the World Cup home. 00:00:39, play video",0,0,0,0,0,0,0
bbc_760515_15,media_mbm,bbc,UK,760515,ENG-ARG SF,2026-07-15,15,,,The Spain team brings the World Cup home,0,0,0,0,0,0,0
bbc_760515_16,media_mbm,bbc,UK,760515,ENG-ARG SF,2026-07-15,16,0.0,0.0,"World Cup winners Spain arrive home. 00:00:38, play video",0,0,0,0,0,0,0
bbc_760515_17,media_mbm,bbc,UK,760515,ENG-ARG SF,2026-07-15,17,,,World Cup winners Spain arrive home,0,0,0,0,0,0,0
bbc_760515_18,media_mbm,bbc,UK,760515,ENG-ARG SF,2026-07-15,18,0.0,0.0,"What do Spain get for winning the World Cup? 00:00:57, play video",0,0,0,0,0,0,0
bbc_760515_19,media_mbm,bbc,UK,760515,ENG-ARG SF,2026-07-15,19,,,What do Spain get for winning the World Cup?,0,0,0,0,0,0,0
bbc_760515_20,media_mbm,bbc,UK,760515,ENG-ARG SF,2026-07-15,20,0.0,0.0,"'There is no space or place for that in football' 00:00:46, play video",0,0,0,0,0,0,0
bbc_760515_21,media_mbm,bbc,UK,760515,ENG-ARG SF,2026-07-15,21,0.0,0.0,"'I can't believe it!' -  Torres on winning goal. 00:00:28, play video",0,0,1,0,0,0,0
bbc_760515_22,media_mbm,bbc,UK,760515,ENG-ARG SF,2026-07-15,22,,,'I can't believe it!' -  Torres on winning goal,0,0,1,0,0,0,0
bbc_760515_23,media_mbm,bbc,UK,760515,ENG-ARG SF,2026-07-15,23,0.0,0.0,published at 00:00 BST 16 July,0,0,0,0,0,0,0
bbc_760515_24,media_mbm,bbc,UK,760515,ENG-ARG SF,2026-07-15,24,,,"So, that's that. It's more semi-final heartbreak for England. 1990, 2018 and now, 2026.",0,0,0,0,0,0,0
bbc_760515_25,media_mbm,bbc,UK,760515,ENG-ARG SF,2026-07-15,25,,,Argentina shatter England's World Cup dreams in semi-final,0,0,0,0,0,0,0
bbc_760515_26,media_mbm,bbc,UK,760515,ENG-ARG SF,2026-07-15,26,0.0,0.0,published at 00:00 BST 16 July,0,0,0,0,0,0,0
bbc_760515_27,media_mbm,bbc,UK,760515,ENG-ARG SF,2026-07-15,27,,,"So, Spain will take on Argentina on Sunday in the World Cup final.",0,0,0,0,0,0,0
bbc_760515_28,media_mbm,bbc,UK,760515,ENG-ARG SF,2026-07-15,28,23.0,23.0,published at 23:57 BST 15 July,0,0,0,0,0,0,0
bbc_760515_29,media_mbm,bbc,UK,760515,ENG-ARG SF,2026-07-15,29,22.0,22.0,England will take on France in the third-place play-off on Saturday at 22:00 BST in Miami and you can watch live on the BBC.,0,0,0,0,0,0,0
bbc_760515_30,media_mbm,bbc,UK,760515,ENG-ARG SF,2026-07-15,30,,,"It's not the game we had hoped to be in, but England can still finish the tournament with their best World Cup result since 1966.",0,0,0,0,0,0,0
bbc_760515_31,media_mbm,bbc,UK,760515,ENG-ARG SF,2026-07-15,31,23.0,23.0,published at 23:55 BST 15 July,0,0,0,0,0,0,0
bbc_760515_32,media_mbm,bbc,UK,760515,ENG-ARG SF,2026-07-15,32,,,"semi-final in 1966, England have now been eliminated in each of their past",0,0,0,0,0,0,0
bbc_760515_33,media_mbm,bbc,UK,760515,ENG-ARG SF,2026-07-15,33,23.0,23.0,published at 23:53 BST 15 July,0,0,0,0,0,0,0
bbc_760515_34,media_mbm,bbc,UK,760515,ENG-ARG SF,2026-07-15,34,,,Here's what England's captain and manager had to say.,0,0,0,0,0,0,0
bbc_760515_35,media_mbm,bbc,UK,760515,ENG-ARG SF,2026-07-15,35,,,'No regrets' - Tuchel on England's deafeat against Argentina,0,0,0,0,0,0,0
bbc_760515_36,media_mbm,bbc,UK,760515,ENG-ARG SF,2026-07-15,36,23.0,23.0,published at 23:50 BST 15 July,0,0,0,0,0,0,0
bbc_760515_37,media_mbm,bbc,UK,760515,ENG-ARG SF,2026-07-15,37,23.0,23.0,published at 23:48 BST 15 July,0,0,0,0,0,0,0
bbc_760515_38,media_mbm,bbc,UK,760515,ENG-ARG SF,2026-07-15,38,,,"Kieran Trippier, Luke Shaw and now Anthony Gordon. They've all put England ahead in big games at a major tournament before suffering late heartbreak.",0,0,0,0,0,0,0
bbc_760515_39,media_mbm,bbc,UK,760515,ENG-ARG SF,2026-07-15,39,,,Gordon puts England in the lead,0,0,0,0,0,0,0
bbc_760515_40,media_mbm,bbc,UK,760515,ENG-ARG SF,2026-07-15,40,23.0,23.0,published at 23:46 BST 15 July,0,0,0,0,0,0,0
bbc_760515_41,media_mbm,bbc,UK,760515,ENG-ARG SF,2026-07-15,41,,,Former England goalkeeper on BBC One,0,0,0,0,0,0,0
bbc_760515_42,media_mbm,bbc,UK,760515,ENG-ARG SF,2026-07-15,42,23.0,23.0,published at 23:45 BST 15 July,0,0,0,0,0,0,0
bbc_760515_43,media_mbm,bbc,UK,760515,ENG-ARG SF,2026-07-15,43,,,"Hard to see it now, but England is living a golden era and learning to compete on the hardest of games.",0,0,0,0,0,0,0
bbc_760515_44,media_mbm,bbc,UK,760515,ENG-ARG SF,2026-07-15,44,,,"By the way, this confidence pre-game came from a wrong reading of what Argentina is about. That should be another lesson for the future",0,0,0,0,0,0,0
bbc_760515_45,media_mbm,bbc,UK,760515,ENG-ARG SF,2026-07-15,45,23.0,23.0,published at 23:42 BST 15 July,0,0,0,0,0,0,0
bbc_760515_46,media_mbm,bbc,UK,760515,ENG-ARG SF,2026-07-15,46,,,Former England striker on BBC One,0,0,0,0,0,0,0
bbc_760515_47,media_mbm,bbc,UK,760515,ENG-ARG SF,2026-07-15,47,,,"It was too passive. Thomas Tuchel didn't change anything, but Argentina started come onto them.",0,0,0,0,0,0,0
bbc_760515_48,media_mbm,bbc,UK,760515,ENG-ARG SF,2026-07-15,48,23.0,23.0,published at 23:40 BST 15 July,0,0,0,0,0,0,0
bbc_760515_49,media_mbm,bbc,UK,760515,ENG-ARG SF,2026-07-15,49,,,England's average possession between Anthony Gordon's opener and Lautaro Martínez's winner (55th to 92nd minute) was 12%.,0,0,0,0,0,0,0
bbc_760515_50,media_mbm,bbc,UK,760515,ENG-ARG SF,2026-07-15,50,23.0,23.0,published at 23:38 BST 15 July,0,0,0,0,0,0,0
bbc_760515_51,media_mbm,bbc,UK,760515,ENG-ARG SF,2026-07-15,51,,,Former England goalkeeper on BBC One,0,0,0,0,0,0,0
bbc_760515_52,media_mbm,bbc,UK,760515,ENG-ARG SF,2026-07-15,52,,,"I didn't see any patterns of play that could have kept England the ball. For all of the hard work and effort they have got through in the tournament, they did not have that default, to play it around, to stay calm and to move their centre backs out of position. I didn't see anything other than the old school get it up the pitch and see if we can get numbers around it.",0,0,0,0,0,0,0
bbc_760515_53,media_mbm,bbc,UK,760515,ENG-ARG SF,2026-07-15,53,23.0,23.0,published at 23:36 BST 15 July,0,0,0,0,0,0,0
bbc_760515_54,media_mbm,bbc,UK,760515,ENG-ARG SF,2026-07-15,54,23.0,23.0,published at 23:34 BST 15 July,0,0,0,0,0,0,0
bbc_760515_55,media_mbm,bbc,UK,760515,ENG-ARG SF,2026-07-15,55,,,Argentina striker and match winner Lautaro Martinez speaking post match:,0,0,0,0,0,0,0
bbc_760515_56,media_mbm,bbc,UK,760515,ENG-ARG SF,2026-07-15,56,,,"""This for me means more than just a goal, to be in a final... I have my kids here with me, they have helped me to slow down. Just an unforgettable moment, one that we need to enjoy. Today I am a man enjoying life. Enzo scored an amazing goal too. I'm calm and assured because this team continues to show what it's made of.",0,0,1,0,0,0,0
bbc_760515_57,media_mbm,bbc,UK,760515,ENG-ARG SF,2026-07-15,57,60.0,60.0,"""They got tired. They had pressed for 60 minutes and they could not give more. We started to push and we got momentum because we were calmer as took more control of the ball and got higher up the pitch. In the end we got the two goals, and three and a half years on we're in another World Cup final.""",0,0,0,0,0,0,0
bbc_760515_58,media_mbm,bbc,UK,760515,ENG-ARG SF,2026-07-15,58,,,'I didn't see one bit of panic from Argentina',0,0,0,0,0,0,0
bbc_760515_59,media_mbm,bbc,UK,760515,ENG-ARG SF,2026-07-15,59,23.0,23.0,published at 23:32 BST 15 July,0,0,0,0,0,0,0
bbc_760515_60,media_mbm,bbc,UK,760515,ENG-ARG SF,2026-07-15,60,,,Former England goalkeeper on BBC One,0,0,0,0,0,0,0
bbc_760515_61,media_mbm,bbc,UK,760515,ENG-ARG SF,2026-07-15,61,,,"Norway and Mexico panicked, they were just whipping balls into the box and Dan Burn was licking his lips. I didn't see one bit of panic from that Argentinian side. I saw belief, I saw the realising they could free up the great man Messi in the pocket, and they were running all over England.",0,0,0,0,0,0,0
bbc_760515_62,media_mbm,bbc,UK,760515,ENG-ARG SF,2026-07-15,62,,,'Argentina have done a job on us',0,0,0,0,0,0,0
bbc_760515_63,media_mbm,bbc,UK,760515,ENG-ARG SF,2026-07-15,63,23.0,23.0,published at 23:30 BST 15 July,0,0,0,0,0,0,0
bbc_760515_64,media_mbm,bbc,UK,760515,ENG-ARG SF,2026-07-15,64,,,Former England goalkeeper on BBC Radio 5 Live at Atlanta Stadium,0,0,0,0,0,0,0
bbc_760515_65,media_mbm,bbc,UK,760515,ENG-ARG SF,2026-07-15,65,,,"They have done a job on us. They came with a game plan in the first half and you could see that it was to disrupt, to fly into challenges, to upset England players and ruffle them up. And they got to half-time and that was half the job done.",0,0,0,0,0,0,0
bbc_760515_66,media_mbm,bbc,UK,760515,ENG-ARG SF,2026-07-15,66,,,"They have got the quality in Lionel Messi. He's a little magician, he really is. He's done it all tournament now. You look at the goals scored and the balls he's put into England's box.",0,0,1,0,0,0,0
bbc_760515_67,media_mbm,bbc,UK,760515,ENG-ARG SF,2026-07-15,67,23.0,23.0,published at 23:28 BST 15 July,0,0,0,0,0,0,0
bbc_760515_68,media_mbm,bbc,UK,760515,ENG-ARG SF,2026-07-15,68,,,If you want to put yourself through those Argentina goals again then here you go.,0,0,0,0,0,0,0
bbc_760515_69,media_mbm,bbc,UK,760515,ENG-ARG SF,2026-07-15,69,,,'What a strike!' - Fernandez equalises for Argentina,0,0,0,0,0,0,0
bbc_760515_70,media_mbm,bbc,UK,760515,ENG-ARG SF,2026-07-15,70,,,Martinez scores the winning goal for Argentina,0,0,1,0,0,0,0
bbc_760515_71,media_mbm,bbc,UK,760515,ENG-ARG SF,2026-07-15,71,,,'England locked the door but Messi had the skeleton key',0,0,0,0,0,0,0
bbc_760515_72,media_mbm,bbc,UK,760515,ENG-ARG SF,2026-07-15,72,23.0,23.0,published at 23:26 BST 15 July,0,0,0,0,0,0,0
bbc_760515_73,media_mbm,bbc,UK,760515,ENG-ARG SF,2026-07-15,73,,,Former England goalkeeper on BBC One,0,0,0,0,0,0,0
bbc_760515_74,media_mbm,bbc,UK,760515,ENG-ARG SF,2026-07-15,74,15.0,15.0,The guys went back to what they did against Mexico and what they did against Norway where they locked the door. What that did was free up Lionel Messi who had the skeleton key - he absolutely ran the show for the last 15 minutes.,0,0,0,0,0,0,0
bbc_760515_75,media_mbm,bbc,UK,760515,ENG-ARG SF,2026-07-15,75,,,"They had so much threat down the right hand side, deciding whether to shoot or cross. In the end as soon as the first goal went in, and after England had made the changes they did, this was only going to end one way.",0,0,1,0,0,0,0
bbc_760515_76,media_mbm,bbc,UK,760515,ENG-ARG SF,2026-07-15,76,23.0,23.0,published at 23:24 BST 15 July,0,0,0,0,0,0,0
bbc_760515_77,media_mbm,bbc,UK,760515,ENG-ARG SF,2026-07-15,77,,,"After full-time, the Argentina squad celebrated on the pitch with a flag with the words 'Las Malvinas son Argentinas'.",0,0,0,0,0,0,0
bbc_760515_78,media_mbm,bbc,UK,760515,ENG-ARG SF,2026-07-15,78,,,"The British overseas territory, known in Argentina as Las Malvinas, remains the",0,0,0,0,0,0,0
bbc_760515_79,media_mbm,bbc,UK,760515,ENG-ARG SF,2026-07-15,79,23.0,23.0,published at 23:22 BST 15 July,0,0,0,0,0,0,0
bbc_760515_80,media_mbm,bbc,UK,760515,ENG-ARG SF,2026-07-15,80,,,"We’ve got this far in the past and been beaten. Fair enough - the better team won. This feels far worse. We had them where we wanted them and then self destructed. We were the better team, scored and then imploded. Can you imagine Spain or France doing that. Madness.",0,0,1,0,0,0,0
bbc_760515_81,media_mbm,bbc,UK,760515,ENG-ARG SF,2026-07-15,81,,,England suffer World Cup semi-final heartbreak with loss to Argentina,0,0,0,0,0,0,0
bbc_760515_82,media_mbm,bbc,UK,760515,ENG-ARG SF,2026-07-15,82,55.0,55.0,Anthony Gordon puts England ahead from Morgan Rogers' cross on 55 minutes,0,0,0,0,0,0,0
bbc_760515_83,media_mbm,bbc,UK,760515,ENG-ARG SF,2026-07-15,83,,,Argentina stun England with late goals from Enzo Fernandez and Lautaro Martinez,0,0,0,0,0,0,0
bbc_760515_84,media_mbm,bbc,UK,760515,ENG-ARG SF,2026-07-15,84,22.0,22.0,"England play France in third-place game on Saturday (22:00 BST), before Spain face Argentina in World Cup final on Sunday (20:00) -",0,0,0,0,0,0,0
bbc_760515_85,media_mbm,bbc,UK,760515,ENG-ARG SF,2026-07-15,85,20.0,20.0,"England play France in third-place game on Saturday (22:00 BST), before Spain face Argentina in World Cup final on Sunday (20:00) -",0,0,0,0,0,0,0
bbc_760515_86,media_mbm,bbc,UK,760515,ENG-ARG SF,2026-07-15,86,,,England were left heartbroken with their World Cup dreams shattered as Argentina struck twice late on to come from behind and win a dramatic semi-final in Atlanta.,0,0,0,0,0,0,0
bbc_760515_87,media_mbm,bbc,UK,760515,ENG-ARG SF,2026-07-15,87,55.0,55.0,Thomas Tuchel's side looked on course to reach England's first men's World Cup final since their win in 1966 when Anthony Gordon gave them the lead in a feisty encounter after 55 minutes.,0,0,0,0,0,0,0
bbc_760515_88,media_mbm,bbc,UK,760515,ENG-ARG SF,2026-07-15,88,,,"Argentina, however, were inspired and turned the contest around when Enzo Fernandez struck a magnificent equaliser with five minutes left, before Lautaro Martinez headed in a stoppage-time winner from Lionel Messi's cross.",0,0,0,0,0,0,0
bbc_760515_89,media_mbm,bbc,UK,760515,ENG-ARG SF,2026-07-15,89,,,"England's wait for success goes on as they now face France in the third-place play-off, while Argentina will attempt to retain their crown against Spain on Sunday.",0,0,0,0,0,0,0
bbc_760515_90,media_mbm,bbc,UK,760515,ENG-ARG SF,2026-07-15,90,,,"The searing atmosphere inside and outside Atlanta Stadium was mirrored by a feisty first half littered with 19 fouls, as American referee Ismail Elfath struggled to keep control.",0,0,0,0,0,0,0
bbc_760515_91,media_mbm,bbc,UK,760515,ENG-ARG SF,2026-07-15,91,,,"Fernandez came closest with a long-range drive just off target, but it was England who made the breakthrough when Morgan Rogers justified his selection with a perfect right-wing cross for Gordon to score at the far post.",0,0,1,0,0,0,0
bbc_760515_92,media_mbm,bbc,UK,760515,ENG-ARG SF,2026-07-15,92,,,Argentina were stung into action and it required a brilliant reflex save from England keeper Jordan Pickford to keep out Nico Gonzalez's header.,0,0,0,0,0,0,0
bbc_760515_93,media_mbm,bbc,UK,760515,ENG-ARG SF,2026-07-15,93,,,"As England came under severe pressure, Alexis Mac Allister headed against the post before Argentina finally levelled five minutes from time, beating the defiant Pickford with a 25-yard drive.",0,0,0,0,0,0,0
bbc_760515_94,media_mbm,bbc,UK,760515,ENG-ARG SF,2026-07-15,94,,,"Tuchel had set up England to defend the box with four central defenders, but Argentina's momentum was unstoppable, Mac Allister hitting the woodwork once more before England finally crumbled in the 92nd minute and Martinez scored to settle an enthralling semi-final.",0,0,1,0,0,0,0
bbc_760515_95,media_mbm,bbc,UK,760515,ENG-ARG SF,2026-07-15,95,,,Argentina face fine for Falklands banner in semi-final win,0,0,0,0,0,0,0
bbc_760515_96,media_mbm,bbc,UK,760515,ENG-ARG SF,2026-07-15,96,,,'The change didn't work' - England player ratings,0,0,0,0,0,0,0
bbc_760515_97,media_mbm,bbc,UK,760515,ENG-ARG SF,2026-07-15,97,,,'The decisions Tuchel made cost England' - analysis,0,0,0,0,0,0,0
bbc_760515_98,media_mbm,bbc,UK,760515,ENG-ARG SF,2026-07-15,98,,,England analysis: Tuchel's caution costly,0,0,0,0,0,0,0
bbc_760515_99,media_mbm,bbc,UK,760515,ENG-ARG SF,2026-07-15,99,,,"England, as they have done on other occasions when victory seemed theirs for the taking, most recently under Sir Gareth Southgate, were suddenly consumed by caution - and head coach Tuchel must take his share of responsibility.",0,0,0,0,0,0,0
bbc_760515_100,media_mbm,bbc,UK,760515,ENG-ARG SF,2026-07-15,100,,,"From a position of relative control, only relative in this sort of atmosphere against Argentina in a World Cup semi-final, Tuchel and England conceded the initiative with devastating consequences.",0,0,0,0,0,0,0
bbc_760515_101,media_mbm,bbc,UK,760515,ENG-ARG SF,2026-07-15,101,18.0,18.0,"The dream was coming into view after Gordon's goal but then England fell back, ending overloaded with defenders - including when Ezri Konsa came on for goalscorer Gordon with 18 minutes left - and this time the strategy of sending on the giant figure of Dan Burn failed.",0,0,1,0,0,0,0
bbc_760515_102,media_mbm,bbc,UK,760515,ENG-ARG SF,2026-07-15,102,,,"England were pinned in their own penalty area under siege, as Tuchel went to a back five prematurely. It invited pressure and England eventually cracked.",0,0,0,0,1,0,0
bbc_760515_103,media_mbm,bbc,UK,760515,ENG-ARG SF,2026-07-15,103,,,"Of all the disappointments in recent years, this may be England's most painful because they were so close - only to suffer a familiar bitter ending.",0,0,0,0,0,0,0
bbc_760515_104,media_mbm,bbc,UK,760515,ENG-ARG SF,2026-07-15,104,,,Argentina analysis: Messi inspiration once more,0,0,0,0,0,0,0
bbc_760515_105,media_mbm,bbc,UK,760515,ENG-ARG SF,2026-07-15,105,,,"Lionel Messi left it late to exert serious influence amid the theatre of this World Cup semi-final, but when he did he was once again Argentina's inspiration.",0,0,0,0,0,0,0
bbc_760515_106,media_mbm,bbc,UK,760515,ENG-ARG SF,2026-07-15,106,,,"In a side that has simply refused to be beaten at this World Cup, Messi set up Fernandez for his thunderous equaliser five minutes from time, then crossed - with his right foot - for Martinez's stoppage-time winner that left England devastated.",0,0,0,0,0,0,0
bbc_760515_107,media_mbm,bbc,UK,760515,ENG-ARG SF,2026-07-15,107,,,"Argentina improved when they moved away from the dark arts that characterised their first-half performance, simply overpowering England as they shrunk into their defensive shell with wave after wave of late attacks.",0,0,0,0,0,0,0
bbc_760515_108,media_mbm,bbc,UK,760515,ENG-ARG SF,2026-07-15,108,,,"Messi now has the chance to add a second World Cup at the age of 39, where he will come up against Spain's young pretender to his crown, Lamine Yamal, and the current European champions, who were",0,0,0,0,0,0,0
bbc_760515_109,media_mbm,bbc,UK,760515,ENG-ARG SF,2026-07-15,109,,,England gave Argentina & Messi 'too much respect',0,0,0,0,0,0,0
bbc_760515_110,media_mbm,bbc,UK,760515,ENG-ARG SF,2026-07-15,110,,,"After the opportunity to rate players has closed, the score displayed represents the average from all the submissions by BBC Sport users.",0,0,1,0,0,0,0
bbc_760515_111,media_mbm,bbc,UK,760515,ENG-ARG SF,2026-07-15,111,,,FIFA World Cup Scores & Fixtures,0,0,1,0,0,0,0
bbc_760515_112,media_mbm,bbc,UK,760515,ENG-ARG SF,2026-07-15,112,,,"England 1 , Argentina 2 at Full time",0,0,0,0,0,0,0
bbc_760515_113,media_mbm,bbc,UK,760515,ENG-ARG SF,2026-07-15,113,96.0,96.0,", substituted for M. Rashford at 96 minutes",0,0,0,0,0,0,0
bbc_760515_114,media_mbm,bbc,UK,760515,ENG-ARG SF,2026-07-15,114,96.0,96.0,", substituted for I. Toney at 96 minutes",0,0,0,0,0,0,0
bbc_760515_115,media_mbm,bbc,UK,760515,ENG-ARG SF,2026-07-15,115,82.0,82.0,", substituted for D. Burn at 82 minutes",0,0,0,0,0,0,0
bbc_760515_116,media_mbm,bbc,UK,760515,ENG-ARG SF,2026-07-15,116,82.0,82.0,", substituted for N. O'Reilly at 82 minutes",0,0,0,0,0,0,0
bbc_760515_117,media_mbm,bbc,UK,760515,ENG-ARG SF,2026-07-15,117,72.0,72.0,", substituted for E. Konsa at 72 minutes",0,0,0,0,0,0,0
bbc_760515_118,media_mbm,bbc,UK,760515,ENG-ARG SF,2026-07-15,118,81.0,81.0,", substituted for Lautaro Martínez at 81 minutes",0,0,0,0,0,0,0
bbc_760515_119,media_mbm,bbc,UK,760515,ENG-ARG SF,2026-07-15,119,72.0,72.0,", substituted for N. Otamendi at 72 minutes",0,0,0,0,0,0,0
bbc_760515_120,media_mbm,bbc,UK,760515,ENG-ARG SF,2026-07-15,120,72.0,72.0,", substituted for G. Montiel at 72 minutes",0,0,0,0,0,0,0
bbc_760515_121,media_mbm,bbc,UK,760515,ENG-ARG SF,2026-07-15,121,64.0,64.0,", substituted for N. González at 64 minutes",0,0,0,0,0,0,0
bbc_760515_122,media_mbm,bbc,UK,760515,ENG-ARG SF,2026-07-15,122,72.0,72.0,", substituted for R. De Paul at 72 minutes",0,0,0,0,0,0,0
bbc_760515_123,media_mbm,bbc,UK,760515,ENG-ARG SF,2026-07-15,123,90.0,90.0,", Yellow Card at 90 minutes plus 4",0,1,0,0,0,0,0
bbc_760515_124,media_mbm,bbc,UK,760515,ENG-ARG SF,2026-07-15,124,96.0,96.0,", substituted for M. Rashford at 96 minutes",0,0,0,0,0,0,0
bbc_760515_125,media_mbm,bbc,UK,760515,ENG-ARG SF,2026-07-15,125,96.0,96.0,", substituted for I. Toney at 96 minutes",0,0,0,0,0,0,0
bbc_760515_126,media_mbm,bbc,UK,760515,ENG-ARG SF,2026-07-15,126,82.0,82.0,", substituted for D. Burn at 82 minutes",0,0,0,0,0,0,0
bbc_760515_127,media_mbm,bbc,UK,760515,ENG-ARG SF,2026-07-15,127,82.0,82.0,", substituted for N. O'Reilly at 82 minutes",0,0,0,0,0,0,0
bbc_760515_128,media_mbm,bbc,UK,760515,ENG-ARG SF,2026-07-15,128,72.0,72.0,", substituted for E. Konsa at 72 minutes",0,0,0,0,0,0,0
bbc_760515_129,media_mbm,bbc,UK,760515,ENG-ARG SF,2026-07-15,129,81.0,81.0,", substituted for Lautaro Martínez at 81 minutes",0,0,0,0,0,0,0
bbc_760515_130,media_mbm,bbc,UK,760515,ENG-ARG SF,2026-07-15,130,72.0,72.0,", substituted for N. Otamendi at 72 minutes",0,0,0,0,0,0,0
bbc_760515_131,media_mbm,bbc,UK,760515,ENG-ARG SF,2026-07-15,131,72.0,72.0,", substituted for G. Montiel at 72 minutes",0,0,0,0,0,0,0
bbc_760515_132,media_mbm,bbc,UK,760515,ENG-ARG SF,2026-07-15,132,64.0,64.0,", substituted for N. González at 64 minutes",0,0,0,0,0,0,0
bbc_760515_133,media_mbm,bbc,UK,760515,ENG-ARG SF,2026-07-15,133,72.0,72.0,", substituted for R. De Paul at 72 minutes",0,0,0,0,0,0,0
bbc_760515_134,media_mbm,bbc,UK,760515,ENG-ARG SF,2026-07-15,134,90.0,90.0,", Yellow Card at 90 minutes plus 4",0,1,0,0,0,0,0
bbc_760515_135,media_mbm,bbc,UK,760515,ENG-ARG SF,2026-07-15,135,,,"Match momentum measures the swing of the match by comparing each team’s threat to see who is more likely to score within that minute. The momentum value is the difference between each team’s most dangerous moment, or team threat, in that minute.",0,0,1,0,0,0,0
bbc_760515_136,media_mbm,bbc,UK,760515,ENG-ARG SF,2026-07-15,136,,,"Match momentum measures the swing of the match by comparing each team’s threat to see who is more likely to score within that minute. The momentum value is the difference between each team’s most dangerous moment, or team threat, in that minute.",0,0,1,0,0,0,0
bbc_760515_137,media_mbm,bbc,UK,760515,ENG-ARG SF,2026-07-15,137,,,"England 3 , Argentina 2 on the 11th of November 2005",0,0,0,0,0,0,0
bbc_760515_138,media_mbm,bbc,UK,760515,ENG-ARG SF,2026-07-15,138,,,"Argentina 0 , England 1 on the 7th of June 2002",0,0,0,0,0,0,0
bbc_760515_139,media_mbm,bbc,UK,760515,ENG-ARG SF,2026-07-15,139,,,"England 0 , Argentina 0 on the 22nd of February 2000",0,0,0,0,0,0,0
bbc_760517_0,media_mbm,bbc,UK,760517,ESP-ARG Final,2026-07-19,0,,,Spain 1-0 Argentina: Ferran Torres scores as Spain win World Cup for second time - BBC Sport,0,0,1,0,0,0,0
bbc_760517_1,media_mbm,bbc,UK,760517,ESP-ARG Final,2026-07-19,1,,,Spain beat Argentina to win World Cup for second time,0,0,0,0,0,0,0
bbc_760517_2,media_mbm,bbc,UK,760517,ESP-ARG Final,2026-07-19,2,,,"Spain 1 , Argentina 0 After extra time",0,0,0,0,0,0,0
bbc_760517_3,media_mbm,bbc,UK,760517,ESP-ARG Final,2026-07-19,3,,,"Full Time Spain 0 , Argentina 0",0,0,0,0,0,0,0
bbc_760517_4,media_mbm,bbc,UK,760517,ESP-ARG Final,2026-07-19,4,,,"Half Time Spain 0 , Argentina 0",0,0,0,0,0,0,0
bbc_760517_5,media_mbm,bbc,UK,760517,ESP-ARG Final,2026-07-19,5,90.0,90.0,Two Yellow Cards 90 minutes plus 3,0,1,0,0,0,0,0
bbc_760517_6,media_mbm,bbc,UK,760517,ESP-ARG Final,2026-07-19,6,,,Spain beat Argentina to win World Cup for second time,0,0,0,0,0,0,0
bbc_760517_7,media_mbm,bbc,UK,760517,ESP-ARG Final,2026-07-19,7,,,scores only goal in extra time,0,0,1,0,0,0,0
bbc_760517_8,media_mbm,bbc,UK,760517,ESP-ARG Final,2026-07-19,8,,,Ugly scenes after final whistle as Argentina's Paredes throws,0,0,0,0,0,0,0
bbc_760517_9,media_mbm,bbc,UK,760517,ESP-ARG Final,2026-07-19,9,,,Argentina played extra time with 10 men after,0,0,0,0,0,0,0
bbc_760517_10,media_mbm,bbc,UK,760517,ESP-ARG Final,2026-07-19,10,1.0,1.0,published at 01:00 BST 20 July,0,0,0,0,0,0,0
bbc_760517_11,media_mbm,bbc,UK,760517,ESP-ARG Final,2026-07-19,11,,,"Cape Verde, Erling Haaland and the row, that night at the Azteca, a Golden Boot race for the ages, and, of course, Spain's brilliance. It's been fun, hasn't it.",0,0,0,0,0,0,0
bbc_760517_12,media_mbm,bbc,UK,760517,ESP-ARG Final,2026-07-19,12,0.0,0.0,published at 00:58 BST 20 July,0,0,0,0,0,0,0
bbc_760517_13,media_mbm,bbc,UK,760517,ESP-ARG Final,2026-07-19,13,0.0,0.0,published at 00:56 BST 20 July,0,0,0,0,0,0,0
bbc_760517_14,media_mbm,bbc,UK,760517,ESP-ARG Final,2026-07-19,14,,,Spain are champions of the world for the first time since 2010.,0,0,0,0,0,0,0
bbc_760517_15,media_mbm,bbc,UK,760517,ESP-ARG Final,2026-07-19,15,,,Spain dominate Argentina to win World Cup after extra time,0,0,0,0,0,0,0
bbc_760517_16,media_mbm,bbc,UK,760517,ESP-ARG Final,2026-07-19,16,0.0,0.0,published at 00:54 BST 20 July,0,0,0,0,0,0,0
bbc_760517_17,media_mbm,bbc,UK,760517,ESP-ARG Final,2026-07-19,17,,,"Spain got it over the line, but should there have been more than one goal in it?",0,0,1,0,0,0,0
bbc_760517_18,media_mbm,bbc,UK,760517,ESP-ARG Final,2026-07-19,18,,,'There's not alot in it' - Williams goal chalked off for Spain,0,0,1,0,0,0,0
bbc_760517_19,media_mbm,bbc,UK,760517,ESP-ARG Final,2026-07-19,19,0.0,0.0,published at 00:52 BST 20 July,0,0,0,0,0,0,0
bbc_760517_20,media_mbm,bbc,UK,760517,ESP-ARG Final,2026-07-19,20,0.0,0.0,published at 00:50 BST 20 July,0,0,0,0,0,0,0
bbc_760517_21,media_mbm,bbc,UK,760517,ESP-ARG Final,2026-07-19,21,,,Spain dominate to make themselves world champions again.,0,0,0,0,0,0,0
bbc_760517_22,media_mbm,bbc,UK,760517,ESP-ARG Final,2026-07-19,22,0.0,0.0,published at 00:48 BST 20 July,0,0,0,0,0,0,0
bbc_760517_23,media_mbm,bbc,UK,760517,ESP-ARG Final,2026-07-19,23,,,"Spain will co-host the 2030 World Cup along with Portugal and Morocco and you would not bet against them there, either.",0,0,0,0,0,0,0
bbc_760517_24,media_mbm,bbc,UK,760517,ESP-ARG Final,2026-07-19,24,,,The future looks bright for Spain with a plethora of young talent at their disposal. Have we entered a period of genuine dominance for La Roja?,0,0,0,0,0,0,0
bbc_760517_25,media_mbm,bbc,UK,760517,ESP-ARG Final,2026-07-19,25,0.0,0.0,published at 00:46 BST 20 July,0,0,0,0,0,0,0
bbc_760517_26,media_mbm,bbc,UK,760517,ESP-ARG Final,2026-07-19,26,0.0,0.0,published at 00:44 BST 20 July,0,0,0,0,0,0,0
bbc_760517_27,media_mbm,bbc,UK,760517,ESP-ARG Final,2026-07-19,27,,,"Another landmark on this momentous night for Spain, they've become the first nation in football history to hold the men's and women's World Cup titles at the same time.",0,0,0,0,0,0,0
bbc_760517_28,media_mbm,bbc,UK,760517,ESP-ARG Final,2026-07-19,28,,,"To boot, the women's side are favourites to retain their crown next summer in Brazil, though England's Lionesses will be out for revenge after being beaten in the final in Sydney in 2023.",0,0,0,0,0,0,0
bbc_760517_29,media_mbm,bbc,UK,760517,ESP-ARG Final,2026-07-19,29,0.0,0.0,published at 00:42 BST 20 July,0,0,0,0,0,0,0
bbc_760517_30,media_mbm,bbc,UK,760517,ESP-ARG Final,2026-07-19,30,,,I'm in the media centre at the New York New Jersey Stadium where Argentina boss Lionel Scaloni has just had to cut-short his news conference after breaking down in tears.,0,0,0,0,0,0,0
bbc_760517_31,media_mbm,bbc,UK,760517,ESP-ARG Final,2026-07-19,31,,,He said he did not talk to Messi about it and then went on to say he will reflect on Argentina's performance at this World Cup and talk to the president.,0,0,0,0,0,0,0
bbc_760517_32,media_mbm,bbc,UK,760517,ESP-ARG Final,2026-07-19,32,0.0,0.0,published at 00:40 BST 20 July,0,0,0,0,0,0,0
bbc_760517_33,media_mbm,bbc,UK,760517,ESP-ARG Final,2026-07-19,33,,,Former England goalkeeper on BBC One,0,0,0,0,0,0,0
bbc_760517_34,media_mbm,bbc,UK,760517,ESP-ARG Final,2026-07-19,34,,,"Spain have got a way of playing that no one in the world has proven they can get anywhere near. N one laid a glove on them, just ten shots on target against them in the whole tournament. Argentina had absolutely no chance today. No matter what they threw at them they just kept their levels and they barely looked like they broke sweat.",0,0,0,0,0,0,0
bbc_760517_35,media_mbm,bbc,UK,760517,ESP-ARG Final,2026-07-19,35,0.0,0.0,published at 00:38 BST 20 July,0,0,0,0,0,0,0
bbc_760517_36,media_mbm,bbc,UK,760517,ESP-ARG Final,2026-07-19,36,0.0,0.0,published at 00:36 BST 20 July,0,0,0,0,0,0,0
bbc_760517_37,media_mbm,bbc,UK,760517,ESP-ARG Final,2026-07-19,37,,,So happy for Spain and even happier that Argentina failed to cheat and kick their way to a trophy again. They’ve been a petulant embarrassment to the game and I truly hope this has ruined Infantino's week.,0,0,0,0,0,0,0
bbc_760517_38,media_mbm,bbc,UK,760517,ESP-ARG Final,2026-07-19,38,0.0,0.0,published at 00:34 BST 20 July,0,0,0,0,0,0,0
bbc_760517_39,media_mbm,bbc,UK,760517,ESP-ARG Final,2026-07-19,39,,,Former England goalkeeper on BBC One,0,0,0,0,0,0,0
bbc_760517_40,media_mbm,bbc,UK,760517,ESP-ARG Final,2026-07-19,40,0.0,0.0,published at 00:32 BST 20 July,0,0,0,0,0,0,0
bbc_760517_41,media_mbm,bbc,UK,760517,ESP-ARG Final,2026-07-19,41,,,"At 19 years and six days, Spain’s Lamine Yamal became the third-youngest player to play in a World Cup final, after Pele in 1958 (17y 249d) and Giuseppe Bergomi in 1982 (18y 201d).",0,0,0,0,0,0,0
bbc_760517_42,media_mbm,bbc,UK,760517,ESP-ARG Final,2026-07-19,42,0.0,0.0,published at 00:30 BST 20 July,0,0,0,0,0,0,0
bbc_760517_43,media_mbm,bbc,UK,760517,ESP-ARG Final,2026-07-19,43,45.0,45.0,To only concede 1 goal in 8 games at a World Cup is unreal. Bravo Spain. England conceded 2 after 45 minutes. Perspective.,0,0,1,0,0,0,0
bbc_760517_44,media_mbm,bbc,UK,760517,ESP-ARG Final,2026-07-19,44,0.0,0.0,published at 00:28 BST 20 July,0,0,0,0,0,0,0
bbc_760517_45,media_mbm,bbc,UK,760517,ESP-ARG Final,2026-07-19,45,,,Former England goalkeeper on BBC One,0,0,0,0,0,0,0
bbc_760517_46,media_mbm,bbc,UK,760517,ESP-ARG Final,2026-07-19,46,0.0,0.0,published at 00:26 BST 20 July,0,0,0,0,0,0,0
bbc_760517_47,media_mbm,bbc,UK,760517,ESP-ARG Final,2026-07-19,47,,,Former England defender on BBC One,0,0,0,0,0,0,0
bbc_760517_48,media_mbm,bbc,UK,760517,ESP-ARG Final,2026-07-19,48,0.0,0.0,published at 00:24 BST 20 July,0,0,0,0,0,0,0
bbc_760517_49,media_mbm,bbc,UK,760517,ESP-ARG Final,2026-07-19,49,0.0,0.0,published at 00:22 BST 20 July,0,0,0,0,0,0,0
bbc_760517_50,media_mbm,bbc,UK,760517,ESP-ARG Final,2026-07-19,50,,,Argentina manager Lionel Scaloni:,0,0,0,0,0,0,0
bbc_760517_51,media_mbm,bbc,UK,760517,ESP-ARG Final,2026-07-19,51,,,Spain dominate Argentina to win World Cup after extra time,0,0,0,0,0,0,0
bbc_760517_52,media_mbm,bbc,UK,760517,ESP-ARG Final,2026-07-19,52,,,Argentina and Spain produce a dour final littered with stoppages,0,0,0,0,0,0,0
bbc_760517_53,media_mbm,bbc,UK,760517,ESP-ARG Final,2026-07-19,53,,,Argentina's Enzo Fernandez is sent off for a second yellow card in stoppage time for a foul on Pau Cubarsi,1,1,0,0,0,0,0
bbc_760517_54,media_mbm,bbc,UK,760517,ESP-ARG Final,2026-07-19,54,106.0,106.0,Ferran Torres breaks the deadlock after 106 minutes with a close-range strike,0,0,0,0,0,0,0
bbc_760517_55,media_mbm,bbc,UK,760517,ESP-ARG Final,2026-07-19,55,,,Spain deservedly won a desperately disappointing World Cup final as Ferran Torres' extra-time strike finally broke the resistance of 10-man Argentina.,0,0,0,0,0,0,0
bbc_760517_56,media_mbm,bbc,UK,760517,ESP-ARG Final,2026-07-19,56,106.0,106.0,Torres was the hero for Spain when he collected substitute Nico Williams' header to beat Argentina keeper Emiliano Martinez with a powerful shot from close range after 106 minutes.,0,0,0,0,0,0,0
bbc_760517_57,media_mbm,bbc,UK,760517,ESP-ARG Final,2026-07-19,57,27.0,27.0,"performed in the first World Cup half-time show, stretching the interval out to 27 minutes.",0,0,0,0,0,0,0
bbc_760517_58,media_mbm,bbc,UK,760517,ESP-ARG Final,2026-07-19,58,,,"In a dour affair littered with interruptions, followed by that lengthy interval, the game never had any fluency or flow, although Lamine Yamal and Mikel Oyarzabal forced first-half saves out of Argentina keeper Martinez.",0,0,0,0,0,0,0
bbc_760517_59,media_mbm,bbc,UK,760517,ESP-ARG Final,2026-07-19,59,40.0,40.0,"Spain constantly complained about referee Slavko Vincic's leniency, especially when Alexis Mac Allister was late on Dani Olmo, with the first yellow card coming after 40 minutes when Lisandro Martinez brought down Oyarzabal, although the Manchester United defender went off injured shortly afterwards.",0,1,0,0,0,0,1
bbc_760517_60,media_mbm,bbc,UK,760517,ESP-ARG Final,2026-07-19,60,,,"The game boiled over in stoppage time when Fernandez, who had already been cautioned, received a second yellow card for a reckless challenge on Spain defender Pau Cubarsi.",0,1,0,0,0,0,1
bbc_760517_61,media_mbm,bbc,UK,760517,ESP-ARG Final,2026-07-19,61,,,"Argentina keeper Martinez had been their hero, and he prevented Spain scoring a winner in the final seconds of normal time when he made a superb save from Lamine Yamal's free-kick.",1,0,0,0,0,0,0
bbc_760517_62,media_mbm,bbc,UK,760517,ESP-ARG Final,2026-07-19,62,,,He was in action again with another crucial stop from Williams' header. Williams then had a goal ruled out for substitute Mikel Merino's foul on Nicolas Otamendi.,1,0,1,0,0,0,0
bbc_760517_63,media_mbm,bbc,UK,760517,ESP-ARG Final,2026-07-19,63,,,Argentina came back to beat Egypt and England in the knockout stage - but could not repeat the feat here as Spain won the men's World Cup for the second time.,0,0,0,0,0,0,0
bbc_760517_64,media_mbm,bbc,UK,760517,ESP-ARG Final,2026-07-19,64,,,Listen: Football Daily - Spain win the World Cup,0,0,0,0,0,0,0
bbc_760517_65,media_mbm,bbc,UK,760517,ESP-ARG Final,2026-07-19,65,,,Spain analysis: From slow start to glory,0,0,0,0,0,0,0
bbc_760517_66,media_mbm,bbc,UK,760517,ESP-ARG Final,2026-07-19,66,,,Spain's World Cup campaign started with a goalless draw against Cape Verde - and ended with the glory of claiming football's greatest prize for the second time.,0,0,0,0,0,0,0
bbc_760517_67,media_mbm,bbc,UK,760517,ESP-ARG Final,2026-07-19,67,,,"And it was a fully merited triumph for a Spain team who grew into the tournament, outclassing highly favoured France in the semi-final and actually trying to win this poor World Cup final through pure football methods.",0,0,0,0,0,0,0
bbc_760517_68,media_mbm,bbc,UK,760517,ESP-ARG Final,2026-07-19,68,,,"Their understated coach Luis de la Fuente has led them with commendable calm, guiding them when they beat England in Berlin to win the Euro 2024 final, and his team had to show that composure in the face of provocation from Argentina.",0,0,0,0,0,0,0
bbc_760517_69,media_mbm,bbc,UK,760517,ESP-ARG Final,2026-07-19,69,,,"Spain had the numerical advantage after Fernandez's dismissal, and were rarely troubled in defence, while the introduction of Williams as substitute gave them real cutting edge.",0,0,0,0,0,0,0
bbc_760517_70,media_mbm,bbc,UK,760517,ESP-ARG Final,2026-07-19,70,,,Argentina analysis: Messi's sad farewell?,0,0,0,0,0,0,0
bbc_760517_71,media_mbm,bbc,UK,760517,ESP-ARG Final,2026-07-19,71,,,"If this was to be the great Lionel Messi's final World Cup game, it ended in the bitter disappointment of the holders losing their crown, and with Argentina's icon unable to influence events.",0,0,0,0,0,0,0
bbc_760517_72,media_mbm,bbc,UK,760517,ESP-ARG Final,2026-07-19,72,,,"The latest version of Messi, now 39, plays much of the game at walking pace, but he has still scored eight goals in this World Cup and has been Argentina's leader and inspiration once more, especially in the semi-final win against England, where he created both goals in their 2-1 win.",0,0,1,0,0,0,0
bbc_760517_73,media_mbm,bbc,UK,760517,ESP-ARG Final,2026-07-19,73,,,"Here, he was well marshalled by Spain, having only one shot, which was not on target, and was kept well away from dangerous area.",0,0,0,0,0,0,0
bbc_760517_74,media_mbm,bbc,UK,760517,ESP-ARG Final,2026-07-19,74,,,"Messi was not helped by Argentina's approach, as they seemed intent on reducing Spain to frustration, instead of concentrating on the quality they can actually produce.",0,0,0,0,0,0,0
bbc_760517_75,media_mbm,bbc,UK,760517,ESP-ARG Final,2026-07-19,75,,,"Argentina produced plenty of thrills along the way as they tried to retain the World Cup, but they can have no complaints about Spain's victory.",0,0,0,0,0,0,0
bbc_760517_76,media_mbm,bbc,UK,760517,ESP-ARG Final,2026-07-19,76,,,"After the opportunity to rate players has closed, the score displayed represents the average from all the submissions by BBC Sport users.",0,0,1,0,0,0,0
bbc_760517_77,media_mbm,bbc,UK,760517,ESP-ARG Final,2026-07-19,77,,,FIFA World Cup Scores & Fixtures,0,0,1,0,0,0,0
bbc_760517_78,media_mbm,bbc,UK,760517,ESP-ARG Final,2026-07-19,78,,,"Spain 1 , Argentina 0 After extra time",0,0,0,0,0,0,0
bbc_760517_79,media_mbm,bbc,UK,760517,ESP-ARG Final,2026-07-19,79,99.0,99.0,", substituted for Eric García at 99 minutes",0,0,0,0,0,0,0
bbc_760517_80,media_mbm,bbc,UK,760517,ESP-ARG Final,2026-07-19,80,62.0,62.0,", substituted for Pedri at 62 minutes",0,0,0,0,0,0,0
bbc_760517_81,media_mbm,bbc,UK,760517,ESP-ARG Final,2026-07-19,81,99.0,99.0,", substituted for Martín Zubimendi at 99 minutes",0,0,0,0,0,0,0
bbc_760517_82,media_mbm,bbc,UK,760517,ESP-ARG Final,2026-07-19,82,75.0,75.0,", substituted for Nico Williams at 75 minutes",0,0,0,0,0,0,0
bbc_760517_83,media_mbm,bbc,UK,760517,ESP-ARG Final,2026-07-19,83,75.0,75.0,", substituted for Mikel Merino at 75 minutes",0,0,0,0,0,0,0
bbc_760517_84,media_mbm,bbc,UK,760517,ESP-ARG Final,2026-07-19,84,62.0,62.0,", substituted for Ferran Torres at 62 minutes",0,0,0,0,0,0,0
bbc_760517_85,media_mbm,bbc,UK,760517,ESP-ARG Final,2026-07-19,85,44.0,44.0,", substituted for N. Otamendi at 44 minutes",0,0,0,0,0,0,0
bbc_760517_86,media_mbm,bbc,UK,760517,ESP-ARG Final,2026-07-19,86,90.0,90.0,", Yellow Card at 90 minutes plus 2",0,1,0,0,0,0,0
bbc_760517_87,media_mbm,bbc,UK,760517,ESP-ARG Final,2026-07-19,87,70.0,70.0,", substituted for F. Medina at 70 minutes",0,0,0,0,0,0,0
bbc_760517_88,media_mbm,bbc,UK,760517,ESP-ARG Final,2026-07-19,88,58.0,58.0,", substituted for N. Molina at 58 minutes",0,0,0,0,0,0,0
bbc_760517_89,media_mbm,bbc,UK,760517,ESP-ARG Final,2026-07-19,89,46.0,46.0,", substituted for L. Paredes at 46 minutes",0,0,0,0,0,0,0
bbc_760517_90,media_mbm,bbc,UK,760517,ESP-ARG Final,2026-07-19,90,111.0,111.0,", Yellow Card at 111 minutes extra time",0,1,0,0,0,0,0
bbc_760517_91,media_mbm,bbc,UK,760517,ESP-ARG Final,2026-07-19,91,90.0,90.0,", Two Yellow Cards at 90 minutes plus 3",0,1,0,0,0,0,0
bbc_760517_92,media_mbm,bbc,UK,760517,ESP-ARG Final,2026-07-19,92,70.0,70.0,", substituted for G. Simeone at 70 minutes",0,0,0,0,0,0,0
bbc_760517_93,media_mbm,bbc,UK,760517,ESP-ARG Final,2026-07-19,93,102.0,102.0,", substituted for M. Senesi at 102 minutes",0,0,0,0,0,0,0
bbc_760517_94,media_mbm,bbc,UK,760517,ESP-ARG Final,2026-07-19,94,99.0,99.0,", substituted for Eric García at 99 minutes",0,0,0,0,0,0,0
bbc_760517_95,media_mbm,bbc,UK,760517,ESP-ARG Final,2026-07-19,95,62.0,62.0,", substituted for Pedri at 62 minutes",0,0,0,0,0,0,0
bbc_760517_96,media_mbm,bbc,UK,760517,ESP-ARG Final,2026-07-19,96,99.0,99.0,", substituted for Martín Zubimendi at 99 minutes",0,0,0,0,0,0,0
bbc_760517_97,media_mbm,bbc,UK,760517,ESP-ARG Final,2026-07-19,97,75.0,75.0,", substituted for Nico Williams at 75 minutes",0,0,0,0,0,0,0
bbc_760517_98,media_mbm,bbc,UK,760517,ESP-ARG Final,2026-07-19,98,75.0,75.0,", substituted for Mikel Merino at 75 minutes",0,0,0,0,0,0,0
bbc_760517_99,media_mbm,bbc,UK,760517,ESP-ARG Final,2026-07-19,99,62.0,62.0,", substituted for Ferran Torres at 62 minutes",0,0,0,0,0,0,0
bbc_760517_100,media_mbm,bbc,UK,760517,ESP-ARG Final,2026-07-19,100,44.0,44.0,", substituted for N. Otamendi at 44 minutes",0,0,0,0,0,0,0
bbc_760517_101,media_mbm,bbc,UK,760517,ESP-ARG Final,2026-07-19,101,90.0,90.0,", Yellow Card at 90 minutes plus 2",0,1,0,0,0,0,0
bbc_760517_102,media_mbm,bbc,UK,760517,ESP-ARG Final,2026-07-19,102,70.0,70.0,", substituted for F. Medina at 70 minutes",0,0,0,0,0,0,0
bbc_760517_103,media_mbm,bbc,UK,760517,ESP-ARG Final,2026-07-19,103,58.0,58.0,", substituted for N. Molina at 58 minutes",0,0,0,0,0,0,0
bbc_760517_104,media_mbm,bbc,UK,760517,ESP-ARG Final,2026-07-19,104,46.0,46.0,", substituted for L. Paredes at 46 minutes",0,0,0,0,0,0,0
bbc_760517_105,media_mbm,bbc,UK,760517,ESP-ARG Final,2026-07-19,105,111.0,111.0,", Yellow Card at 111 minutes extra time",0,1,0,0,0,0,0
bbc_760517_106,media_mbm,bbc,UK,760517,ESP-ARG Final,2026-07-19,106,90.0,90.0,", Two Yellow Cards at 90 minutes plus 3",0,1,0,0,0,0,0
bbc_760517_107,media_mbm,bbc,UK,760517,ESP-ARG Final,2026-07-19,107,70.0,70.0,", substituted for G. Simeone at 70 minutes",0,0,0,0,0,0,0
bbc_760517_108,media_mbm,bbc,UK,760517,ESP-ARG Final,2026-07-19,108,102.0,102.0,", substituted for M. Senesi at 102 minutes",0,0,0,0,0,0,0
bbc_760517_109,media_mbm,bbc,UK,760517,ESP-ARG Final,2026-07-19,109,,,"Match momentum measures the swing of the match by comparing each team’s threat to see who is more likely to score within that minute. The momentum value is the difference between each team’s most dangerous moment, or team threat, in that minute.",0,0,1,0,0,0,0
bbc_760517_110,media_mbm,bbc,UK,760517,ESP-ARG Final,2026-07-19,110,,,"Match momentum measures the swing of the match by comparing each team’s threat to see who is more likely to score within that minute. The momentum value is the difference between each team’s most dangerous moment, or team threat, in that minute.",0,0,1,0,0,0,0
bbc_760517_111,media_mbm,bbc,UK,760517,ESP-ARG Final,2026-07-19,111,,,"Spain 6 , Argentina 1 on the 27th of March 2018",0,0,0,0,0,0,0
bbc_760517_112,media_mbm,bbc,UK,760517,ESP-ARG Final,2026-07-19,112,,,"Argentina 4 , Spain 1 on the 7th of September 2010",0,0,0,0,0,0,0
bbc_760517_113,media_mbm,bbc,UK,760517,ESP-ARG Final,2026-07-19,113,,,"Spain 2 , Argentina 1 on the 14th of November 2009",0,0,0,0,0,0,0
