narration_id,source_type,source,country_family,event_id,match,date,seq,minute_raw,minute_num,text,flag_foul,flag_card,flag_goal,flag_var,flag_penalty,flag_sub,flag_severity
bbc_760433_0,media_mbm,bbc,UK,760433,ARG-ALG GS,2026-06-17,0,,,Argentina 3-0 Algeria: Lionel Messi scores his first World Cup hat trick to equal Miroslav Klose record - BBC Sport,0,0,1,0,0,0,0
bbc_760433_1,media_mbm,bbc,UK,760433,ARG-ALG GS,2026-06-17,1,,,Messi equals World Cup goals record with hat-trick in Argentina win,0,0,0,0,0,0,0
bbc_760433_2,media_mbm,bbc,UK,760433,ARG-ALG GS,2026-06-17,2,,,"Argentina 3 , Algeria 0 at Full time",0,0,0,0,0,0,0
bbc_760433_3,media_mbm,bbc,UK,760433,ARG-ALG GS,2026-06-17,3,,,"Half Time Argentina 1 , Algeria 0",0,0,0,0,0,0,0
bbc_760433_4,media_mbm,bbc,UK,760433,ARG-ALG GS,2026-06-17,4,17.0,17.0,"Goal 17 minutes, Goal 60 minutes, Goal 76 minutes",0,0,1,0,0,0,0
bbc_760433_5,media_mbm,bbc,UK,760433,ARG-ALG GS,2026-06-17,5,60.0,60.0,"Goal 17 minutes, Goal 60 minutes, Goal 76 minutes",0,0,1,0,0,0,0
bbc_760433_6,media_mbm,bbc,UK,760433,ARG-ALG GS,2026-06-17,6,76.0,76.0,"Goal 17 minutes, Goal 60 minutes, Goal 76 minutes",0,0,1,0,0,0,0
bbc_760433_7,media_mbm,bbc,UK,760433,ARG-ALG GS,2026-06-17,7,17.0,17.0,"R. De Paul (17'), N. González (76')",0,0,0,0,0,0,0
bbc_760433_8,media_mbm,bbc,UK,760433,ARG-ALG GS,2026-06-17,8,76.0,76.0,"R. De Paul (17'), N. González (76')",0,0,0,0,0,0,0
bbc_760433_9,media_mbm,bbc,UK,760433,ARG-ALG GS,2026-06-17,9,,,Argentina beat Algeria in Group J at World Cup - listen live at top of page,0,0,0,0,0,0,0
bbc_760433_10,media_mbm,bbc,UK,760433,ARG-ALG GS,2026-06-17,10,,,Messi scores first World Cup hat trick as he equals recor,0,0,1,0,0,0,0
bbc_760433_11,media_mbm,bbc,UK,760433,ARG-ALG GS,2026-06-17,11,0.0,0.0,"1,000 tomatoes for winning the World Cup?! 00:00:53, play video",0,0,0,0,0,0,0
bbc_760433_12,media_mbm,bbc,UK,760433,ARG-ALG GS,2026-06-17,12,0.0,0.0,"We gave Alan Shearer a disposable camera for the World Cup. 00:00:43, play video",0,0,0,0,0,0,0
bbc_760433_13,media_mbm,bbc,UK,760433,ARG-ALG GS,2026-06-17,13,0.0,0.0,"Will Argentina face punishment for World Cup final chaos? 00:00:50, play video",0,0,0,0,0,0,0
bbc_760433_14,media_mbm,bbc,UK,760433,ARG-ALG GS,2026-06-17,14,,,Will Argentina face punishment for World Cup final chaos?,0,0,0,0,0,0,0
bbc_760433_15,media_mbm,bbc,UK,760433,ARG-ALG GS,2026-06-17,15,0.0,0.0,"Only just over 1,400 days until the next World Cup! 00:01:12, play video",0,0,0,0,0,0,0
bbc_760433_16,media_mbm,bbc,UK,760433,ARG-ALG GS,2026-06-17,16,0.0,0.0,"Spain continue their World Cup celebrations! 00:00:44, play video",0,0,0,0,0,0,0
bbc_760433_17,media_mbm,bbc,UK,760433,ARG-ALG GS,2026-06-17,17,,,Spain continue their World Cup celebrations!,0,0,0,0,0,0,0
bbc_760433_18,media_mbm,bbc,UK,760433,ARG-ALG GS,2026-06-17,18,0.0,0.0,"The Spain team brings the World Cup home. 00:00:39, play video",0,0,0,0,0,0,0
bbc_760433_19,media_mbm,bbc,UK,760433,ARG-ALG GS,2026-06-17,19,,,The Spain team brings the World Cup home,0,0,0,0,0,0,0
bbc_760433_20,media_mbm,bbc,UK,760433,ARG-ALG GS,2026-06-17,20,0.0,0.0,"World Cup winners Spain arrive home. 00:00:38, play video",0,0,0,0,0,0,0
bbc_760433_21,media_mbm,bbc,UK,760433,ARG-ALG GS,2026-06-17,21,,,World Cup winners Spain arrive home,0,0,0,0,0,0,0
bbc_760433_22,media_mbm,bbc,UK,760433,ARG-ALG GS,2026-06-17,22,0.0,0.0,"What do Spain get for winning the World Cup? 00:00:57, play video",0,0,0,0,0,0,0
bbc_760433_23,media_mbm,bbc,UK,760433,ARG-ALG GS,2026-06-17,23,,,What do Spain get for winning the World Cup?,0,0,0,0,0,0,0
bbc_760433_24,media_mbm,bbc,UK,760433,ARG-ALG GS,2026-06-17,24,0.0,0.0,"'There is no space or place for that in football' 00:00:46, play video",0,0,0,0,0,0,0
bbc_760433_25,media_mbm,bbc,UK,760433,ARG-ALG GS,2026-06-17,25,0.0,0.0,"'I can't believe it!' -  Torres on winning goal. 00:00:28, play video",0,0,1,0,0,0,0
bbc_760433_26,media_mbm,bbc,UK,760433,ARG-ALG GS,2026-06-17,26,,,'I can't believe it!' -  Torres on winning goal,0,0,1,0,0,0,0
bbc_760433_27,media_mbm,bbc,UK,760433,ARG-ALG GS,2026-06-17,27,4.0,4.0,published at 04:30 BST 17 June,0,0,0,0,0,0,0
bbc_760433_28,media_mbm,bbc,UK,760433,ARG-ALG GS,2026-06-17,28,5.0,5.0,Austria versus Jordan is the next game and that starts at 05:00 BST.,0,0,0,0,0,0,0
bbc_760433_29,media_mbm,bbc,UK,760433,ARG-ALG GS,2026-06-17,29,,,Messi hat-trick moves him to joint top scorer in World Cup finals,0,0,1,0,0,0,0
bbc_760433_30,media_mbm,bbc,UK,760433,ARG-ALG GS,2026-06-17,30,4.0,4.0,published at 04:25 BST 17 June,0,0,0,0,0,0,0
bbc_760433_31,media_mbm,bbc,UK,760433,ARG-ALG GS,2026-06-17,31,,,Lionel Messi became the World Cup's joint-top all-time scorer with a hat-trick as reigning champions Argentina began their defence with a statement victory over Algeria.,0,0,1,0,0,0,0
bbc_760433_32,media_mbm,bbc,UK,760433,ARG-ALG GS,2026-06-17,32,,,"Making his 200th appearance for his country, Messi scored his first treble at a World Cup.",0,0,1,0,0,0,0
bbc_760433_33,media_mbm,bbc,UK,760433,ARG-ALG GS,2026-06-17,33,,,"And it created a piece of history, as the eight-time Ballon d'Or winner took his World Cup finals goal tally to 16 - moving him level with Germany's Miroslav Klose as the all-time leading scorer in the competition's history.",0,0,1,0,0,0,0
bbc_760433_34,media_mbm,bbc,UK,760433,ARG-ALG GS,2026-06-17,34,,,"It was the first time Argentina had won their opening match at a World Cup as defending champions, having suffered defeats in 1982 and 1990.",0,0,0,0,0,0,0
bbc_760433_35,media_mbm,bbc,UK,760433,ARG-ALG GS,2026-06-17,35,4.0,4.0,published at 04:21 BST 17 June,0,0,0,0,0,0,0
bbc_760433_36,media_mbm,bbc,UK,760433,ARG-ALG GS,2026-06-17,36,4.0,4.0,published at 04:15 BST 17 June,0,0,0,0,0,0,0
bbc_760433_37,media_mbm,bbc,UK,760433,ARG-ALG GS,2026-06-17,37,4.0,4.0,published at 04:13 BST 17 June,0,0,0,0,0,0,0
bbc_760433_38,media_mbm,bbc,UK,760433,ARG-ALG GS,2026-06-17,38,4.0,4.0,published at 04:08 BST 17 June,0,0,0,0,0,0,0
bbc_760433_39,media_mbm,bbc,UK,760433,ARG-ALG GS,2026-06-17,39,,,Fantastic scenes from a bar in Buenos Aires as Argentina fans watched the Lionel Messi show.,0,0,0,0,0,0,0
bbc_760433_40,media_mbm,bbc,UK,760433,ARG-ALG GS,2026-06-17,40,4.0,4.0,published at 04:04 BST 17 June,0,0,0,0,0,0,0
bbc_760433_41,media_mbm,bbc,UK,760433,ARG-ALG GS,2026-06-17,41,,,"As much as I've said Algeria were disappointing, Argentina were very good. They did everything asked of them and they kept a clean sheet after a lot of talk about them defensively.",0,0,0,0,0,0,0
bbc_760433_42,media_mbm,bbc,UK,760433,ARG-ALG GS,2026-06-17,42,4.0,4.0,published at 04:01 BST 17 June,0,0,0,0,0,0,0
bbc_760433_43,media_mbm,bbc,UK,760433,ARG-ALG GS,2026-06-17,43,,,"And what a way to do it, with a hat-trick as reigning holders Argentina make the perfect start to the defence as they are far too good for Algeria.",0,0,0,0,0,0,0
bbc_760433_44,media_mbm,bbc,UK,760433,ARG-ALG GS,2026-06-17,44,,,"Three goals for Messi, three points for Argentina, who are up and running and looking dangerous.",0,0,0,0,0,0,0
bbc_760433_45,media_mbm,bbc,UK,760433,ARG-ALG GS,2026-06-17,45,4.0,4.0,published at 04:00 BST 17 June,0,0,0,0,0,0,0
bbc_760433_46,media_mbm,bbc,UK,760433,ARG-ALG GS,2026-06-17,46,3.0,3.0,published at 03:59 BST 17 June,0,0,0,0,0,0,0
bbc_760433_47,media_mbm,bbc,UK,760433,ARG-ALG GS,2026-06-17,47,3.0,3.0,published at 03:53 BST 17 June,0,0,0,0,0,0,0
bbc_760433_48,media_mbm,bbc,UK,760433,ARG-ALG GS,2026-06-17,48,3.0,3.0,published at 03:52 BST 17 June,0,0,0,0,0,0,0
bbc_760433_49,media_mbm,bbc,UK,760433,ARG-ALG GS,2026-06-17,49,,,Lionel Messi is the first to score a hat-trick at the World Cup finals since Kylian Mbappe did so in the 2022 final.,0,0,1,0,0,0,0
bbc_760433_50,media_mbm,bbc,UK,760433,ARG-ALG GS,2026-06-17,50,,,"France v Argentina ended 3-3 after extra-time, with Messi scoring a penalty in the shootout as his country won it 4-2 on spot kicks.",0,0,0,0,1,0,0
bbc_760433_51,media_mbm,bbc,UK,760433,ARG-ALG GS,2026-06-17,51,,,Most goals scored at World Cups,0,0,1,0,0,0,0
bbc_760433_52,media_mbm,bbc,UK,760433,ARG-ALG GS,2026-06-17,52,3.0,3.0,published at 03:46 BST 17 June,0,0,0,0,0,0,0
bbc_760433_53,media_mbm,bbc,UK,760433,ARG-ALG GS,2026-06-17,53,,,"16 - Miroslav Klose (Germany), Lionel Messi (Argentina)",0,0,0,0,0,0,0
bbc_760433_54,media_mbm,bbc,UK,760433,ARG-ALG GS,2026-06-17,54,,,That means we will have to wait until Monday when Argentina play Austria to see if Messi can get the outright record for most World Cup goals.,0,0,0,0,0,0,0
bbc_760433_55,media_mbm,bbc,UK,760433,ARG-ALG GS,2026-06-17,55,3.0,3.0,published at 03:43 BST 17 June,0,0,0,0,0,0,0
bbc_760433_56,media_mbm,bbc,UK,760433,ARG-ALG GS,2026-06-17,56,,,"Argentina win the ball and the first thought is 'where is Messi?'. They give him the ball in the centre circle, he has a runner left and right he propels forward. Gonzalez gives the ball straight back to Messi and he hits it hard and low. The goalkeeper cannot get to to it at full stretch.",0,0,0,0,0,0,0
bbc_760433_57,media_mbm,bbc,UK,760433,ARG-ALG GS,2026-06-17,57,,,That is a wonderful goal to make a hat-trick with.,0,0,1,0,0,0,0
bbc_760433_58,media_mbm,bbc,UK,760433,ARG-ALG GS,2026-06-17,58,3.0,3.0,published at 03:40 BST 17 June,0,0,0,0,0,0,0
bbc_760433_59,media_mbm,bbc,UK,760433,ARG-ALG GS,2026-06-17,59,3.0,3.0,published at 03:39 BST 17 June,0,0,0,0,0,0,0
bbc_760433_60,media_mbm,bbc,UK,760433,ARG-ALG GS,2026-06-17,60,,,has his third of the night - and his 16th goal in the World Cup.,0,0,1,0,0,0,0
bbc_760433_61,media_mbm,bbc,UK,760433,ARG-ALG GS,2026-06-17,61,3.0,3.0,published at 03:39 BST 17 June,0,0,0,0,0,0,0
bbc_760433_62,media_mbm,bbc,UK,760433,ARG-ALG GS,2026-06-17,62,,,"Lionel Messi gets a nudge in the back from Manchester City full-back Rayan Ait-Nouri, and goes down, but no penalty given, with VAR not getting involved.",0,0,0,1,1,0,0
bbc_760433_63,media_mbm,bbc,UK,760433,ARG-ALG GS,2026-06-17,63,,,Lionel Messi scores stunning hat-trick to help Argentina begin World Cup defence with a victory,0,0,1,0,0,0,0
bbc_760433_64,media_mbm,bbc,UK,760433,ARG-ALG GS,2026-06-17,64,,,The 38-year-old's treble moves him level with Miroslav Klose as the highest scorer in World Cup history,0,0,1,0,0,0,0
bbc_760433_65,media_mbm,bbc,UK,760433,ARG-ALG GS,2026-06-17,65,,,Argentina's previous two World Cup defences - in 1982 and 1990 - had both opened with defeats,0,0,0,0,0,0,0
bbc_760433_66,media_mbm,bbc,UK,760433,ARG-ALG GS,2026-06-17,66,,,Lionel Messi became the World Cup's joint-top all-time scorer with a hat-trick as reigning champions Argentina began their defence with a statement victory over Algeria.,0,0,1,0,0,0,0
bbc_760433_67,media_mbm,bbc,UK,760433,ARG-ALG GS,2026-06-17,67,,,"Making his 200th appearance for his country, Messi scored his first treble at a World Cup.",0,0,1,0,0,0,0
bbc_760433_68,media_mbm,bbc,UK,760433,ARG-ALG GS,2026-06-17,68,,,"And it created a piece of history, as the eight-time Ballon d'Or winner took his World Cup finals goal tally to 16 - moving him level with Germany's Miroslav Klose as the all-time leading scorer in the competition's history.",0,0,1,0,0,0,0
bbc_760433_69,media_mbm,bbc,UK,760433,ARG-ALG GS,2026-06-17,69,,,"It was the first time Argentina had won their opening match at a World Cup as defending champions, having suffered defeats in 1982 and 1990.",0,0,0,0,0,0,0
bbc_760433_70,media_mbm,bbc,UK,760433,ARG-ALG GS,2026-06-17,70,12.0,12.0,"His goal arrived 12 minutes after an earlier effort had been disallowed during a breathless start, with Algeria also having a strike ruled out three minutes later as the game burst into life right from the off.",0,0,1,0,0,0,0
bbc_760433_71,media_mbm,bbc,UK,760433,ARG-ALG GS,2026-06-17,71,,,"But on a night when he became the first player to appear in six World Cups, Messi was lucky to escape punishment for reckless challenge on Algeria's Aissa Mandi midway through the first half.",0,0,0,0,0,0,1
bbc_760433_72,media_mbm,bbc,UK,760433,ARG-ALG GS,2026-06-17,72,,,"Argentina's second came from close range on the hour mark when Messi pounced on a mistake from Zidane, before he sealed a first World Cup treble in the 76th minute when he arrowed home a thunderous strike from the edge of the area after taking the ball from Nicolas Gonzalez.",0,0,0,0,0,0,0
bbc_760433_73,media_mbm,bbc,UK,760433,ARG-ALG GS,2026-06-17,73,,,"Having made a winning start in Group J, Argentina next face matches against Austria and Jordan.",0,0,0,0,0,0,0
bbc_760433_74,media_mbm,bbc,UK,760433,ARG-ALG GS,2026-06-17,74,,,Lionel Messi has scored his 16th World Cup exactly 20 years after his first against Serbia and Montenegro in 2006,0,0,1,0,0,0,0
bbc_760433_75,media_mbm,bbc,UK,760433,ARG-ALG GS,2026-06-17,75,,,"A week out from his 39th birthday, he rolled back the years with a sensational display, claiming yet another record from long-time rival Cristiano Ronaldo by becoming the oldest player to score a hat-trick at a World Cup.",0,0,1,0,0,0,0
bbc_760433_76,media_mbm,bbc,UK,760433,ARG-ALG GS,2026-06-17,76,,,Much had been made of Messi's decision to continue his international career after leading Argentina to the summit of world football four years ago. But this performance proved he is not in the United States to make up the numbers this summer - he is determined to help Argentina to secure a fourth World Cup success.,0,0,0,0,0,0,0
bbc_760433_77,media_mbm,bbc,UK,760433,ARG-ALG GS,2026-06-17,77,,,"After drawing level with Klose as the World Cup's all-time leading scorer, few would bet against Messi claiming that record outright by the time the final whistle blows in Argentina's next match against Austria.",0,0,1,0,0,0,0
bbc_760433_78,media_mbm,bbc,UK,760433,ARG-ALG GS,2026-06-17,78,,,'Magnificent' - Messi scores hat-trick to equal Klose scoring record,0,0,1,0,0,0,0
bbc_760433_79,media_mbm,bbc,UK,760433,ARG-ALG GS,2026-06-17,79,18.0,18.0,"Argentina face Austria at the Dallas Stadium on 22 June (18:00 BST), while Algeria meet Jordan in the early hours of Tuesday (04:00 BST).",0,0,0,0,0,0,0
bbc_760433_80,media_mbm,bbc,UK,760433,ARG-ALG GS,2026-06-17,80,4.0,4.0,"Argentina face Austria at the Dallas Stadium on 22 June (18:00 BST), while Algeria meet Jordan in the early hours of Tuesday (04:00 BST).",0,0,0,0,0,0,0
bbc_760433_81,media_mbm,bbc,UK,760433,ARG-ALG GS,2026-06-17,81,,,"After the opportunity to rate players has closed, the score displayed represents the average from all the submissions by BBC Sport users.",0,0,1,0,0,0,0
bbc_760433_82,media_mbm,bbc,UK,760433,ARG-ALG GS,2026-06-17,82,,,FIFA World Cup Scores & Fixtures,0,0,1,0,0,0,0
bbc_760433_83,media_mbm,bbc,UK,760433,ARG-ALG GS,2026-06-17,83,,,"Argentina 3 , Algeria 0 at Full time",0,0,0,0,0,0,0
bbc_760433_84,media_mbm,bbc,UK,760433,ARG-ALG GS,2026-06-17,84,,,"England 4 , Croatia 2 at Full time",0,0,0,0,0,0,0
bbc_760433_85,media_mbm,bbc,UK,760433,ARG-ALG GS,2026-06-17,85,80.0,80.0,", substituted for N. Otamendi at 80 minutes",0,0,0,0,0,0,0
bbc_760433_86,media_mbm,bbc,UK,760433,ARG-ALG GS,2026-06-17,86,46.0,46.0,", substituted for N. Molina at 46 minutes",0,0,0,0,0,0,0
bbc_760433_87,media_mbm,bbc,UK,760433,ARG-ALG GS,2026-06-17,87,55.0,55.0,", substituted for N. González at 55 minutes",0,0,0,0,0,0,0
bbc_760433_88,media_mbm,bbc,UK,760433,ARG-ALG GS,2026-06-17,88,55.0,55.0,", substituted for J. Alvarez at 55 minutes",0,0,0,0,0,0,0
bbc_760433_89,media_mbm,bbc,UK,760433,ARG-ALG GS,2026-06-17,89,80.0,80.0,", substituted for N. Paz at 80 minutes",0,0,0,0,0,0,0
bbc_760433_90,media_mbm,bbc,UK,760433,ARG-ALG GS,2026-06-17,90,81.0,81.0,", substituted for A. Boulbina at 81 minutes",0,0,0,0,0,0,0
bbc_760433_91,media_mbm,bbc,UK,760433,ARG-ALG GS,2026-06-17,91,82.0,82.0,", substituted for R. Zerrouki at 82 minutes",0,0,0,0,0,0,0
bbc_760433_92,media_mbm,bbc,UK,760433,ARG-ALG GS,2026-06-17,92,64.0,64.0,", substituted for H. Aouar at 64 minutes",0,0,0,0,0,0,0
bbc_760433_93,media_mbm,bbc,UK,760433,ARG-ALG GS,2026-06-17,93,64.0,64.0,", substituted for M. Amoura at 64 minutes",0,0,0,0,0,0,0
bbc_760433_94,media_mbm,bbc,UK,760433,ARG-ALG GS,2026-06-17,94,64.0,64.0,", substituted for R. Mahrez at 64 minutes",0,0,0,0,0,0,0
bbc_760433_95,media_mbm,bbc,UK,760433,ARG-ALG GS,2026-06-17,95,80.0,80.0,", substituted for N. Otamendi at 80 minutes",0,0,0,0,0,0,0
bbc_760433_96,media_mbm,bbc,UK,760433,ARG-ALG GS,2026-06-17,96,46.0,46.0,", substituted for N. Molina at 46 minutes",0,0,0,0,0,0,0
bbc_760433_97,media_mbm,bbc,UK,760433,ARG-ALG GS,2026-06-17,97,55.0,55.0,", substituted for N. González at 55 minutes",0,0,0,0,0,0,0
bbc_760433_98,media_mbm,bbc,UK,760433,ARG-ALG GS,2026-06-17,98,55.0,55.0,", substituted for J. Alvarez at 55 minutes",0,0,0,0,0,0,0
bbc_760433_99,media_mbm,bbc,UK,760433,ARG-ALG GS,2026-06-17,99,80.0,80.0,", substituted for N. Paz at 80 minutes",0,0,0,0,0,0,0
bbc_760433_100,media_mbm,bbc,UK,760433,ARG-ALG GS,2026-06-17,100,81.0,81.0,", substituted for A. Boulbina at 81 minutes",0,0,0,0,0,0,0
bbc_760433_101,media_mbm,bbc,UK,760433,ARG-ALG GS,2026-06-17,101,82.0,82.0,", substituted for R. Zerrouki at 82 minutes",0,0,0,0,0,0,0
bbc_760433_102,media_mbm,bbc,UK,760433,ARG-ALG GS,2026-06-17,102,64.0,64.0,", substituted for H. Aouar at 64 minutes",0,0,0,0,0,0,0
bbc_760433_103,media_mbm,bbc,UK,760433,ARG-ALG GS,2026-06-17,103,64.0,64.0,", substituted for M. Amoura at 64 minutes",0,0,0,0,0,0,0
bbc_760433_104,media_mbm,bbc,UK,760433,ARG-ALG GS,2026-06-17,104,64.0,64.0,", substituted for R. Mahrez at 64 minutes",0,0,0,0,0,0,0
bbc_760433_105,media_mbm,bbc,UK,760433,ARG-ALG GS,2026-06-17,105,,,"Match momentum measures the swing of the match by comparing each team’s threat to see who is more likely to score within that minute. The momentum value is the difference between each team’s most dangerous moment, or team threat, in that minute.",0,0,1,0,0,0,0
bbc_760433_106,media_mbm,bbc,UK,760433,ARG-ALG GS,2026-06-17,106,,,"Match momentum measures the swing of the match by comparing each team’s threat to see who is more likely to score within that minute. The momentum value is the difference between each team’s most dangerous moment, or team threat, in that minute.",0,0,1,0,0,0,0
bbc_760433_107,media_mbm,bbc,UK,760433,ARG-ALG GS,2026-06-17,107,,,"Algeria 3 , Argentina 4 on the 5th of June 2007",0,0,0,0,0,0,0
bbc_760456_0,media_mbm,bbc,UK,760456,ARG-AUT GS,2026-06-22,0,,,Argentina 2-0 Austria: Lionel Messi top goalscorer in World Cup history - BBC Sport,0,0,1,0,0,0,0
bbc_760456_1,media_mbm,bbc,UK,760456,ARG-AUT GS,2026-06-22,1,,,Record-breaking Messi scores twice as Argentina progress,0,0,1,0,0,0,0
bbc_760456_2,media_mbm,bbc,UK,760456,ARG-AUT GS,2026-06-22,2,,,"Argentina 2 , Austria 0 at Full time",0,0,0,0,0,0,0
bbc_760456_3,media_mbm,bbc,UK,760456,ARG-AUT GS,2026-06-22,3,,,"Half Time Argentina 1 , Austria 0",0,0,0,0,0,0,0
bbc_760456_4,media_mbm,bbc,UK,760456,ARG-AUT GS,2026-06-22,4,38.0,38.0,"Goal 38 minutes, Goal 90 minutes plus 5",0,0,1,0,0,0,0
bbc_760456_5,media_mbm,bbc,UK,760456,ARG-AUT GS,2026-06-22,5,90.0,90.0,"Goal 38 minutes, Goal 90 minutes plus 5",0,0,1,0,0,0,0
bbc_760456_6,media_mbm,bbc,UK,760456,ARG-AUT GS,2026-06-22,6,,,becomes World Cup all-time leading scorer as Argentina beat Austria -,0,0,1,0,0,0,0
bbc_760456_7,media_mbm,bbc,UK,760456,ARG-AUT GS,2026-06-22,7,,,scores again after break to secure victory,0,0,1,0,0,0,0
bbc_760456_8,media_mbm,bbc,UK,760456,ARG-AUT GS,2026-06-22,8,21.0,21.0,published at 21:00 BST 22 June,0,0,0,0,0,0,0
bbc_760456_9,media_mbm,bbc,UK,760456,ARG-AUT GS,2026-06-22,9,,,"Oh, and Argentina are through to the round of 32.",0,0,0,0,0,0,0
bbc_760456_10,media_mbm,bbc,UK,760456,ARG-AUT GS,2026-06-22,10,20.0,20.0,published at 20:57 BST 22 June,0,0,0,0,0,0,0
bbc_760456_11,media_mbm,bbc,UK,760456,ARG-AUT GS,2026-06-22,11,,,"The Gods of football obviously didn't want him to break the record with a penalty, they wanted him to break the record with a goal from open play.",0,0,1,0,1,0,0
bbc_760456_12,media_mbm,bbc,UK,760456,ARG-AUT GS,2026-06-22,12,,,Argentina have built the team around him and I just don't want the carnival to end.,0,0,0,0,0,0,0
bbc_760456_13,media_mbm,bbc,UK,760456,ARG-AUT GS,2026-06-22,13,,,Messi becomes the World cup top goal scorer as Argentina get to the round on 32,0,0,1,0,0,0,0
bbc_760456_14,media_mbm,bbc,UK,760456,ARG-AUT GS,2026-06-22,14,20.0,20.0,published at 20:54 BST 22 June,0,0,0,0,0,0,0
bbc_760456_15,media_mbm,bbc,UK,760456,ARG-AUT GS,2026-06-22,15,,,"For a few years now, Lionel Messi is recovering when Argentina have the ball and then doing his magic when the ball comes to him.",0,0,0,0,0,0,0
bbc_760456_16,media_mbm,bbc,UK,760456,ARG-AUT GS,2026-06-22,16,20.0,20.0,published at 20:50 BST 22 June,0,0,0,0,0,0,0
bbc_760456_17,media_mbm,bbc,UK,760456,ARG-AUT GS,2026-06-22,17,,,Former England forward on BBC Radio 5 Live at Dallas Stadium,0,0,0,0,0,0,0
bbc_760456_18,media_mbm,bbc,UK,760456,ARG-AUT GS,2026-06-22,18,20.0,20.0,published at 20:47 BST 22 June,0,0,0,0,0,0,0
bbc_760456_19,media_mbm,bbc,UK,760456,ARG-AUT GS,2026-06-22,19,20.0,20.0,published at 20:45 BST 22 June,0,0,0,0,0,0,0
bbc_760456_20,media_mbm,bbc,UK,760456,ARG-AUT GS,2026-06-22,20,20.0,20.0,published at 20:43 BST 22 June,0,0,0,0,0,0,0
bbc_760456_21,media_mbm,bbc,UK,760456,ARG-AUT GS,2026-06-22,21,20.0,20.0,published at 20:41 BST 22 June,0,0,0,0,0,0,0
bbc_760456_22,media_mbm,bbc,UK,760456,ARG-AUT GS,2026-06-22,22,,,Former Spain defender on BBC One,0,0,0,0,0,0,0
bbc_760456_23,media_mbm,bbc,UK,760456,ARG-AUT GS,2026-06-22,23,20.0,20.0,published at 20:37 BST 22 June,0,0,0,0,0,0,0
bbc_760456_24,media_mbm,bbc,UK,760456,ARG-AUT GS,2026-06-22,24,20.0,20.0,published at 20:37 BST 22 June,0,0,0,0,0,0,0
bbc_760456_25,media_mbm,bbc,UK,760456,ARG-AUT GS,2026-06-22,25,,,"As an Austrian that was a pretty good performance. We had good passes, but it is hard to beat Argentina. I don't know what all these people are on about. it's not like England would beat Argentina.",0,0,0,0,0,0,0
bbc_760456_26,media_mbm,bbc,UK,760456,ARG-AUT GS,2026-06-22,26,20.0,20.0,published at 20:34 BST 22 June,0,0,0,0,0,0,0
bbc_760456_27,media_mbm,bbc,UK,760456,ARG-AUT GS,2026-06-22,27,90.0,90.0,"He is enjoying it and this is the best thing. I have seen him play World Cups where he couldn't last 90 minutes. Here at the end, he was running like anyone else, now he knows his body so well.",0,0,0,0,0,0,0
bbc_760456_28,media_mbm,bbc,UK,760456,ARG-AUT GS,2026-06-22,28,20.0,20.0,published at 20:32 BST 22 June,0,0,0,0,0,0,0
bbc_760456_29,media_mbm,bbc,UK,760456,ARG-AUT GS,2026-06-22,29,,,Former England forward on BBC Radio 5 Live at Dallas Stadium,0,0,0,0,0,0,0
bbc_760456_30,media_mbm,bbc,UK,760456,ARG-AUT GS,2026-06-22,30,,,"Lionel Messi magic once again for Argentina. It is not just his goals, but it is his contribution to the team. The way he knits things together. He is the little guy for the big moments. Scintillating here in Dallas. For Argentina, it is job done. They are the masters of finding a way. Simply too good for Austria.",0,0,0,0,0,0,0
bbc_760456_31,media_mbm,bbc,UK,760456,ARG-AUT GS,2026-06-22,31,20.0,20.0,published at 20:29 BST 22 June,0,0,0,0,0,0,0
bbc_760456_32,media_mbm,bbc,UK,760456,ARG-AUT GS,2026-06-22,32,20.0,20.0,published at 20:27 BST 22 June,0,0,0,0,0,0,0
bbc_760456_33,media_mbm,bbc,UK,760456,ARG-AUT GS,2026-06-22,33,20.0,20.0,published at 20:25 BST 22 June,0,0,0,0,0,0,0
bbc_760456_34,media_mbm,bbc,UK,760456,ARG-AUT GS,2026-06-22,34,,,"Argentina's win means Lionel Messi has won 18 matches a player, overtaking Miroslav Klose's 17.",0,0,0,0,0,0,0
bbc_760456_35,media_mbm,bbc,UK,760456,ARG-AUT GS,2026-06-22,35,20.0,20.0,published at 20:23 BST 22 June,0,0,0,0,0,0,0
bbc_760456_36,media_mbm,bbc,UK,760456,ARG-AUT GS,2026-06-22,36,20.0,20.0,published at 20:22 BST 22 June,0,0,0,0,0,0,0
bbc_760456_37,media_mbm,bbc,UK,760456,ARG-AUT GS,2026-06-22,37,,,Let him score as many goals as he can. What is going to happen is they are all going to give him the ball to do so.,0,0,1,0,0,0,0
bbc_760456_38,media_mbm,bbc,UK,760456,ARG-AUT GS,2026-06-22,38,20.0,20.0,published at 20:20 BST 22 June,0,0,0,0,0,0,0
bbc_760456_39,media_mbm,bbc,UK,760456,ARG-AUT GS,2026-06-22,39,20.0,20.0,published at 20:18 BST 22 June,0,0,0,0,0,0,0
bbc_760456_40,media_mbm,bbc,UK,760456,ARG-AUT GS,2026-06-22,40,,,"Five goals for Argentina in two games, the only scorer.",0,0,1,0,0,0,0
bbc_760456_41,media_mbm,bbc,UK,760456,ARG-AUT GS,2026-06-22,41,20.0,20.0,published at 20:16 BST 22 June,0,0,0,0,0,0,0
bbc_760456_42,media_mbm,bbc,UK,760456,ARG-AUT GS,2026-06-22,42,,,Lionel Messi has scored 10 goals in his last six World Cup games.,0,0,1,0,0,0,0
bbc_760456_43,media_mbm,bbc,UK,760456,ARG-AUT GS,2026-06-22,43,,,Messi becomes the World Cup's all-time top goalscorer as Argentina reach last 32,0,0,1,0,0,0,0
bbc_760456_44,media_mbm,bbc,UK,760456,ARG-AUT GS,2026-06-22,44,,,"Lionel Messi misses an early penalty for Argentina, shooting wide",0,0,0,0,1,0,0
bbc_760456_45,media_mbm,bbc,UK,760456,ARG-AUT GS,2026-06-22,45,,,"But forward, 39 on Wednesday, sweeps home opener to become World Cup's record top scorer with 17th goal",0,0,1,0,0,0,0
bbc_760456_46,media_mbm,bbc,UK,760456,ARG-AUT GS,2026-06-22,46,,,Messi scores again in 95th minute for his 18th tournament goal  to settle outcome in Group J tie,0,0,1,0,0,0,0
bbc_760456_47,media_mbm,bbc,UK,760456,ARG-AUT GS,2026-06-22,47,,,"Victory takes holders Argentina into last 32, with Austria on three points",0,0,0,0,0,0,0
bbc_760456_48,media_mbm,bbc,UK,760456,ARG-AUT GS,2026-06-22,48,,,Lionel Messi became the World Cup's all-time record goalscorer as his double against Austria sent holders Argentina into the last 32.,0,0,1,0,0,0,0
bbc_760456_49,media_mbm,bbc,UK,760456,ARG-AUT GS,2026-06-22,49,,,"After only eight minutes, Argentina were awarded a penalty following Stefan Posch's foul on Lautaro Martinez, with Austria defender Xaver Schlager also making a challenge, but Messi fired the spot-kick wide.",1,0,0,0,1,0,0
bbc_760456_50,media_mbm,bbc,UK,760456,ARG-AUT GS,2026-06-22,50,,,"He is now the top scorer in the 2026 competition, with five goals in two matches following a hat-trick in the 3-0 win over Algeria in their opening group game.",0,0,1,0,0,0,0
bbc_760456_51,media_mbm,bbc,UK,760456,ARG-AUT GS,2026-06-22,51,,,"But Aston Villa goalkeeper Emiliano Martinez pushed away a powerful free-kick from Marcel Sabitzer, who was making his 100th international appearance.",1,0,0,0,0,0,0
bbc_760456_52,media_mbm,bbc,UK,760456,ARG-AUT GS,2026-06-22,52,4.0,4.0,"Argentina, with six points, now join Mexico, the United States and Germany in having qualified for the last 32, and they will be confirmed as Group J winners if Jordan do not beat Algeria in the later game (Tuesday, 04:00 BST).",0,0,0,0,0,0,0
bbc_760456_53,media_mbm,bbc,UK,760456,ARG-AUT GS,2026-06-22,53,,,Messi becomes World Cup all-time leading scorer - how has he stayed at the top?,0,0,1,0,0,0,0
bbc_760456_54,media_mbm,bbc,UK,760456,ARG-AUT GS,2026-06-22,54,,,Messi becomes all-time leading World Cup scorer,0,0,1,0,0,0,0
bbc_760456_55,media_mbm,bbc,UK,760456,ARG-AUT GS,2026-06-22,55,,,"He became just the third player in the tournament's history to score in six consecutive games, following France's Just Fontaine in 1958 and Brazilian Jairzinho in 1970.",0,0,1,0,0,0,0
bbc_760456_56,media_mbm,bbc,UK,760456,ARG-AUT GS,2026-06-22,56,,,"Messi's first came 20 years ago against Serbia and Montenegro aged 18, but he did not score in the 2010 tournament in South Africa.",0,0,1,0,0,0,0
bbc_760456_57,media_mbm,bbc,UK,760456,ARG-AUT GS,2026-06-22,57,,,"In 2022, captain Messi inspired Argentina to World Cup glory, scoring seven times, including two in the final against France, which his side won 4-2 on penalties after it had finished 3-3 following extra time.",0,0,0,0,0,0,0
bbc_760456_58,media_mbm,bbc,UK,760456,ARG-AUT GS,2026-06-22,58,,,"Messi, though, will also be looking to extend his own mark as Argentina face Jordan in their last group match on 28 June, before the knockout stages start.",0,0,0,0,0,0,0
bbc_760456_59,media_mbm,bbc,UK,760456,ARG-AUT GS,2026-06-22,59,,,"18 Lionel Messi (Argentina, 2006-2026)",0,0,0,0,0,0,0
bbc_760456_60,media_mbm,bbc,UK,760456,ARG-AUT GS,2026-06-22,60,,,"10 Gary Lineker (England, 1986-1990)",0,0,0,0,0,0,0
bbc_760456_61,media_mbm,bbc,UK,760456,ARG-AUT GS,2026-06-22,61,,,"10 Gabriel Batistuta (Argentina, 1994-2002)",0,0,0,0,0,0,0
bbc_760456_62,media_mbm,bbc,UK,760456,ARG-AUT GS,2026-06-22,62,,,"10 Harry Kane (England, 2018-2026)",0,0,0,0,0,0,0
bbc_760456_63,media_mbm,bbc,UK,760456,ARG-AUT GS,2026-06-22,63,3.0,3.0,"Argentina end their group phase with a game against Jordan, while Austria take on Algeria with both games starting at 03:00 BST on Sunday, 28 June.",0,0,0,0,0,0,0
bbc_760456_64,media_mbm,bbc,UK,760456,ARG-AUT GS,2026-06-22,64,,,"After the opportunity to rate players has closed, the score displayed represents the average from all the submissions by BBC Sport users.",0,0,1,0,0,0,0
bbc_760456_65,media_mbm,bbc,UK,760456,ARG-AUT GS,2026-06-22,65,,,FIFA World Cup Scores & Fixtures,0,0,1,0,0,0,0
bbc_760456_66,media_mbm,bbc,UK,760456,ARG-AUT GS,2026-06-22,66,,,"New Zealand 1 , Egypt 3 at Full time",0,0,0,0,0,0,0
bbc_760456_67,media_mbm,bbc,UK,760456,ARG-AUT GS,2026-06-22,67,,,"Argentina 2 , Austria 0 at Full time",0,0,0,0,0,0,0
bbc_760456_68,media_mbm,bbc,UK,760456,ARG-AUT GS,2026-06-22,68,82.0,82.0,", substituted for N. Tagliafico at 82 minutes",0,0,0,0,0,0,0
bbc_760456_69,media_mbm,bbc,UK,760456,ARG-AUT GS,2026-06-22,69,57.0,57.0,", substituted for N. Otamendi at 57 minutes",0,0,0,0,0,0,0
bbc_760456_70,media_mbm,bbc,UK,760456,ARG-AUT GS,2026-06-22,70,64.0,64.0,", substituted for J. Alvarez at 64 minutes",0,0,0,0,0,0,0
bbc_760456_71,media_mbm,bbc,UK,760456,ARG-AUT GS,2026-06-22,71,82.0,82.0,", substituted for L. Paredes at 82 minutes",0,0,0,0,0,0,0
bbc_760456_72,media_mbm,bbc,UK,760456,ARG-AUT GS,2026-06-22,72,65.0,65.0,", substituted for N. González at 65 minutes",0,0,0,0,0,0,0
bbc_760456_73,media_mbm,bbc,UK,760456,ARG-AUT GS,2026-06-22,73,90.0,90.0,", Yellow Card at 90 minutes plus 2",0,1,0,0,0,0,0
bbc_760456_74,media_mbm,bbc,UK,760456,ARG-AUT GS,2026-06-22,74,67.0,67.0,", substituted for M. Friedl at 67 minutes",0,0,0,0,0,0,0
bbc_760456_75,media_mbm,bbc,UK,760456,ARG-AUT GS,2026-06-22,75,68.0,68.0,", substituted for A. Prass at 68 minutes",0,0,0,0,0,0,0
bbc_760456_76,media_mbm,bbc,UK,760456,ARG-AUT GS,2026-06-22,76,68.0,68.0,", substituted for M. Arnautović at 68 minutes",0,0,0,0,0,0,0
bbc_760456_77,media_mbm,bbc,UK,760456,ARG-AUT GS,2026-06-22,77,78.0,78.0,", substituted for P. Wimmer at 78 minutes",0,0,0,0,0,0,0
bbc_760456_78,media_mbm,bbc,UK,760456,ARG-AUT GS,2026-06-22,78,85.0,85.0,", substituted for C. Chukwuemeka at 85 minutes",0,0,0,0,0,0,0
bbc_760456_79,media_mbm,bbc,UK,760456,ARG-AUT GS,2026-06-22,79,82.0,82.0,", substituted for N. Tagliafico at 82 minutes",0,0,0,0,0,0,0
bbc_760456_80,media_mbm,bbc,UK,760456,ARG-AUT GS,2026-06-22,80,57.0,57.0,", substituted for N. Otamendi at 57 minutes",0,0,0,0,0,0,0
bbc_760456_81,media_mbm,bbc,UK,760456,ARG-AUT GS,2026-06-22,81,64.0,64.0,", substituted for J. Alvarez at 64 minutes",0,0,0,0,0,0,0
bbc_760456_82,media_mbm,bbc,UK,760456,ARG-AUT GS,2026-06-22,82,82.0,82.0,", substituted for L. Paredes at 82 minutes",0,0,0,0,0,0,0
bbc_760456_83,media_mbm,bbc,UK,760456,ARG-AUT GS,2026-06-22,83,65.0,65.0,", substituted for N. González at 65 minutes",0,0,0,0,0,0,0
bbc_760456_84,media_mbm,bbc,UK,760456,ARG-AUT GS,2026-06-22,84,90.0,90.0,", Yellow Card at 90 minutes plus 2",0,1,0,0,0,0,0
bbc_760456_85,media_mbm,bbc,UK,760456,ARG-AUT GS,2026-06-22,85,67.0,67.0,", substituted for M. Friedl at 67 minutes",0,0,0,0,0,0,0
bbc_760456_86,media_mbm,bbc,UK,760456,ARG-AUT GS,2026-06-22,86,68.0,68.0,", substituted for A. Prass at 68 minutes",0,0,0,0,0,0,0
bbc_760456_87,media_mbm,bbc,UK,760456,ARG-AUT GS,2026-06-22,87,68.0,68.0,", substituted for M. Arnautović at 68 minutes",0,0,0,0,0,0,0
bbc_760456_88,media_mbm,bbc,UK,760456,ARG-AUT GS,2026-06-22,88,78.0,78.0,", substituted for P. Wimmer at 78 minutes",0,0,0,0,0,0,0
bbc_760456_89,media_mbm,bbc,UK,760456,ARG-AUT GS,2026-06-22,89,85.0,85.0,", substituted for C. Chukwuemeka at 85 minutes",0,0,0,0,0,0,0
bbc_760456_90,media_mbm,bbc,UK,760456,ARG-AUT GS,2026-06-22,90,,,"Match momentum measures the swing of the match by comparing each team’s threat to see who is more likely to score within that minute. The momentum value is the difference between each team’s most dangerous moment, or team threat, in that minute.",0,0,1,0,0,0,0
bbc_760456_91,media_mbm,bbc,UK,760456,ARG-AUT GS,2026-06-22,91,,,"Match momentum measures the swing of the match by comparing each team’s threat to see who is more likely to score within that minute. The momentum value is the difference between each team’s most dangerous moment, or team threat, in that minute.",0,0,1,0,0,0,0
bbc_760456_92,media_mbm,bbc,UK,760456,ARG-AUT GS,2026-06-22,92,,,"Austria 1 , Argentina 1 on the 3rd of May 1990",0,0,0,0,0,0,0
bbc_760483_0,media_mbm,bbc,UK,760483,JOR-ARG GS,2026-06-28,0,,,"FIFA World Cup Group J LIVE: Jordan vs Argentina - build-up, team news, TV coverage & live text commentary - BBC Sport",0,0,0,0,0,0,0
bbc_760483_1,media_mbm,bbc,UK,760483,JOR-ARG GS,2026-06-28,1,,,Messi sets more records as Argentina beat Jordan,0,0,0,0,0,0,0
bbc_760483_2,media_mbm,bbc,UK,760483,JOR-ARG GS,2026-06-28,2,,,"Jordan 1 , Argentina 3 at Full time",0,0,0,0,0,0,0
bbc_760483_3,media_mbm,bbc,UK,760483,JOR-ARG GS,2026-06-28,3,,,"Half Time Jordan 0 , Argentina 2",0,0,0,0,0,0,0
bbc_760483_4,media_mbm,bbc,UK,760483,JOR-ARG GS,2026-06-28,4,,,"Argentina through as group winners, Jordan already out",0,0,0,0,0,0,0
bbc_760483_5,media_mbm,bbc,UK,760483,JOR-ARG GS,2026-06-28,5,,,"Lo Celso opens scoring with free-kick, Martinez doubles lead from spot before Al Tamari responds",1,0,0,0,0,0,0
bbc_760483_6,media_mbm,bbc,UK,760483,JOR-ARG GS,2026-06-28,6,,,Messi comes off bench to score free-kick - netting in record seventh successive World Cup game,1,0,1,0,0,0,0
bbc_760483_7,media_mbm,bbc,UK,760483,JOR-ARG GS,2026-06-28,7,,,Algeria face Austria in Kansas - winner will face Spain in last 32,0,0,0,0,0,0,0
bbc_760483_8,media_mbm,bbc,UK,760483,JOR-ARG GS,2026-06-28,8,5.0,5.0,published at 05:20 BST 28 June,0,0,0,0,0,0,0
bbc_760483_9,media_mbm,bbc,UK,760483,JOR-ARG GS,2026-06-28,9,,,"There was also another record for Lionel Messi in Argentina's win against Jordan, as he became the first man to score in seven consecutive World Cup matches.",0,0,1,0,0,0,0
bbc_760483_10,media_mbm,bbc,UK,760483,JOR-ARG GS,2026-06-28,10,20.0,20.0,The knockout stage begins later on Sunday when co-hosts Canada face South Africa at 20:00 BST. Hope you can join us again for that.,0,0,0,0,0,0,0
bbc_760483_11,media_mbm,bbc,UK,760483,JOR-ARG GS,2026-06-28,11,5.0,5.0,published at 05:18 BST 28 June,0,0,0,0,0,0,0
bbc_760483_12,media_mbm,bbc,UK,760483,JOR-ARG GS,2026-06-28,12,17.0,17.0,England will play DR Congo on Wednesday at 17:00 BST in Atlanta.,0,0,0,0,0,0,0
bbc_760483_13,media_mbm,bbc,UK,760483,JOR-ARG GS,2026-06-28,13,5.0,5.0,published at 05:16 BST 28 June,0,0,0,0,0,0,0
bbc_760483_14,media_mbm,bbc,UK,760483,JOR-ARG GS,2026-06-28,14,,,"Amazingly, that last gasp equaliser has done Algeria a huge favour. Swapping Spain for Switzerland is a massive bonus.",0,0,0,0,0,0,0
bbc_760483_15,media_mbm,bbc,UK,760483,JOR-ARG GS,2026-06-28,15,,,"Had Algeria held on to win, they would have played Spain in the last 32.",0,0,0,0,0,0,0
bbc_760483_16,media_mbm,bbc,UK,760483,JOR-ARG GS,2026-06-28,16,,,The draw means they'll play Switzerland and it's Austria who will take on the reigning European champions next.,0,0,0,0,0,0,0
bbc_760483_17,media_mbm,bbc,UK,760483,JOR-ARG GS,2026-06-28,17,5.0,5.0,published at 05:14 BST 28 June,0,0,0,0,0,0,0
bbc_760483_18,media_mbm,bbc,UK,760483,JOR-ARG GS,2026-06-28,18,5.0,5.0,published at 05:11 BST 28 June,0,0,0,0,0,0,0
bbc_760483_19,media_mbm,bbc,UK,760483,JOR-ARG GS,2026-06-28,19,5.0,5.0,published at 05:08 BST 28 June,0,0,0,0,0,0,0
bbc_760483_20,media_mbm,bbc,UK,760483,JOR-ARG GS,2026-06-28,20,5.0,5.0,published at 05:04 BST 28 June,0,0,0,0,0,0,0
bbc_760483_21,media_mbm,bbc,UK,760483,JOR-ARG GS,2026-06-28,21,,,"This is how close they came to automatic qualification from their group - they had a late goal chalked off for offside in their game with Egypt, which ended 1-1, when a win in Seattle would have sent them through.",0,0,1,0,0,0,0
bbc_760483_22,media_mbm,bbc,UK,760483,JOR-ARG GS,2026-06-28,22,5.0,5.0,published at 05:02 BST 28 June,0,0,0,0,0,0,0
bbc_760483_23,media_mbm,bbc,UK,760483,JOR-ARG GS,2026-06-28,23,,,FULL-TIME: Jordan 1-3 Argentina,0,0,0,0,0,0,0
bbc_760483_24,media_mbm,bbc,UK,760483,JOR-ARG GS,2026-06-28,24,4.0,4.0,published at 04:59 BST 28 June,0,0,0,0,0,0,0
bbc_760483_25,media_mbm,bbc,UK,760483,JOR-ARG GS,2026-06-28,25,,,"Argentina claim maximum points in their group and Lionel Messi has yet another record - this time, he becomes the first man to score in seven straight World Cup matches.",0,0,1,0,0,0,0
bbc_760483_26,media_mbm,bbc,UK,760483,JOR-ARG GS,2026-06-28,26,4.0,4.0,published at 04:59 BST 28 June,0,0,0,0,0,0,0
bbc_760483_27,media_mbm,bbc,UK,760483,JOR-ARG GS,2026-06-28,27,,,Austria finish second and will play Spain in the last 32.,0,0,0,0,0,0,0
bbc_760483_28,media_mbm,bbc,UK,760483,JOR-ARG GS,2026-06-28,28,,,Algeria will play Switzerland.,0,0,0,0,0,0,0
bbc_760483_29,media_mbm,bbc,UK,760483,JOR-ARG GS,2026-06-28,29,4.0,4.0,published at 04:58 BST 28 June,0,0,0,0,0,0,0
bbc_760483_30,media_mbm,bbc,UK,760483,JOR-ARG GS,2026-06-28,30,,,A cross from the Austria left is headed back across goal and Wolves striker,0,0,1,0,0,0,0
bbc_760483_31,media_mbm,bbc,UK,760483,JOR-ARG GS,2026-06-28,31,4.0,4.0,published at 04:55 BST 28 June,0,0,0,0,0,0,0
bbc_760483_32,media_mbm,bbc,UK,760483,JOR-ARG GS,2026-06-28,32,,,is sent through on goal and he slides in what must be the winner.,0,0,1,0,0,0,0
bbc_760483_33,media_mbm,bbc,UK,760483,JOR-ARG GS,2026-06-28,33,4.0,4.0,published at 04:53 BST 28 June,0,0,0,0,0,0,0
bbc_760483_34,media_mbm,bbc,UK,760483,JOR-ARG GS,2026-06-28,34,4.0,4.0,published at 04:50 BST 28 June,0,0,0,0,0,0,0
bbc_760483_35,media_mbm,bbc,UK,760483,JOR-ARG GS,2026-06-28,35,4.0,4.0,published at 04:47 BST 28 June,0,0,0,0,0,0,0
bbc_760483_36,media_mbm,bbc,UK,760483,JOR-ARG GS,2026-06-28,36,,,That was Lionel Messi's 19th goal at a World Cup.,0,0,1,0,0,0,0
bbc_760483_37,media_mbm,bbc,UK,760483,JOR-ARG GS,2026-06-28,37,,,"With the first of his two goals against Austria a few days ago, Messi became the all-time leading goalscorer at World Cups.",0,0,1,0,0,0,0
bbc_760483_38,media_mbm,bbc,UK,760483,JOR-ARG GS,2026-06-28,38,4.0,4.0,published at 04:45 BST 28 June,0,0,0,0,0,0,0
bbc_760483_39,media_mbm,bbc,UK,760483,JOR-ARG GS,2026-06-28,39,4.0,4.0,published at 04:45 BST 28 June,0,0,0,0,0,0,0
bbc_760483_40,media_mbm,bbc,UK,760483,JOR-ARG GS,2026-06-28,40,4.0,4.0,published at 04:45 BST 28 June,0,0,0,0,0,0,0
bbc_760483_41,media_mbm,bbc,UK,760483,JOR-ARG GS,2026-06-28,41,,,Jordan really paid the price for giving Messi another free-kick outside the box.,1,0,0,0,0,0,0
bbc_760483_42,media_mbm,bbc,UK,760483,JOR-ARG GS,2026-06-28,42,4.0,4.0,published at 04:42 BST 28 June,0,0,0,0,0,0,0
bbc_760483_43,media_mbm,bbc,UK,760483,JOR-ARG GS,2026-06-28,43,,,Goal number six of the World Cup for,0,0,1,0,0,0,0
bbc_760483_44,media_mbm,bbc,UK,760483,JOR-ARG GS,2026-06-28,44,,,He's the first man ever to score in seven consecutive World Cup games.,0,0,1,0,0,0,0
bbc_760483_45,media_mbm,bbc,UK,760483,JOR-ARG GS,2026-06-28,45,4.0,4.0,published at 04:41 BST 28 June,0,0,0,0,0,0,0
bbc_760483_46,media_mbm,bbc,UK,760483,JOR-ARG GS,2026-06-28,46,,,Another free-kick opportunity for Lionel Messi if he fancies it - it's a bit closer than his previous one and very central.,1,0,0,0,0,0,0
bbc_760483_47,media_mbm,bbc,UK,760483,JOR-ARG GS,2026-06-28,47,,,Messi comes off the bench to score as Argentina beat Jordan,0,0,1,0,0,0,0
bbc_760483_48,media_mbm,bbc,UK,760483,JOR-ARG GS,2026-06-28,48,,,Lionel Messi off the bench to score in record-breaking seventh World Cup game in a row,0,0,1,0,0,0,0
bbc_760483_49,media_mbm,bbc,UK,760483,JOR-ARG GS,2026-06-28,49,,,Giovani lo Celso free-kick puts Argentina in front in 19th minute,1,0,0,0,0,0,0
bbc_760483_50,media_mbm,bbc,UK,760483,JOR-ARG GS,2026-06-28,50,,,"Lautaro Martinez penalty, awarded after VAR intervention, makes it two",0,0,0,1,1,0,0
bbc_760483_51,media_mbm,bbc,UK,760483,JOR-ARG GS,2026-06-28,51,,,Jordan get one back with superbly worked move finished by Mousa Al Tamari before Messi free-kick seals it for Argentina,1,0,0,0,0,0,0
bbc_760483_52,media_mbm,bbc,UK,760483,JOR-ARG GS,2026-06-28,52,,,Argentina win Group J with 100% record and face Cape Verde in last 32; Jordan finish fourth,0,0,0,0,0,0,0
bbc_760483_53,media_mbm,bbc,UK,760483,JOR-ARG GS,2026-06-28,53,,,Lionel Messi came off the bench to score and break yet another record as Argentina maintained their perfect start to the World Cup with a comfortable victory over Jordan in Dallas.,0,0,1,0,0,0,0
bbc_760483_54,media_mbm,bbc,UK,760483,JOR-ARG GS,2026-06-28,54,,,"Having been left on the bench, with Argentina having already won Group J, Messi was brought on in the 60th minute to the loudest cheer of the night.",0,0,0,0,0,0,0
bbc_760483_55,media_mbm,bbc,UK,760483,JOR-ARG GS,2026-06-28,55,10.0,10.0,That was until he curled a low free-kick around the wall to extend Argentina's lead with 10 minutes to go.,1,0,0,0,0,0,0
bbc_760483_56,media_mbm,bbc,UK,760483,JOR-ARG GS,2026-06-28,56,,,The goal was Messi's sixth of the tournament already - putting him two clear of his nearest challengers in the race for the golden boot - and a record-extending 19th World Cup goal.,0,0,1,0,0,0,0
bbc_760483_57,media_mbm,bbc,UK,760483,JOR-ARG GS,2026-06-28,57,,,It also meant the former Barcelona forward became the first man to score in seven consecutive World Cup games.,0,0,1,0,0,0,0
bbc_760483_58,media_mbm,bbc,UK,760483,JOR-ARG GS,2026-06-28,58,,,"""Simply incredible,"" ex-England midfielder Danny Murphy said on BBC One. ""He just impacts games.",0,0,0,0,0,0,0
bbc_760483_59,media_mbm,bbc,UK,760483,JOR-ARG GS,2026-06-28,59,,,"Earlier, former Tottenham midfielder Giovani lo Celso had opened the scoring for a much-changed Argentina team as he whipped a superb free-kick into the top corner.",1,0,0,0,0,0,0
bbc_760483_60,media_mbm,bbc,UK,760483,JOR-ARG GS,2026-06-28,60,,,"Striker Lautaro Martinez doubled the lead with an emphatic penalty thumped into the bottom corner, after the referee had been sent to the monitor to see Marcos Senesi had been inadvertently kicked in the head as he dived to head the ball at goal.",0,0,1,0,1,0,0
bbc_760483_61,media_mbm,bbc,UK,760483,JOR-ARG GS,2026-06-28,61,10.0,10.0,"While Argentina were in control, Jordan continued to fight and halved the deficit with a brilliantly worked goal 10 minutes into the second half.",0,0,1,0,0,0,0
bbc_760483_62,media_mbm,bbc,UK,760483,JOR-ARG GS,2026-06-28,62,,,"Having started the move, substitute Mousa Al Tamari was there to convert Ehsan Haddad's excellent ball across the face of goal.",0,0,1,0,0,0,0
bbc_760483_63,media_mbm,bbc,UK,760483,JOR-ARG GS,2026-06-28,63,,,There was a buzz of excitement every time he got on the ball in the final third and he gave the fans at Dallas Stadium the moment they so craved with another record-breaking goal.,0,0,1,0,0,0,0
bbc_760483_64,media_mbm,bbc,UK,760483,JOR-ARG GS,2026-06-28,64,,,Messi scores again and gets another record,0,0,1,0,0,0,0
bbc_760483_65,media_mbm,bbc,UK,760483,JOR-ARG GS,2026-06-28,65,,,"It is on to the knockout stage for Argentina, with World Cup debutants Cape Verde their opponents in the last 32.",0,0,0,0,0,0,0
bbc_760483_66,media_mbm,bbc,UK,760483,JOR-ARG GS,2026-06-28,66,23.0,23.0,"The game will take place in Miami at 23:00 BST on Friday, 3 July.",0,0,0,0,0,0,0
bbc_760483_67,media_mbm,bbc,UK,760483,JOR-ARG GS,2026-06-28,67,,,"After the opportunity to rate players has closed, the score displayed represents the average from all the submissions by BBC Sport users.",0,0,1,0,0,0,0
bbc_760483_68,media_mbm,bbc,UK,760483,JOR-ARG GS,2026-06-28,68,,,FIFA World Cup Scores & Fixtures,0,0,1,0,0,0,0
bbc_760483_69,media_mbm,bbc,UK,760483,JOR-ARG GS,2026-06-28,69,,,"Jordan 1 , Argentina 3 at Full time",0,0,0,0,0,0,0
bbc_760483_70,media_mbm,bbc,UK,760483,JOR-ARG GS,2026-06-28,70,90.0,90.0,", substituted for Saleem Obaid at 90 minutes",0,0,0,0,0,0,0
bbc_760483_71,media_mbm,bbc,UK,760483,JOR-ARG GS,2026-06-28,71,76.0,76.0,", substituted for Amer Jamous at 76 minutes",0,0,0,0,0,0,0
bbc_760483_72,media_mbm,bbc,UK,760483,JOR-ARG GS,2026-06-28,72,90.0,90.0,", substituted for Mohammad Abu Zraiq at 90 minutes",0,0,0,0,0,0,0
bbc_760483_73,media_mbm,bbc,UK,760483,JOR-ARG GS,2026-06-28,73,46.0,46.0,", substituted for Mousa Al Tamari at 46 minutes",0,0,0,0,0,0,0
bbc_760483_74,media_mbm,bbc,UK,760483,JOR-ARG GS,2026-06-28,74,46.0,46.0,", substituted for Mahmoud Al Mardi at 46 minutes",0,0,0,0,0,0,0
bbc_760483_75,media_mbm,bbc,UK,760483,JOR-ARG GS,2026-06-28,75,90.0,90.0,", Yellow Card at 90 minutes plus 4",0,1,0,0,0,0,0
bbc_760483_76,media_mbm,bbc,UK,760483,JOR-ARG GS,2026-06-28,76,60.0,60.0,", substituted for T. Almada at 60 minutes",0,0,0,0,0,0,0
bbc_760483_77,media_mbm,bbc,UK,760483,JOR-ARG GS,2026-06-28,77,61.0,61.0,", substituted for A. Mac Allister at 61 minutes",0,0,0,0,0,0,0
bbc_760483_78,media_mbm,bbc,UK,760483,JOR-ARG GS,2026-06-28,78,71.0,71.0,", substituted for V. Barco at 71 minutes",0,0,0,0,0,0,0
bbc_760483_79,media_mbm,bbc,UK,760483,JOR-ARG GS,2026-06-28,79,82.0,82.0,", substituted for J. López at 82 minutes",0,0,0,0,0,0,0
bbc_760483_80,media_mbm,bbc,UK,760483,JOR-ARG GS,2026-06-28,80,60.0,60.0,", substituted for L. Messi at 60 minutes",0,0,0,0,0,0,0
bbc_760483_81,media_mbm,bbc,UK,760483,JOR-ARG GS,2026-06-28,81,90.0,90.0,", substituted for Saleem Obaid at 90 minutes",0,0,0,0,0,0,0
bbc_760483_82,media_mbm,bbc,UK,760483,JOR-ARG GS,2026-06-28,82,76.0,76.0,", substituted for Amer Jamous at 76 minutes",0,0,0,0,0,0,0
bbc_760483_83,media_mbm,bbc,UK,760483,JOR-ARG GS,2026-06-28,83,90.0,90.0,", substituted for Mohammad Abu Zraiq at 90 minutes",0,0,0,0,0,0,0
bbc_760483_84,media_mbm,bbc,UK,760483,JOR-ARG GS,2026-06-28,84,46.0,46.0,", substituted for Mousa Al Tamari at 46 minutes",0,0,0,0,0,0,0
bbc_760483_85,media_mbm,bbc,UK,760483,JOR-ARG GS,2026-06-28,85,46.0,46.0,", substituted for Mahmoud Al Mardi at 46 minutes",0,0,0,0,0,0,0
bbc_760483_86,media_mbm,bbc,UK,760483,JOR-ARG GS,2026-06-28,86,90.0,90.0,", Yellow Card at 90 minutes plus 4",0,1,0,0,0,0,0
bbc_760483_87,media_mbm,bbc,UK,760483,JOR-ARG GS,2026-06-28,87,60.0,60.0,", substituted for T. Almada at 60 minutes",0,0,0,0,0,0,0
bbc_760483_88,media_mbm,bbc,UK,760483,JOR-ARG GS,2026-06-28,88,61.0,61.0,", substituted for A. Mac Allister at 61 minutes",0,0,0,0,0,0,0
bbc_760483_89,media_mbm,bbc,UK,760483,JOR-ARG GS,2026-06-28,89,71.0,71.0,", substituted for V. Barco at 71 minutes",0,0,0,0,0,0,0
bbc_760483_90,media_mbm,bbc,UK,760483,JOR-ARG GS,2026-06-28,90,82.0,82.0,", substituted for J. López at 82 minutes",0,0,0,0,0,0,0
bbc_760483_91,media_mbm,bbc,UK,760483,JOR-ARG GS,2026-06-28,91,60.0,60.0,", substituted for L. Messi at 60 minutes",0,0,0,0,0,0,0
bbc_760483_92,media_mbm,bbc,UK,760483,JOR-ARG GS,2026-06-28,92,,,"Match momentum measures the swing of the match by comparing each team’s threat to see who is more likely to score within that minute. The momentum value is the difference between each team’s most dangerous moment, or team threat, in that minute.",0,0,1,0,0,0,0
bbc_760483_93,media_mbm,bbc,UK,760483,JOR-ARG GS,2026-06-28,93,,,"Match momentum measures the swing of the match by comparing each team’s threat to see who is more likely to score within that minute. The momentum value is the difference between each team’s most dangerous moment, or team threat, in that minute.",0,0,1,0,0,0,0
bbc_760500_0,media_mbm,bbc,UK,760500,ARG-CPV R32,2026-07-03,0,,,"World Cup 2026: Lionel Messi's Argentina v Cape Verde - how to watch & follow, buildup - BBC Sport",0,0,0,0,0,0,0
bbc_760500_1,media_mbm,bbc,UK,760500,ARG-CPV R32,2026-07-03,1,,,"England, France & Spain v Portugal on BBC in last 16",0,0,0,0,0,0,0
bbc_760500_2,media_mbm,bbc,UK,760500,ARG-CPV R32,2026-07-03,2,0.0,0.0,"1,000 tomatoes for winning the World Cup?! 00:00:53, play video",0,0,0,0,0,0,0
bbc_760500_3,media_mbm,bbc,UK,760500,ARG-CPV R32,2026-07-03,3,0.0,0.0,"We gave Alan Shearer a disposable camera for the World Cup. 00:00:43, play video",0,0,0,0,0,0,0
bbc_760500_4,media_mbm,bbc,UK,760500,ARG-CPV R32,2026-07-03,4,0.0,0.0,"Will Argentina face punishment for World Cup final chaos? 00:00:50, play video",0,0,0,0,0,0,0
bbc_760500_5,media_mbm,bbc,UK,760500,ARG-CPV R32,2026-07-03,5,,,Will Argentina face punishment for World Cup final chaos?,0,0,0,0,0,0,0
bbc_760500_6,media_mbm,bbc,UK,760500,ARG-CPV R32,2026-07-03,6,0.0,0.0,"Only just over 1,400 days until the next World Cup! 00:01:12, play video",0,0,0,0,0,0,0
bbc_760500_7,media_mbm,bbc,UK,760500,ARG-CPV R32,2026-07-03,7,0.0,0.0,"Spain continue their World Cup celebrations! 00:00:44, play video",0,0,0,0,0,0,0
bbc_760500_8,media_mbm,bbc,UK,760500,ARG-CPV R32,2026-07-03,8,,,Spain continue their World Cup celebrations!,0,0,0,0,0,0,0
bbc_760500_9,media_mbm,bbc,UK,760500,ARG-CPV R32,2026-07-03,9,0.0,0.0,"The Spain team brings the World Cup home. 00:00:39, play video",0,0,0,0,0,0,0
bbc_760500_10,media_mbm,bbc,UK,760500,ARG-CPV R32,2026-07-03,10,,,The Spain team brings the World Cup home,0,0,0,0,0,0,0
bbc_760500_11,media_mbm,bbc,UK,760500,ARG-CPV R32,2026-07-03,11,0.0,0.0,"World Cup winners Spain arrive home. 00:00:38, play video",0,0,0,0,0,0,0
bbc_760500_12,media_mbm,bbc,UK,760500,ARG-CPV R32,2026-07-03,12,,,World Cup winners Spain arrive home,0,0,0,0,0,0,0
bbc_760500_13,media_mbm,bbc,UK,760500,ARG-CPV R32,2026-07-03,13,0.0,0.0,"What do Spain get for winning the World Cup? 00:00:57, play video",0,0,0,0,0,0,0
bbc_760500_14,media_mbm,bbc,UK,760500,ARG-CPV R32,2026-07-03,14,,,What do Spain get for winning the World Cup?,0,0,0,0,0,0,0
bbc_760500_15,media_mbm,bbc,UK,760500,ARG-CPV R32,2026-07-03,15,0.0,0.0,"'There is no space or place for that in football' 00:00:46, play video",0,0,0,0,0,0,0
bbc_760500_16,media_mbm,bbc,UK,760500,ARG-CPV R32,2026-07-03,16,0.0,0.0,"'I can't believe it!' -  Torres on winning goal. 00:00:28, play video",0,0,1,0,0,0,0
bbc_760500_17,media_mbm,bbc,UK,760500,ARG-CPV R32,2026-07-03,17,,,'I can't believe it!' -  Torres on winning goal,0,0,1,0,0,0,0
bbc_760500_18,media_mbm,bbc,UK,760500,ARG-CPV R32,2026-07-03,18,19.0,19.0,"Egypt (19:00 BST): BBC One, BBC iPlayer, BBC Radio 5 Live and live text coverage",0,0,0,0,0,0,0
bbc_760500_19,media_mbm,bbc,UK,760500,ARG-CPV R32,2026-07-03,19,23.0,23.0,Cape Verde (23:00 BST): BBC Radio 5 Live and live text coverage,0,0,0,0,0,0,0
bbc_760500_20,media_mbm,bbc,UK,760500,ARG-CPV R32,2026-07-03,20,2.0,2.0,"Ghana (Sat, 02:30 BST): BBC Radio 5 Live and live text coverage",0,0,0,0,0,0,0
bbc_760500_21,media_mbm,bbc,UK,760500,ARG-CPV R32,2026-07-03,21,2.0,2.0,"Colombia v Ghana (Sat, 02:30 BST)",0,0,0,0,0,0,0
bbc_760500_22,media_mbm,bbc,UK,760500,ARG-CPV R32,2026-07-03,22,,,"Ghana will try to keep them quiet the same way they kept England out, but Colombia will have too much attacking quality for them.",0,0,0,0,0,0,0
bbc_760500_23,media_mbm,bbc,UK,760500,ARG-CPV R32,2026-07-03,23,2.0,2.0,"Colombia v Ghana (Sat, 2:30 BST)",0,0,0,0,0,0,0
bbc_760500_24,media_mbm,bbc,UK,760500,ARG-CPV R32,2026-07-03,24,2.0,2.0,"Colombia v Ghana (Sat, 2:30 BST)",0,0,0,0,0,0,0
bbc_760500_25,media_mbm,bbc,UK,760500,ARG-CPV R32,2026-07-03,25,2.0,2.0,"Colombia v Ghana (Sat, 2:30 BST)",0,0,0,0,0,0,0
bbc_760500_26,media_mbm,bbc,UK,760500,ARG-CPV R32,2026-07-03,26,19.0,19.0,"Australia v Egypt (Fri, 19:00 BST)",0,0,0,0,0,0,0
bbc_760500_27,media_mbm,bbc,UK,760500,ARG-CPV R32,2026-07-03,27,,,"The Opta supercomputer’s 25,000 pre-match simulations saw Egypt emerge with a slightly higher win probability of 38.6%.",0,0,0,0,0,0,0
bbc_760500_28,media_mbm,bbc,UK,760500,ARG-CPV R32,2026-07-03,28,90.0,90.0,"There is not much between that and Australia’s win probability of 30.4%, which is close to the 31.0% chance of the game being level after 90 minutes.",0,0,0,0,0,0,0
bbc_760500_29,media_mbm,bbc,UK,760500,ARG-CPV R32,2026-07-03,29,,,"This is the closest tie in the round of 32, with Egypt having a 54.0% chance of progression overall, compared to Australia’s 46.0%.",0,0,0,0,0,0,0
bbc_760500_30,media_mbm,bbc,UK,760500,ARG-CPV R32,2026-07-03,30,,,I know everyone will be talking about Egypt's Mohamed Salah but I don't see him getting on the scoresheet here - or anyone else for that matter.,0,0,1,0,0,0,0
bbc_760500_31,media_mbm,bbc,UK,760500,ARG-CPV R32,2026-07-03,31,,,0-0 after extra time. Egypt to win on penalties.,0,0,0,0,0,0,0
bbc_760500_32,media_mbm,bbc,UK,760500,ARG-CPV R32,2026-07-03,32,,,Egypt remain optimistic the hamstring strain Mohamed Salah picked up against Iran will not prevent him from facing Australia in Friday's last-32 tie at the Fifa World Cup.,0,0,0,0,0,0,0
bbc_760500_33,media_mbm,bbc,UK,760500,ARG-CPV R32,2026-07-03,33,18.0,18.0,"but there is growing optimism within the Egyptian camp that the captain could feature against the Socceroos in Dallas (18:00 GMT), having returned to training on Tuesday.",0,0,0,0,0,0,0
bbc_760500_34,media_mbm,bbc,UK,760500,ARG-CPV R32,2026-07-03,34,,,Australia have reached the last-16 stage twice before in 2006 and 2022. They lost to Italy in '06 and Argentina four years ago.,0,0,0,0,0,0,0
bbc_760500_35,media_mbm,bbc,UK,760500,ARG-CPV R32,2026-07-03,35,,,"Seven-time African champions Egypt have only ever played one World Cup knockout match before, in the last 16 in 1934. They lost to Hungary.",0,0,0,0,0,0,0
bbc_760500_36,media_mbm,bbc,UK,760500,ARG-CPV R32,2026-07-03,36,,,"Thanks Harry. So, Argentina v Cape Verde is on BBC Radio 5 Live tonight. Before that though Australia face Egypt on BBC One...",0,0,0,0,0,0,0
bbc_760500_37,media_mbm,bbc,UK,760500,ARG-CPV R32,2026-07-03,37,23.0,23.0,"Argentina v Cape Verde (Fri, 23:00 BST)",0,0,0,0,0,0,0
bbc_760500_38,media_mbm,bbc,UK,760500,ARG-CPV R32,2026-07-03,38,,,The prospect of facing World Cup record goalscorer Lionel Messi in a knockout game would strike fear into most defenders.,0,0,1,0,0,0,0
bbc_760500_39,media_mbm,bbc,UK,760500,ARG-CPV R32,2026-07-03,39,,,"The Cape Verde centre-back has helped the African side progress to the last 32 from Group H after draws against Spain, Uruguay and Saudi Arabia.",0,0,0,0,0,0,0
bbc_760500_40,media_mbm,bbc,UK,760500,ARG-CPV R32,2026-07-03,40,23.0,23.0,"After finishing runners-up behind European champions Spain, they now face defending champions Argentina in Miami on Friday (23:00 BST) for a spot in the last 16.",0,0,0,0,0,0,0
bbc_760500_41,media_mbm,bbc,UK,760500,ARG-CPV R32,2026-07-03,41,,,Messi will lead Argentina's attack and has already scored six goals during what is expected to be his last World Cup.,0,0,1,0,0,0,0
bbc_760500_42,media_mbm,bbc,UK,760500,ARG-CPV R32,2026-07-03,42,23.0,23.0,Argentina v Cape Verde (23:00 BST),0,0,0,0,0,0,0
bbc_760500_43,media_mbm,bbc,UK,760500,ARG-CPV R32,2026-07-03,43,,,Lionel Messi became the first man to score in seven consecutive World Cup games when he scored a goal against Jordan.,0,0,1,0,0,0,0
bbc_760500_44,media_mbm,bbc,UK,760500,ARG-CPV R32,2026-07-03,44,,,The goal was Messi's sixth of the tournament already - putting him level with France's Kylian Mbappe in the race for the golden boot - and a record-extending 19th World Cup goal.,0,0,1,0,0,0,0
bbc_760500_45,media_mbm,bbc,UK,760500,ARG-CPV R32,2026-07-03,45,23.0,23.0,Argentina v Cape Verde (23:00 BST),0,0,0,0,0,0,0
bbc_760500_46,media_mbm,bbc,UK,760500,ARG-CPV R32,2026-07-03,46,,,"They have already shut out Spain, but I don't see them stopping Argentina, who are probably the most streetwise team in the tournament, and you cannot look past Lionel Messi having the final say.",0,0,0,0,0,0,0
bbc_760500_47,media_mbm,bbc,UK,760500,ARG-CPV R32,2026-07-03,47,,,"Cape Verde will beat Argentina 1-0 in World Cup clash, predicts president",0,0,0,0,0,0,0
bbc_760500_48,media_mbm,bbc,UK,760500,ARG-CPV R32,2026-07-03,48,23.0,23.0,"Argentina v Cape Verde (Fri, 23:00 BST)",0,0,0,0,0,0,0
bbc_760500_49,media_mbm,bbc,UK,760500,ARG-CPV R32,2026-07-03,49,,,"The president of Cape Verde, José Maria Neves, predicts his country will defeat defending champions Argentina in the last 32 of the Fifa World Cup as the upstarts continue to ""write their destiny"".",0,0,0,0,0,0,0
bbc_760500_50,media_mbm,bbc,UK,760500,ARG-CPV R32,2026-07-03,50,,,"""I think Cape Verde can beat Argentina 1-0,"" he said in an exclusive interview with the BBC.",0,0,0,0,0,0,0
bbc_760500_51,media_mbm,bbc,UK,760500,ARG-CPV R32,2026-07-03,51,22.0,22.0,"His comments come ahead of Friday's clash between the Blue Sharks and Argentina's national side, known as La Albiceleste, in Miami at 22:00 GMT.",0,0,0,0,0,0,0
bbc_760500_52,media_mbm,bbc,UK,760500,ARG-CPV R32,2026-07-03,52,,,How did Argentina and Cape Verde get here?,0,0,0,0,0,0,0
bbc_760500_53,media_mbm,bbc,UK,760500,ARG-CPV R32,2026-07-03,53,23.0,23.0,"Argentina v Cape Verde (Fri, 23:00 BST)",0,0,0,0,0,0,0
bbc_760500_54,media_mbm,bbc,UK,760500,ARG-CPV R32,2026-07-03,54,,,"Argentina cruised through Group J, winning all three matches and collecting nine points.",0,0,0,0,0,0,0
bbc_760500_55,media_mbm,bbc,UK,760500,ARG-CPV R32,2026-07-03,55,,,"Cape Verde finished second in Group H, they collected three points after drawing all three of their group stage games - goalless against Spain and Saudi Arabia and 2-2 against Uruguay.",0,0,0,0,0,0,0
bbc_760500_56,media_mbm,bbc,UK,760500,ARG-CPV R32,2026-07-03,56,,,FIFA World Cup Scores and fixtures,0,0,1,0,0,0,0
bbc_760500_57,media_mbm,bbc,UK,760500,ARG-CPV R32,2026-07-03,57,,,"Switzerland 2 , Algeria 0 at Full time",0,0,0,0,0,0,0
bbc_760500_58,media_mbm,bbc,UK,760500,ARG-CPV R32,2026-07-03,58,,,"Australia 1 , Egypt 1 After extra time , Egypt win 4 - 2 on penalties",0,0,0,0,0,0,0
bbc_760500_59,media_mbm,bbc,UK,760500,ARG-CPV R32,2026-07-03,59,,,"Argentina 3 , Cape Verde 2 After extra time",0,0,0,0,0,0,0
bbc_760509_0,media_mbm,bbc,UK,760509,ARG-EGY R16,2026-07-07,0,,,World Cup 2026 results: Argentina 3-2 Egypt as Lionel Messi scores after having penalty saved - BBC Sport,0,0,1,0,1,0,0
bbc_760509_1,media_mbm,bbc,UK,760509,ARG-EGY R16,2026-07-07,1,,,Argentina complete extraordinary comeback to beat Egypt,0,0,0,0,0,0,0
bbc_760509_2,media_mbm,bbc,UK,760509,ARG-EGY R16,2026-07-07,2,,,"Argentina 3 , Egypt 2 at Full time",0,0,0,0,0,0,0
bbc_760509_3,media_mbm,bbc,UK,760509,ARG-EGY R16,2026-07-07,3,,,"Half Time Argentina 0 , Egypt 1",0,0,0,0,0,0,0
bbc_760509_4,media_mbm,bbc,UK,760509,ARG-EGY R16,2026-07-07,4,79.0,79.0,"L. Messi (79'), G. Montiel (83'), Lautaro Martínez (90'+2)",0,0,0,0,0,0,0
bbc_760509_5,media_mbm,bbc,UK,760509,ARG-EGY R16,2026-07-07,5,83.0,83.0,"L. Messi (79'), G. Montiel (83'), Lautaro Martínez (90'+2)",0,0,0,0,0,0,0
bbc_760509_6,media_mbm,bbc,UK,760509,ARG-EGY R16,2026-07-07,6,90.0,90.0,"L. Messi (79'), G. Montiel (83'), Lautaro Martínez (90'+2)",0,0,0,0,0,0,0
bbc_760509_7,media_mbm,bbc,UK,760509,ARG-EGY R16,2026-07-07,7,15.0,15.0,"Marwan Attia (15'), Haissem Hassan (67')",0,0,0,0,0,0,0
bbc_760509_8,media_mbm,bbc,UK,760509,ARG-EGY R16,2026-07-07,8,67.0,67.0,"Marwan Attia (15'), Haissem Hassan (67')",0,0,0,0,0,0,0
bbc_760509_9,media_mbm,bbc,UK,760509,ARG-EGY R16,2026-07-07,9,,,Argentina come from 2-0 down to win - Fernandez,0,0,0,0,0,0,0
bbc_760509_10,media_mbm,bbc,UK,760509,ARG-EGY R16,2026-07-07,10,,,Winner faces quarter-final against Switzerland or Colombia -,0,0,0,0,0,0,0
bbc_760509_11,media_mbm,bbc,UK,760509,ARG-EGY R16,2026-07-07,11,0.0,0.0,"1,000 tomatoes for winning the World Cup?! 00:00:53, play video",0,0,0,0,0,0,0
bbc_760509_12,media_mbm,bbc,UK,760509,ARG-EGY R16,2026-07-07,12,0.0,0.0,"We gave Alan Shearer a disposable camera for the World Cup. 00:00:43, play video",0,0,0,0,0,0,0
bbc_760509_13,media_mbm,bbc,UK,760509,ARG-EGY R16,2026-07-07,13,0.0,0.0,"Will Argentina face punishment for World Cup final chaos? 00:00:50, play video",0,0,0,0,0,0,0
bbc_760509_14,media_mbm,bbc,UK,760509,ARG-EGY R16,2026-07-07,14,,,Will Argentina face punishment for World Cup final chaos?,0,0,0,0,0,0,0
bbc_760509_15,media_mbm,bbc,UK,760509,ARG-EGY R16,2026-07-07,15,0.0,0.0,"Only just over 1,400 days until the next World Cup! 00:01:12, play video",0,0,0,0,0,0,0
bbc_760509_16,media_mbm,bbc,UK,760509,ARG-EGY R16,2026-07-07,16,0.0,0.0,"Spain continue their World Cup celebrations! 00:00:44, play video",0,0,0,0,0,0,0
bbc_760509_17,media_mbm,bbc,UK,760509,ARG-EGY R16,2026-07-07,17,,,Spain continue their World Cup celebrations!,0,0,0,0,0,0,0
bbc_760509_18,media_mbm,bbc,UK,760509,ARG-EGY R16,2026-07-07,18,0.0,0.0,"The Spain team brings the World Cup home. 00:00:39, play video",0,0,0,0,0,0,0
bbc_760509_19,media_mbm,bbc,UK,760509,ARG-EGY R16,2026-07-07,19,,,The Spain team brings the World Cup home,0,0,0,0,0,0,0
bbc_760509_20,media_mbm,bbc,UK,760509,ARG-EGY R16,2026-07-07,20,0.0,0.0,"World Cup winners Spain arrive home. 00:00:38, play video",0,0,0,0,0,0,0
bbc_760509_21,media_mbm,bbc,UK,760509,ARG-EGY R16,2026-07-07,21,,,World Cup winners Spain arrive home,0,0,0,0,0,0,0
bbc_760509_22,media_mbm,bbc,UK,760509,ARG-EGY R16,2026-07-07,22,0.0,0.0,"What do Spain get for winning the World Cup? 00:00:57, play video",0,0,0,0,0,0,0
bbc_760509_23,media_mbm,bbc,UK,760509,ARG-EGY R16,2026-07-07,23,,,What do Spain get for winning the World Cup?,0,0,0,0,0,0,0
bbc_760509_24,media_mbm,bbc,UK,760509,ARG-EGY R16,2026-07-07,24,0.0,0.0,"'There is no space or place for that in football' 00:00:46, play video",0,0,0,0,0,0,0
bbc_760509_25,media_mbm,bbc,UK,760509,ARG-EGY R16,2026-07-07,25,0.0,0.0,"'I can't believe it!' -  Torres on winning goal. 00:00:28, play video",0,0,1,0,0,0,0
bbc_760509_26,media_mbm,bbc,UK,760509,ARG-EGY R16,2026-07-07,26,,,'I can't believe it!' -  Torres on winning goal,0,0,1,0,0,0,0
bbc_760509_27,media_mbm,bbc,UK,760509,ARG-EGY R16,2026-07-07,27,,,That is all for this live page and we are soon up and running with our coverage of the final last-16 tie as Switzerland take on Colombia.,0,0,0,0,0,0,0
bbc_760509_28,media_mbm,bbc,UK,760509,ARG-EGY R16,2026-07-07,28,,,Holders Argentina survive huge World Cup scare,0,0,0,0,0,0,0
bbc_760509_29,media_mbm,bbc,UK,760509,ARG-EGY R16,2026-07-07,29,,,Argentina survived another almighty scare before delivering a scarcely believable second-half comeback to break Egypt hearts and reach the quarter-finals of the 2026 World Cup.,0,0,0,0,0,0,0
bbc_760509_30,media_mbm,bbc,UK,760509,ARG-EGY R16,2026-07-07,30,11.0,11.0,But Cristian Romero halved the deficit 11 minutes from time before Lionel Messi – who had missed a first-half penalty in Atlanta – equalised five minutes later and set up a nail-biting finish.,0,0,0,0,1,0,0
bbc_760509_31,media_mbm,bbc,UK,760509,ARG-EGY R16,2026-07-07,31,,,"Enzo Fernandez completed the comeback two minutes into injury time, heading home Lautaro Martinez's cross to set up a quarter-final tie against Colombia or Switzerland.",0,0,0,0,0,0,0
bbc_760509_32,media_mbm,bbc,UK,760509,ARG-EGY R16,2026-07-07,32,,,"It was impossible not to feel for Egypt, who had not won a World Cup match prior to this tournament but were minutes away from eliminating the three-time winners in Atlanta.",0,0,0,0,0,0,0
bbc_760509_33,media_mbm,bbc,UK,760509,ARG-EGY R16,2026-07-07,33,,,Watch - Fernandez scores 'the header of his career',0,0,1,0,0,0,0
bbc_760509_34,media_mbm,bbc,UK,760509,ARG-EGY R16,2026-07-07,34,,,"Then came the final drama as Enzo Fernandez, in the 92nd minute, heads in what proved to be the winning goal and stop the tie from going to extra time.",0,0,1,0,0,0,0
bbc_760509_35,media_mbm,bbc,UK,760509,ARG-EGY R16,2026-07-07,35,,,Watch - Messi rescues Argentina with equaliser against Egypt,0,0,0,0,0,0,0
bbc_760509_36,media_mbm,bbc,UK,760509,ARG-EGY R16,2026-07-07,36,,,"After Lionel Messi had provided an assist for Cristian Romero to score Argentina's first goal, Messi got his eighth goal of the tournament with this goal.",0,0,1,0,0,0,0
bbc_760509_37,media_mbm,bbc,UK,760509,ARG-EGY R16,2026-07-07,37,,,Watch - 'What a moment' - Ziko gives Egypt 2-0 lead over Argentina,0,0,0,0,0,0,0
bbc_760509_38,media_mbm,bbc,UK,760509,ARG-EGY R16,2026-07-07,38,,,But this goal did count as Mostafa Ziko made it 2-0 to Egypt.,0,0,1,0,0,0,0
bbc_760509_39,media_mbm,bbc,UK,760509,ARG-EGY R16,2026-07-07,39,,,Watch - Did VAR make the right decision ruling out this Egypt goal?,0,0,1,1,0,0,0
bbc_760509_40,media_mbm,bbc,UK,760509,ARG-EGY R16,2026-07-07,40,,,"Egypt thought they had made it 2-0, only for this goal to be disallowed by VAR.",0,0,1,1,0,0,0
bbc_760509_41,media_mbm,bbc,UK,760509,ARG-EGY R16,2026-07-07,41,,,"After Egypt had opened the scoring, Argentina had the perfect chance to make it 1-1, only for Lionel Messi to have his penalty saved.",0,0,0,0,1,0,0
bbc_760509_42,media_mbm,bbc,UK,760509,ARG-EGY R16,2026-07-07,42,,,'Huge amounts of disappointment across Egypt',0,0,0,0,0,0,0
bbc_760509_43,media_mbm,bbc,UK,760509,ARG-EGY R16,2026-07-07,43,,,Egyptian football expert on BBC Radio 5 Live,0,0,0,0,0,0,0
bbc_760509_44,media_mbm,bbc,UK,760509,ARG-EGY R16,2026-07-07,44,,,Huge amounts of disappointment across Egypt. There is so much inconsistency at the moment with VAR and decisions and how far you go back to pull a decision.,0,0,0,1,0,0,0
bbc_760509_45,media_mbm,bbc,UK,760509,ARG-EGY R16,2026-07-07,45,,,The referee made the wrong decision disallowing Egypt's second goal.,0,0,1,0,0,0,0
bbc_760509_46,media_mbm,bbc,UK,760509,ARG-EGY R16,2026-07-07,46,,,There was such a long distance that had gone by and the foul was so minimal so I completely understand why the Egyptian coaching staff and squad are so disappointed.,1,0,0,0,0,0,0
bbc_760509_47,media_mbm,bbc,UK,760509,ARG-EGY R16,2026-07-07,47,,,"If that was Lionel Messi or someone else in an Argentina shirt, the question is would there have been the same consistency, that is what has really aggrieved people.",0,0,0,0,0,0,0
bbc_760509_48,media_mbm,bbc,UK,760509,ARG-EGY R16,2026-07-07,48,,,Messi two clear at top of all-time World Cup scorers list,0,0,1,0,0,0,0
bbc_760509_49,media_mbm,bbc,UK,760509,ARG-EGY R16,2026-07-07,49,,,Argentina’s Lionel Messi became the first player in World Cup history to score in six consecutive knockout stage matches.,0,0,1,0,0,0,0
bbc_760509_50,media_mbm,bbc,UK,760509,ARG-EGY R16,2026-07-07,50,21.0,21.0,Argentina will be next in action against either Switzerland or Colombia (who play their last-16 tie from 21:00 BST).,0,0,0,0,0,0,0
bbc_760509_51,media_mbm,bbc,UK,760509,ARG-EGY R16,2026-07-07,51,2.0,2.0,The quarter-final is set for 02:00 BST on Sunday morning.,0,0,0,0,0,0,0
bbc_760509_52,media_mbm,bbc,UK,760509,ARG-EGY R16,2026-07-07,52,,,The third goal from Fernandez was a magnificent header.,0,0,1,0,0,0,0
bbc_760509_53,media_mbm,bbc,UK,760509,ARG-EGY R16,2026-07-07,53,,,"Lionel Messi, after inspiring an Argentina recovery, gets flung up in the air repeatedly by his team-mates. Whatever you do lads, don't drop him. You need him again in a few days.",0,0,0,0,0,0,0
bbc_760509_54,media_mbm,bbc,UK,760509,ARG-EGY R16,2026-07-07,54,,,Former England goalkeeper on BBC Radio 5 Live at Atlanta Stadium,0,0,0,0,0,0,0
bbc_760509_55,media_mbm,bbc,UK,760509,ARG-EGY R16,2026-07-07,55,,,"That was incredible. Spectacular. Argentina were down and out, they were out of the tournament at one point.",0,0,0,0,0,0,0
bbc_760509_56,media_mbm,bbc,UK,760509,ARG-EGY R16,2026-07-07,56,,,Egypt are so frustrated with the refereeing decisions that have gone against them. They had a second goal disallowed before they got their second goal for an infringement that was almost on their own touchline.,0,0,1,0,0,0,0
bbc_760509_57,media_mbm,bbc,UK,760509,ARG-EGY R16,2026-07-07,57,,,"Then Lionel Messi just stepped in and took over. Beautiful assist, great finish for his goal and then the substitutions worked for Argentina.",0,0,1,0,0,1,0
bbc_760509_58,media_mbm,bbc,UK,760509,ARG-EGY R16,2026-07-07,58,,,Argentina complete extraordinary comeback to beat Egypt,0,0,0,0,0,0,0
bbc_760509_59,media_mbm,bbc,UK,760509,ARG-EGY R16,2026-07-07,59,,,Argentina deliver astonishing second-half comeback to defeat Egypt in World Cup last 16.,0,0,0,0,0,0,0
bbc_760509_60,media_mbm,bbc,UK,760509,ARG-EGY R16,2026-07-07,60,,,Yasser Ibrahim and Mostafa Zico had given Egypt a 2-0 lead,0,0,0,0,0,0,0
bbc_760509_61,media_mbm,bbc,UK,760509,ARG-EGY R16,2026-07-07,61,,,Argentina were given another almighty scare before delivering a scarcely believable second-half comeback to break Egypt hearts and reach the quarter-finals of the 2026 World Cup.,0,0,0,0,0,0,0
bbc_760509_62,media_mbm,bbc,UK,760509,ARG-EGY R16,2026-07-07,62,11.0,11.0,But Cristian Romero halved the deficit 11 minutes from time before Lionel Messi – who had missed a first-half penalty – equalised five minutes later and set up a nail-biting finish.,0,0,0,0,1,0,0
bbc_760509_63,media_mbm,bbc,UK,760509,ARG-EGY R16,2026-07-07,63,,,"Enzo Fernandez completed the comeback two minutes into injury time, heading home Lautaro Martinez's cross to set up a quarter-final tie against Switzerland.",0,0,0,0,0,0,0
bbc_760509_64,media_mbm,bbc,UK,760509,ARG-EGY R16,2026-07-07,64,,,"The winner came on the counter-attack just moments after Egypt felt they had been denied a penalty for a trip on Mohamed Salah, to the fury of many on their bench.",0,0,0,0,1,0,0
bbc_760509_65,media_mbm,bbc,UK,760509,ARG-EGY R16,2026-07-07,65,,,"It was impossible not to feel for Egypt, who had not won a World Cup match prior to this tournament but were minutes away from eliminating the three-time winners in Atlanta.",0,0,0,0,0,0,0
bbc_760509_66,media_mbm,bbc,UK,760509,ARG-EGY R16,2026-07-07,66,15.0,15.0,"Victors over Australia in the round of 32, the Pharaohs sent their fans into ecstasy on 15 minutes when Ibrahim outjumped Lisandro Martinez to nod Marwan Attia's cross into the bottom corner.",0,0,0,0,0,0,0
bbc_760509_67,media_mbm,bbc,UK,760509,ARG-EGY R16,2026-07-07,67,,,But Argentina – and tournament top scorer Messi – were given a golden opportunity to restore parity when Haissem Hassan tripped Nicolas Tagliafico inside the penalty area five minutes later.,0,0,1,0,1,0,0
bbc_760509_68,media_mbm,bbc,UK,760509,ARG-EGY R16,2026-07-07,68,,,"Egypt goalkeeper Mostafa Shobeir, however, produced a magnificent save to deny the 39-year-old, who also had a penalty saved in a 2-0 victory over Austria in the group stage.",0,0,0,0,1,0,0
bbc_760509_69,media_mbm,bbc,UK,760509,ARG-EGY R16,2026-07-07,69,,,"Shobeir was outstanding in the first half, saving well from Alexis Mac Allister's header before delivering a superb one-handed stop from Julian Alvarez's goal-bound effort three minutes before the interval.",0,0,1,0,0,0,0
bbc_760509_70,media_mbm,bbc,UK,760509,ARG-EGY R16,2026-07-07,70,,,"Zico had a goal disallowed by the video assistant referee shortly before the hour mark, but the 29-year-old stroked home Hassan's delivery midway through the second period to leave Egypt on the brink of an unlikely quarter-final spot.",0,0,1,0,0,0,0
bbc_760509_71,media_mbm,bbc,UK,760509,ARG-EGY R16,2026-07-07,71,,,"Argentina had created precious little up to that point, but Romero's 79th-minute header sparked Lionel Scaloni's team into life before Messi slammed home his 21st World Cup goal to set up a frantic conclusion to a pulsating contest.",0,0,1,0,0,0,0
bbc_760509_72,media_mbm,bbc,UK,760509,ARG-EGY R16,2026-07-07,72,,,"Fernandez had the final say, his perfectly placed header completing one of the great World Cup recoveries with the 3,000th goal in tournament history.",0,0,1,0,0,0,0
bbc_760509_73,media_mbm,bbc,UK,760509,ARG-EGY R16,2026-07-07,73,,,Fernandez scores 'the header of his career',0,0,1,0,0,0,0
bbc_760509_74,media_mbm,bbc,UK,760509,ARG-EGY R16,2026-07-07,74,,,Argentina analysis: Messi shrugs off first-half penalty miss to continue scoring run,0,0,0,0,1,0,0
bbc_760509_75,media_mbm,bbc,UK,760509,ARG-EGY R16,2026-07-07,75,,,Messi rescues Argentina with equaliser against Egypt,0,0,0,0,0,0,0
bbc_760509_76,media_mbm,bbc,UK,760509,ARG-EGY R16,2026-07-07,76,,,The 39-year-old had gone into this last-16 game as the tournament's joint-top scorer alongside France's Kylian Mbappe – and the top World Cup scorer of all time with 20.,0,0,1,0,0,0,0
bbc_760509_77,media_mbm,bbc,UK,760509,ARG-EGY R16,2026-07-07,77,,,"But Egypt – who were magnificent until Romero handed Argentina a late lifeline – were just a few minutes away from bringing an abrupt, unceremonious end to the Albiceleste talisman's World Cup career.",0,0,0,0,0,0,0
bbc_760509_78,media_mbm,bbc,UK,760509,ARG-EGY R16,2026-07-07,78,,,"Messi and his colleagues had little to shout about in the first half, with Egypt goalkeeper Shobeir in inspired form.",0,0,0,0,0,0,0
bbc_760509_79,media_mbm,bbc,UK,760509,ARG-EGY R16,2026-07-07,79,,,"He is now the first player in World Cup history to score in six consecutive knockout-stage matches, while his eight goals are the most in the opening five games of a single edition since Gerd Müller netted 10 for West Germany in 1970.",0,0,1,0,0,0,0
bbc_760509_80,media_mbm,bbc,UK,760509,ARG-EGY R16,2026-07-07,80,,,"Egypt analysis: So close, yet so far for battling Pharaohs",0,0,0,0,0,0,0
bbc_760509_81,media_mbm,bbc,UK,760509,ARG-EGY R16,2026-07-07,81,,,Tuesday's round-of-16 tie had been billed as a meeting between two of the game's all-time greats – Argentina talisman Messi and Egypt hero Salah.,0,0,0,0,0,0,0
bbc_760509_82,media_mbm,bbc,UK,760509,ARG-EGY R16,2026-07-07,82,,,"Egypt started superbly in Atlanta, biting into challenges and offering Argentina little joy in the final third – but La Albiceleste appeared to be wrestling back control towards the end of the first half.",0,0,0,0,0,0,0
bbc_760509_83,media_mbm,bbc,UK,760509,ARG-EGY R16,2026-07-07,83,11.0,11.0,"A comeback, however, did not look to be on the cards until Romero ended the Pharaohs' resistance 11 minutes from time.",0,0,0,0,0,0,0
bbc_760509_84,media_mbm,bbc,UK,760509,ARG-EGY R16,2026-07-07,84,,,"Egypt were unhappy with the officials' decision to rule out Zico's second-half goal, which came at the end of a flowing counter-attack involving Salah and Hassan.",0,0,1,0,0,0,0
bbc_760509_85,media_mbm,bbc,UK,760509,ARG-EGY R16,2026-07-07,85,,,But they were even more incensed at their refusal to award a penalty for a foul on Salah shortly before Fernandez's winner.,1,0,0,0,1,0,0
bbc_760509_86,media_mbm,bbc,UK,760509,ARG-EGY R16,2026-07-07,86,,,"Alvarez appeared to make contact with Salah's right boot, sending the former Liverpool player to ground – but referee Francois Letexier waved play on and Fernandez scored at the other end moments later.",0,0,1,0,0,0,0
bbc_760509_87,media_mbm,bbc,UK,760509,ARG-EGY R16,2026-07-07,87,,,"Egypt exit the tournament with their heads held high, but the Pharaohs were left to rue what might have been.",0,0,0,0,0,0,0
bbc_760509_88,media_mbm,bbc,UK,760509,ARG-EGY R16,2026-07-07,88,2.0,2.0,Argentina now face Switzerland in the quarter-finals. The quarter-final kicks off at 02:00 BST on Sunday 12 July.,0,0,0,0,0,0,0
bbc_760509_89,media_mbm,bbc,UK,760509,ARG-EGY R16,2026-07-07,89,,,"After the opportunity to rate players has closed, the score displayed represents the average from all the submissions by BBC Sport users.",0,0,1,0,0,0,0
bbc_760509_90,media_mbm,bbc,UK,760509,ARG-EGY R16,2026-07-07,90,,,FIFA World Cup Scores & Fixtures,0,0,1,0,0,0,0
bbc_760509_91,media_mbm,bbc,UK,760509,ARG-EGY R16,2026-07-07,91,,,"Argentina 3 , Egypt 2 at Full time",0,0,0,0,0,0,0
bbc_760509_92,media_mbm,bbc,UK,760509,ARG-EGY R16,2026-07-07,92,,,"Switzerland 0 , Colombia 0 After extra time , Switzerland win 4 - 3 on penalties",0,0,0,0,0,0,0
bbc_760509_93,media_mbm,bbc,UK,760509,ARG-EGY R16,2026-07-07,93,,,Switzerland win 4 - 3 on penalties,0,0,0,0,0,0,0
bbc_760509_94,media_mbm,bbc,UK,760509,ARG-EGY R16,2026-07-07,94,66.0,66.0,", substituted for N. González at 66 minutes",0,0,0,0,0,0,0
bbc_760509_95,media_mbm,bbc,UK,760509,ARG-EGY R16,2026-07-07,95,95.0,95.0,", substituted for N. Otamendi at 95 minutes",0,0,0,0,0,0,0
bbc_760509_96,media_mbm,bbc,UK,760509,ARG-EGY R16,2026-07-07,96,73.0,73.0,", substituted for G. Montiel at 73 minutes",0,0,0,0,0,0,0
bbc_760509_97,media_mbm,bbc,UK,760509,ARG-EGY R16,2026-07-07,97,66.0,66.0,", substituted for Lautaro Martínez at 66 minutes",0,0,0,0,0,0,0
bbc_760509_98,media_mbm,bbc,UK,760509,ARG-EGY R16,2026-07-07,98,95.0,95.0,", substituted for F. Medina at 95 minutes",0,0,0,0,0,0,0
bbc_760509_99,media_mbm,bbc,UK,760509,ARG-EGY R16,2026-07-07,99,90.0,90.0,", Yellow Card at 90 minutes plus 3",0,1,0,0,0,0,0
bbc_760509_100,media_mbm,bbc,UK,760509,ARG-EGY R16,2026-07-07,100,46.0,46.0,", substituted for Hamdi Fathy at 46 minutes",0,0,0,0,0,0,0
bbc_760509_101,media_mbm,bbc,UK,760509,ARG-EGY R16,2026-07-07,101,90.0,90.0,", Yellow Card at 90 minutes plus 8",0,1,0,0,0,0,0
bbc_760509_102,media_mbm,bbc,UK,760509,ARG-EGY R16,2026-07-07,102,96.0,96.0,", substituted for Zizo at 96 minutes",0,0,0,0,0,0,0
bbc_760509_103,media_mbm,bbc,UK,760509,ARG-EGY R16,2026-07-07,103,90.0,90.0,", Yellow Card at 90 minutes plus 12",0,1,0,0,0,0,0
bbc_760509_104,media_mbm,bbc,UK,760509,ARG-EGY R16,2026-07-07,104,73.0,73.0,", substituted for Trezeguet at 73 minutes",0,0,0,0,0,0,0
bbc_760509_105,media_mbm,bbc,UK,760509,ARG-EGY R16,2026-07-07,105,80.0,80.0,", substituted for Omar Marmoush at 80 minutes",0,0,0,0,0,0,0
bbc_760509_106,media_mbm,bbc,UK,760509,ARG-EGY R16,2026-07-07,106,90.0,90.0,", Yellow Card at 90 minutes plus 4",0,1,0,0,0,0,0
bbc_760509_107,media_mbm,bbc,UK,760509,ARG-EGY R16,2026-07-07,107,66.0,66.0,", substituted for N. González at 66 minutes",0,0,0,0,0,0,0
bbc_760509_108,media_mbm,bbc,UK,760509,ARG-EGY R16,2026-07-07,108,95.0,95.0,", substituted for N. Otamendi at 95 minutes",0,0,0,0,0,0,0
bbc_760509_109,media_mbm,bbc,UK,760509,ARG-EGY R16,2026-07-07,109,73.0,73.0,", substituted for G. Montiel at 73 minutes",0,0,0,0,0,0,0
bbc_760509_110,media_mbm,bbc,UK,760509,ARG-EGY R16,2026-07-07,110,66.0,66.0,", substituted for Lautaro Martínez at 66 minutes",0,0,0,0,0,0,0
bbc_760509_111,media_mbm,bbc,UK,760509,ARG-EGY R16,2026-07-07,111,95.0,95.0,", substituted for F. Medina at 95 minutes",0,0,0,0,0,0,0
bbc_760509_112,media_mbm,bbc,UK,760509,ARG-EGY R16,2026-07-07,112,90.0,90.0,", Yellow Card at 90 minutes plus 3",0,1,0,0,0,0,0
bbc_760509_113,media_mbm,bbc,UK,760509,ARG-EGY R16,2026-07-07,113,46.0,46.0,", substituted for Hamdi Fathy at 46 minutes",0,0,0,0,0,0,0
bbc_760509_114,media_mbm,bbc,UK,760509,ARG-EGY R16,2026-07-07,114,90.0,90.0,", Yellow Card at 90 minutes plus 8",0,1,0,0,0,0,0
bbc_760509_115,media_mbm,bbc,UK,760509,ARG-EGY R16,2026-07-07,115,96.0,96.0,", substituted for Zizo at 96 minutes",0,0,0,0,0,0,0
bbc_760509_116,media_mbm,bbc,UK,760509,ARG-EGY R16,2026-07-07,116,90.0,90.0,", Yellow Card at 90 minutes plus 12",0,1,0,0,0,0,0
bbc_760509_117,media_mbm,bbc,UK,760509,ARG-EGY R16,2026-07-07,117,73.0,73.0,", substituted for Trezeguet at 73 minutes",0,0,0,0,0,0,0
bbc_760509_118,media_mbm,bbc,UK,760509,ARG-EGY R16,2026-07-07,118,80.0,80.0,", substituted for Omar Marmoush at 80 minutes",0,0,0,0,0,0,0
bbc_760509_119,media_mbm,bbc,UK,760509,ARG-EGY R16,2026-07-07,119,90.0,90.0,", Yellow Card at 90 minutes plus 4",0,1,0,0,0,0,0
bbc_760509_120,media_mbm,bbc,UK,760509,ARG-EGY R16,2026-07-07,120,,,"Match momentum measures the swing of the match by comparing each team’s threat to see who is more likely to score within that minute. The momentum value is the difference between each team’s most dangerous moment, or team threat, in that minute.",0,0,1,0,0,0,0
bbc_760509_121,media_mbm,bbc,UK,760509,ARG-EGY R16,2026-07-07,121,,,"Match momentum measures the swing of the match by comparing each team’s threat to see who is more likely to score within that minute. The momentum value is the difference between each team’s most dangerous moment, or team threat, in that minute.",0,0,1,0,0,0,0
bbc_760509_122,media_mbm,bbc,UK,760509,ARG-EGY R16,2026-07-07,122,,,"Egypt 0 , Argentina 2 on the 25th of March 2008",0,0,0,0,0,0,0
bbc_760513_0,media_mbm,bbc,UK,760513,ARG-SUI QF,2026-07-12,0,,,"Argentina vs Switzerland LIVE: World Cup quarter-final score, lineups, commentary & updates - BBC Sport",0,0,1,0,0,0,0
bbc_760513_1,media_mbm,bbc,UK,760513,ARG-SUI QF,2026-07-12,1,,,Argentina beat 10-man Switzerland in extra time to set up England tie,0,0,0,0,0,0,0
bbc_760513_2,media_mbm,bbc,UK,760513,ARG-SUI QF,2026-07-12,2,,,"Argentina 3 , Switzerland 1 After extra time",0,0,0,0,0,0,0
bbc_760513_3,media_mbm,bbc,UK,760513,ARG-SUI QF,2026-07-12,3,,,"Full Time Argentina 1 , Switzerland 1",0,0,0,0,0,0,0
bbc_760513_4,media_mbm,bbc,UK,760513,ARG-SUI QF,2026-07-12,4,,,"Half Time Argentina 1 , Switzerland 0",0,0,0,0,0,0,0
bbc_760513_5,media_mbm,bbc,UK,760513,ARG-SUI QF,2026-07-12,5,10.0,10.0,"L. Messi (10'), J. López (112' ET)",0,0,0,0,0,0,0
bbc_760513_6,media_mbm,bbc,UK,760513,ARG-SUI QF,2026-07-12,6,112.0,112.0,"L. Messi (10'), J. López (112' ET)",0,0,0,0,0,0,0
bbc_760513_7,media_mbm,bbc,UK,760513,ARG-SUI QF,2026-07-12,7,,,Mac Allister heads Argentina in front in Kansas City,0,0,0,0,0,0,0
bbc_760513_8,media_mbm,bbc,UK,760513,ARG-SUI QF,2026-07-12,8,,,after yellow card overturned by VAR for mistaken identity,0,1,0,1,0,0,0
bbc_760513_9,media_mbm,bbc,UK,760513,ARG-SUI QF,2026-07-12,9,,,Alvarez scores stunning goal in extra time to restore Argentina lead,0,0,1,0,0,0,0
bbc_760513_10,media_mbm,bbc,UK,760513,ARG-SUI QF,2026-07-12,10,20.0,20.0,Winner will face England in last four on Wednesday (20:00 BST) live on BBC,0,0,0,0,0,0,0
bbc_760513_11,media_mbm,bbc,UK,760513,ARG-SUI QF,2026-07-12,11,5.0,5.0,published at 05:30 BST 12 July,0,0,0,0,0,0,0
bbc_760513_12,media_mbm,bbc,UK,760513,ARG-SUI QF,2026-07-12,12,,,Alvarez's stunning strike gives Argentina lead against 10-man Switzerland,0,0,0,0,0,0,0
bbc_760513_13,media_mbm,bbc,UK,760513,ARG-SUI QF,2026-07-12,13,5.0,5.0,"It's 5:30 in the morning, I think it's time we signed off.",0,0,0,0,0,0,0
bbc_760513_14,media_mbm,bbc,UK,760513,ARG-SUI QF,2026-07-12,14,,,Relive Argentina's win over Switzerland by scrolling back through this page.,0,0,0,0,0,0,0
bbc_760513_15,media_mbm,bbc,UK,760513,ARG-SUI QF,2026-07-12,15,,,We'll see you on Tuesday for France's semi-final with Spain.,0,0,0,0,0,0,0
bbc_760513_16,media_mbm,bbc,UK,760513,ARG-SUI QF,2026-07-12,16,5.0,5.0,published at 05:28 BST 12 July,0,0,0,0,0,0,0
bbc_760513_17,media_mbm,bbc,UK,760513,ARG-SUI QF,2026-07-12,17,5.0,5.0,published at 05:26 BST 12 July,0,0,0,0,0,0,0
bbc_760513_18,media_mbm,bbc,UK,760513,ARG-SUI QF,2026-07-12,18,,,"Argentina's last match with England was over 20 years ago, a 3-2 defeat in 2005 in Switzerland.",0,0,0,0,0,0,0
bbc_760513_19,media_mbm,bbc,UK,760513,ARG-SUI QF,2026-07-12,19,,,"No player in the Argentina squad, including Lionel Messi, featured in the match.",0,0,0,0,0,0,0
bbc_760513_20,media_mbm,bbc,UK,760513,ARG-SUI QF,2026-07-12,20,,,Argentina vs England at the World Cup,0,0,0,0,0,0,0
bbc_760513_21,media_mbm,bbc,UK,760513,ARG-SUI QF,2026-07-12,21,5.0,5.0,published at 05:25 BST 12 July,0,0,0,0,0,0,0
bbc_760513_22,media_mbm,bbc,UK,760513,ARG-SUI QF,2026-07-12,22,,,"Hand of God, Michael Owen's wonder goal, the quarter-final in '66.",0,0,1,0,0,0,0
bbc_760513_23,media_mbm,bbc,UK,760513,ARG-SUI QF,2026-07-12,23,,,Wednesday's semi-final will be the fifth between Argentina and England at World Cups.,0,0,0,0,0,0,0
bbc_760513_24,media_mbm,bbc,UK,760513,ARG-SUI QF,2026-07-12,24,,,Argentina 2-2 England (4-3 on pens) 1998,0,0,0,0,0,0,0
bbc_760513_25,media_mbm,bbc,UK,760513,ARG-SUI QF,2026-07-12,25,5.0,5.0,published at 05:24 BST 12 July,0,0,0,0,0,0,0
bbc_760513_26,media_mbm,bbc,UK,760513,ARG-SUI QF,2026-07-12,26,5.0,5.0,published at 05:22 BST 12 July,0,0,0,0,0,0,0
bbc_760513_27,media_mbm,bbc,UK,760513,ARG-SUI QF,2026-07-12,27,,,Everything looks worse in slow motion and he ends up getting the yellow card for simulation.,0,1,0,0,0,0,0
bbc_760513_28,media_mbm,bbc,UK,760513,ARG-SUI QF,2026-07-12,28,5.0,5.0,published at 05:19 BST 12 July,0,0,0,0,0,0,0
bbc_760513_29,media_mbm,bbc,UK,760513,ARG-SUI QF,2026-07-12,29,,,"Argentina may be the defending champions but they certainly don't look great. If Cape Verde, Egypt and now Switzerland could all give them a huge scare, then England definitely have a chance of beating them.",0,0,0,0,0,0,0
bbc_760513_30,media_mbm,bbc,UK,760513,ARG-SUI QF,2026-07-12,30,5.0,5.0,published at 05:17 BST 12 July,0,0,0,0,0,0,0
bbc_760513_31,media_mbm,bbc,UK,760513,ARG-SUI QF,2026-07-12,31,,,"Lionel Messi couldn't possibly end an international career, over 200 matches, without playing the team that Argentina fans see as their biggest rival.",0,0,0,0,0,0,0
bbc_760513_32,media_mbm,bbc,UK,760513,ARG-SUI QF,2026-07-12,32,,,'I don't see why England should have any fear',0,0,0,0,0,0,1
bbc_760513_33,media_mbm,bbc,UK,760513,ARG-SUI QF,2026-07-12,33,5.0,5.0,published at 05:15 BST 12 July,0,0,0,0,0,0,0
bbc_760513_34,media_mbm,bbc,UK,760513,ARG-SUI QF,2026-07-12,34,,,Former England forward on BBC Radio 5 Live,0,0,0,0,0,0,0
bbc_760513_35,media_mbm,bbc,UK,760513,ARG-SUI QF,2026-07-12,35,,,"I can imagine Thomas Tuchel watching this game and thinking 'blimey, do you know what, I'm glad we're not facing the Swiss'. They were the better team on the night but England v Argentina - that's the better tie. That's the tie we all want to see.",0,0,0,0,0,0,0
bbc_760513_36,media_mbm,bbc,UK,760513,ARG-SUI QF,2026-07-12,36,,,I don't see why England should have any fear of this Argentinian team.,0,0,0,0,0,0,1
bbc_760513_37,media_mbm,bbc,UK,760513,ARG-SUI QF,2026-07-12,37,,,'Argentina going to get stronger',0,0,0,0,0,0,0
bbc_760513_38,media_mbm,bbc,UK,760513,ARG-SUI QF,2026-07-12,38,5.0,5.0,published at 05:13 BST 12 July,0,0,0,0,0,0,0
bbc_760513_39,media_mbm,bbc,UK,760513,ARG-SUI QF,2026-07-12,39,,,"Argentina just keep finding that moment of quality, they find a way through and a team like this is going to get stronger and stronger.",0,0,0,0,0,0,0
bbc_760513_40,media_mbm,bbc,UK,760513,ARG-SUI QF,2026-07-12,40,5.0,5.0,published at 05:11 BST 12 July,0,0,0,0,0,0,0
bbc_760513_41,media_mbm,bbc,UK,760513,ARG-SUI QF,2026-07-12,41,,,Argentina have the hunger to win it all. Lionel Messi comes up clutch whenever he has to. They have the mentality to go all the way.,0,0,0,0,0,0,0
bbc_760513_42,media_mbm,bbc,UK,760513,ARG-SUI QF,2026-07-12,42,,,"I think Lionel Messi is going to pull it out of the bag in the semi-final, it should be a great match as England won't give up that easily!",0,0,0,0,0,0,0
bbc_760513_43,media_mbm,bbc,UK,760513,ARG-SUI QF,2026-07-12,43,5.0,5.0,published at 05:09 BST 12 July,0,0,0,0,0,0,0
bbc_760513_44,media_mbm,bbc,UK,760513,ARG-SUI QF,2026-07-12,44,,,Argentina found a way to claw their way into the next round.,0,0,0,0,0,0,0
bbc_760513_45,media_mbm,bbc,UK,760513,ARG-SUI QF,2026-07-12,45,,,Switzerland defended well but in the end it was too much.,0,0,0,0,0,0,0
bbc_760513_46,media_mbm,bbc,UK,760513,ARG-SUI QF,2026-07-12,46,5.0,5.0,published at 05:06 BST 12 July,0,0,0,0,0,0,0
bbc_760513_47,media_mbm,bbc,UK,760513,ARG-SUI QF,2026-07-12,47,,,"Not shocking that Argentina won, but they need to get their heads in the game before the England match, because that was atrocious. Team chemistry was poor and they didn't create anywhere close to enough opportunities considering they were playing a historically weaker team with a man down.",0,0,0,0,0,0,0
bbc_760513_48,media_mbm,bbc,UK,760513,ARG-SUI QF,2026-07-12,48,,,'Alvarez's goal was phenomenal',0,0,1,0,0,0,0
bbc_760513_49,media_mbm,bbc,UK,760513,ARG-SUI QF,2026-07-12,49,5.0,5.0,published at 05:04 BST 12 July,0,0,0,0,0,0,0
bbc_760513_50,media_mbm,bbc,UK,760513,ARG-SUI QF,2026-07-12,50,,,Julian Alvarez's goal was just absolutely phenomenal.,0,0,1,0,0,0,0
bbc_760513_51,media_mbm,bbc,UK,760513,ARG-SUI QF,2026-07-12,51,5.0,5.0,published at 05:02 BST 12 July,0,0,0,0,0,0,0
bbc_760513_52,media_mbm,bbc,UK,760513,ARG-SUI QF,2026-07-12,52,,,Switzerland have played in four World Cup quarter-finals and haven't won a single one.,0,0,0,0,0,0,0
bbc_760513_53,media_mbm,bbc,UK,760513,ARG-SUI QF,2026-07-12,53,4.0,4.0,published at 04:58 BST 12 July,0,0,0,0,0,0,0
bbc_760513_54,media_mbm,bbc,UK,760513,ARG-SUI QF,2026-07-12,54,,,'England will be relishing the prospect of playing this Argentina team',0,0,0,0,0,0,0
bbc_760513_55,media_mbm,bbc,UK,760513,ARG-SUI QF,2026-07-12,55,4.0,4.0,published at 04:56 BST 12 July,0,0,0,0,0,0,0
bbc_760513_56,media_mbm,bbc,UK,760513,ARG-SUI QF,2026-07-12,56,,,Former England forward on BBC Radio 5 Live,0,0,0,0,0,0,0
bbc_760513_57,media_mbm,bbc,UK,760513,ARG-SUI QF,2026-07-12,57,,,"I think Thomas Tuchel and the England players will be relishing the prospect of playing this Argentina team in it's current guise, it's current form because this isn't a great Argentina team but they do have a habit of finding a way.",0,0,0,0,0,0,0
bbc_760513_58,media_mbm,bbc,UK,760513,ARG-SUI QF,2026-07-12,58,4.0,4.0,published at 04:53 BST 12 July,0,0,0,0,0,0,0
bbc_760513_59,media_mbm,bbc,UK,760513,ARG-SUI QF,2026-07-12,59,,,"Looking forward to England vs Argentina, based on what we saw today, England have got to be favourites. Norway are much better than Switzerland and England have had a tougher draw, Argentina have had the easiest semi-final path!",0,0,0,0,0,0,0
bbc_760513_60,media_mbm,bbc,UK,760513,ARG-SUI QF,2026-07-12,60,,,"After the performance of England tonight I think it will be a very nervous game against Argentina, as they always find a way to win, but surely England can beat Argentina.",0,0,0,0,0,0,0
bbc_760513_61,media_mbm,bbc,UK,760513,ARG-SUI QF,2026-07-12,61,4.0,4.0,published at 04:51 BST 12 July,0,0,0,0,0,0,0
bbc_760513_62,media_mbm,bbc,UK,760513,ARG-SUI QF,2026-07-12,62,,,"Lionel Messi has his shirt off, he's waving it above his head while signing in front of the Argentina fans.",0,0,0,0,0,0,0
bbc_760513_63,media_mbm,bbc,UK,760513,ARG-SUI QF,2026-07-12,63,4.0,4.0,published at 04:48 BST 12 July,0,0,0,0,0,0,0
bbc_760513_64,media_mbm,bbc,UK,760513,ARG-SUI QF,2026-07-12,64,,,"Argentina did enough, they were the ones that forced the issue.",0,0,0,0,0,0,0
bbc_760513_65,media_mbm,bbc,UK,760513,ARG-SUI QF,2026-07-12,65,,,Julian Alvarez was unbelievable all game and he was able to get the decisive second goal.,0,0,1,0,0,0,0
bbc_760513_66,media_mbm,bbc,UK,760513,ARG-SUI QF,2026-07-12,66,,,Argentina set up England semi-final with extra-time victory over Switzerland,0,0,0,0,0,0,0
bbc_760513_67,media_mbm,bbc,UK,760513,ARG-SUI QF,2026-07-12,67,,,Argentina will face England in the semi-finals of the 2026 World Cup after a dramatic victory over Switzerland in sweltering Kansas City.,0,0,0,0,0,0,0
bbc_760513_68,media_mbm,bbc,UK,760513,ARG-SUI QF,2026-07-12,68,,,"It was heartbreak for Switzerland, who had defended valiantly after being reduced to 10 men during the second half in dramatic circumstances.",0,0,0,0,0,0,0
bbc_760513_69,media_mbm,bbc,UK,760513,ARG-SUI QF,2026-07-12,69,,,Star striker Breel Embolo was dramatically given a second yellow card for diving following a video assistant referee review.,0,1,0,0,0,0,0
bbc_760513_70,media_mbm,bbc,UK,760513,ARG-SUI QF,2026-07-12,70,,,"Embolo initially appeared to be fouled near the half-way line by Leandro Paredes, who was booked. However the referee was called by VAR to check under the",0,1,0,1,0,0,0
bbc_760513_71,media_mbm,bbc,UK,760513,ARG-SUI QF,2026-07-12,71,,,"The Paredes booking was quashed and Embolo, who had already been booked, was sent off to his distress and Swiss outrage.",0,1,0,0,0,0,0
bbc_760513_72,media_mbm,bbc,UK,760513,ARG-SUI QF,2026-07-12,72,,,'We should all be excited' - Messi set for first England meeting,0,0,0,0,0,0,0
bbc_760513_73,media_mbm,bbc,UK,760513,ARG-SUI QF,2026-07-12,73,,,Alvarez's stunning strike gives Argentina lead against 10-man Switzerland,0,0,0,0,0,0,0
bbc_760513_74,media_mbm,bbc,UK,760513,ARG-SUI QF,2026-07-12,74,,,'Cheats never prosper' - Embolo sent off after second yellow for diving,0,1,0,0,0,0,0
bbc_760513_75,media_mbm,bbc,UK,760513,ARG-SUI QF,2026-07-12,75,,,"Just five minutes before Embolo was dismissed, Switzerland had deservedly equalised having been the better team for much of this game against the reigning world champions.",0,0,0,0,0,0,0
bbc_760513_76,media_mbm,bbc,UK,760513,ARG-SUI QF,2026-07-12,76,10.0,10.0,Argentina may have anticipated a cruise to the last four when Alexis Mac Allister flicked home Lionel Messi's corner at the near post with just 10 minutes gone.,0,0,0,0,0,0,0
bbc_760513_77,media_mbm,bbc,UK,760513,ARG-SUI QF,2026-07-12,77,67.0,67.0,But they failed to press their advantage and Switzerland built into the game before Nottingham Forest winger Dan Ndoye struck after 67 minutes.,0,0,0,0,0,0,0
bbc_760513_78,media_mbm,bbc,UK,760513,ARG-SUI QF,2026-07-12,78,,,"Ndoye cut in from the left, played a one-two with Ricardo Rodriguez and tucked his finish through the legs of Emiliano Martinez.",0,0,0,0,0,0,0
bbc_760513_79,media_mbm,bbc,UK,760513,ARG-SUI QF,2026-07-12,79,,,"But Argentina assumed dominance after the Embolo red, and after long periods of struggle were blessed by Alvarez's moment of genius.",0,0,0,0,0,0,0
bbc_760513_80,media_mbm,bbc,UK,760513,ARG-SUI QF,2026-07-12,80,,,"Switzerland pushed for a second leveller, but they were caught on the counter and Lautaro Martinez slotted home as Argentina kept their bid for back to back World Cups alive.",0,0,0,0,0,0,0
bbc_760513_81,media_mbm,bbc,UK,760513,ARG-SUI QF,2026-07-12,81,,,Switzerland striker Breel Embolo was left in tears after being sent off,0,0,0,0,0,0,0
bbc_760513_82,media_mbm,bbc,UK,760513,ARG-SUI QF,2026-07-12,82,,,Argentina analysis: Firepower tells despite another underwhelming showing,0,0,0,0,0,0,0
bbc_760513_83,media_mbm,bbc,UK,760513,ARG-SUI QF,2026-07-12,83,,,Argentina take lead through Mac Allister's 'beautiful header',0,0,0,0,0,0,0
bbc_760513_84,media_mbm,bbc,UK,760513,ARG-SUI QF,2026-07-12,84,,,"For the third successive match, Argentina  earned a chaotic win with an underwhelming performance despite starting the match as clear favourites.",0,0,0,0,0,0,0
bbc_760513_85,media_mbm,bbc,UK,760513,ARG-SUI QF,2026-07-12,85,90.0,90.0,"After taking the lead early on, they went nearly 90 minutes without another shot on target between Mac Allister's opener and an acrobatic Lisandro Martinez effort deep into second-half injury time that was well saved low by Kobel.",0,0,0,0,0,0,0
bbc_760513_86,media_mbm,bbc,UK,760513,ARG-SUI QF,2026-07-12,86,,,"Emiliano Martinez was the busier goalkeeper, making a close-quarters save from Ndoye. Embolo was flagged for offside in the build-up, although replays indicated this may have been overturned had Ndoye scored.",0,0,1,0,0,0,0
bbc_760513_87,media_mbm,bbc,UK,760513,ARG-SUI QF,2026-07-12,87,,,"But Argentina have such a surplus of firepower, they could not be denied - even though Messi was unable to get on the scoresheet for the first time at this World Cup.",0,0,1,0,0,0,0
bbc_760513_88,media_mbm,bbc,UK,760513,ARG-SUI QF,2026-07-12,88,,,"Argentina have scored in 15 consecutive World Cup games, netting at least twice in each of the past 11. By scoring more than once here, they set a new World Cup record for longest sequence of scoring multiple goals in the competition's history, beating Uruguay's run between 1930 and 1954.",0,0,1,0,0,0,0
bbc_760513_89,media_mbm,bbc,UK,760513,ARG-SUI QF,2026-07-12,89,,,Switzerland analysis: Embolo red proves turning point,0,0,0,0,0,0,0
bbc_760513_90,media_mbm,bbc,UK,760513,ARG-SUI QF,2026-07-12,90,,,Switzerland will be left to wonder what might have been after a match where they were the better team for long spells - and where the Embolo red card was a turning point.,0,1,0,0,0,0,0
bbc_760513_91,media_mbm,bbc,UK,760513,ARG-SUI QF,2026-07-12,91,,,There is no question Embolo went to ground with no contact from Paredes; however he may have been anticipating another heavy challenge as Argentina went largely unpunished throughout for some very physical play.,0,0,0,0,0,0,0
bbc_760513_92,media_mbm,bbc,UK,760513,ARG-SUI QF,2026-07-12,92,,,"In total, there were 32 fouls in the game, 14 of them from the Argentines - but no yellow cards were given to the South Americans until extra time.",0,1,0,0,0,0,0
bbc_760513_93,media_mbm,bbc,UK,760513,ARG-SUI QF,2026-07-12,93,,,"The upshot is that Switzerland were unable to break their quarter-final curse. They have played six matches in the last eight of major competitions, and lost them all.",0,0,0,0,0,0,0
bbc_760513_94,media_mbm,bbc,UK,760513,ARG-SUI QF,2026-07-12,94,,,"Switzerland will also rue the absence of key midfielder Johan Manzambi, who had an impressive start to the tournament before missing their final two games with a knee injury.",0,0,0,0,0,0,0
bbc_760513_95,media_mbm,bbc,UK,760513,ARG-SUI QF,2026-07-12,95,,,Alexis Mac Allister scored his first goal of the 2026 World Cup to put Argentina ahead,0,0,1,0,0,0,0
bbc_760513_96,media_mbm,bbc,UK,760513,ARG-SUI QF,2026-07-12,96,,,"Argentina will play England in the second semi-final, at 20.00 BST on Wednesday, 15 July in Atlanta.",0,0,0,0,0,0,0
bbc_760513_97,media_mbm,bbc,UK,760513,ARG-SUI QF,2026-07-12,97,,,The victor in that match will then face France or Spain in the 2026 World Cup final.,0,0,0,0,0,0,0
bbc_760513_98,media_mbm,bbc,UK,760513,ARG-SUI QF,2026-07-12,98,,,"After the opportunity to rate players has closed, the score displayed represents the average from all the submissions by BBC Sport users.",0,0,1,0,0,0,0
bbc_760513_99,media_mbm,bbc,UK,760513,ARG-SUI QF,2026-07-12,99,,,FIFA World Cup Scores & Fixtures,0,0,1,0,0,0,0
bbc_760513_100,media_mbm,bbc,UK,760513,ARG-SUI QF,2026-07-12,100,,,"Argentina 3 , Switzerland 1 After extra time",0,0,0,0,0,0,0
bbc_760513_101,media_mbm,bbc,UK,760513,ARG-SUI QF,2026-07-12,101,78.0,78.0,", substituted for N. González at 78 minutes",0,0,0,0,0,0,0
bbc_760513_102,media_mbm,bbc,UK,760513,ARG-SUI QF,2026-07-12,102,105.0,105.0,", substituted for N. Otamendi at 105 minutes",0,0,0,0,0,0,0
bbc_760513_103,media_mbm,bbc,UK,760513,ARG-SUI QF,2026-07-12,103,85.0,85.0,", substituted for G. Montiel at 85 minutes",0,0,0,0,0,0,0
bbc_760513_104,media_mbm,bbc,UK,760513,ARG-SUI QF,2026-07-12,104,110.0,110.0,", substituted for J. López at 110 minutes",0,0,0,0,0,0,0
bbc_760513_105,media_mbm,bbc,UK,760513,ARG-SUI QF,2026-07-12,105,90.0,90.0,", substituted for T. Almada at 90 minutes",0,0,0,0,0,0,0
bbc_760513_106,media_mbm,bbc,UK,760513,ARG-SUI QF,2026-07-12,106,85.0,85.0,", substituted for Lautaro Martínez at 85 minutes",0,0,0,0,0,0,0
bbc_760513_107,media_mbm,bbc,UK,760513,ARG-SUI QF,2026-07-12,107,97.0,97.0,", Yellow Card at 97 minutes extra time",0,1,0,0,0,0,0
bbc_760513_108,media_mbm,bbc,UK,760513,ARG-SUI QF,2026-07-12,108,114.0,114.0,", Yellow Card at 114 minutes extra time",0,1,0,0,0,0,0
bbc_760513_109,media_mbm,bbc,UK,760513,ARG-SUI QF,2026-07-12,109,98.0,98.0,", Yellow Card at 98 minutes extra time",0,1,0,0,0,0,0
bbc_760513_110,media_mbm,bbc,UK,760513,ARG-SUI QF,2026-07-12,110,95.0,95.0,", substituted for E. Cömert at 95 minutes",0,0,0,0,0,0,0
bbc_760513_111,media_mbm,bbc,UK,760513,ARG-SUI QF,2026-07-12,111,96.0,96.0,", substituted for A. Jashari at 96 minutes",0,0,0,0,0,0,0
bbc_760513_112,media_mbm,bbc,UK,760513,ARG-SUI QF,2026-07-12,112,115.0,115.0,", substituted for R. Vargas at 115 minutes",0,0,0,0,0,0,0
bbc_760513_113,media_mbm,bbc,UK,760513,ARG-SUI QF,2026-07-12,113,86.0,86.0,", substituted for Z. Amdouni at 86 minutes",0,0,0,0,0,0,0
bbc_760513_114,media_mbm,bbc,UK,760513,ARG-SUI QF,2026-07-12,114,86.0,86.0,", substituted for M. Muheim at 86 minutes",0,0,0,0,0,0,0
bbc_760513_115,media_mbm,bbc,UK,760513,ARG-SUI QF,2026-07-12,115,86.0,86.0,", substituted for S. Widmer at 86 minutes",0,0,0,0,0,0,0
bbc_760513_116,media_mbm,bbc,UK,760513,ARG-SUI QF,2026-07-12,116,72.0,72.0,", Two Yellow Cards at 72 minutes",0,1,0,0,0,0,0
bbc_760513_117,media_mbm,bbc,UK,760513,ARG-SUI QF,2026-07-12,117,78.0,78.0,", substituted for N. González at 78 minutes",0,0,0,0,0,0,0
bbc_760513_118,media_mbm,bbc,UK,760513,ARG-SUI QF,2026-07-12,118,105.0,105.0,", substituted for N. Otamendi at 105 minutes",0,0,0,0,0,0,0
bbc_760513_119,media_mbm,bbc,UK,760513,ARG-SUI QF,2026-07-12,119,85.0,85.0,", substituted for G. Montiel at 85 minutes",0,0,0,0,0,0,0
bbc_760513_120,media_mbm,bbc,UK,760513,ARG-SUI QF,2026-07-12,120,110.0,110.0,", substituted for J. López at 110 minutes",0,0,0,0,0,0,0
bbc_760513_121,media_mbm,bbc,UK,760513,ARG-SUI QF,2026-07-12,121,90.0,90.0,", substituted for T. Almada at 90 minutes",0,0,0,0,0,0,0
bbc_760513_122,media_mbm,bbc,UK,760513,ARG-SUI QF,2026-07-12,122,85.0,85.0,", substituted for Lautaro Martínez at 85 minutes",0,0,0,0,0,0,0
bbc_760513_123,media_mbm,bbc,UK,760513,ARG-SUI QF,2026-07-12,123,97.0,97.0,", Yellow Card at 97 minutes extra time",0,1,0,0,0,0,0
bbc_760513_124,media_mbm,bbc,UK,760513,ARG-SUI QF,2026-07-12,124,114.0,114.0,", Yellow Card at 114 minutes extra time",0,1,0,0,0,0,0
bbc_760513_125,media_mbm,bbc,UK,760513,ARG-SUI QF,2026-07-12,125,98.0,98.0,", Yellow Card at 98 minutes extra time",0,1,0,0,0,0,0
bbc_760513_126,media_mbm,bbc,UK,760513,ARG-SUI QF,2026-07-12,126,95.0,95.0,", substituted for E. Cömert at 95 minutes",0,0,0,0,0,0,0
bbc_760513_127,media_mbm,bbc,UK,760513,ARG-SUI QF,2026-07-12,127,96.0,96.0,", substituted for A. Jashari at 96 minutes",0,0,0,0,0,0,0
bbc_760513_128,media_mbm,bbc,UK,760513,ARG-SUI QF,2026-07-12,128,115.0,115.0,", substituted for R. Vargas at 115 minutes",0,0,0,0,0,0,0
bbc_760513_129,media_mbm,bbc,UK,760513,ARG-SUI QF,2026-07-12,129,86.0,86.0,", substituted for Z. Amdouni at 86 minutes",0,0,0,0,0,0,0
bbc_760513_130,media_mbm,bbc,UK,760513,ARG-SUI QF,2026-07-12,130,86.0,86.0,", substituted for M. Muheim at 86 minutes",0,0,0,0,0,0,0
bbc_760513_131,media_mbm,bbc,UK,760513,ARG-SUI QF,2026-07-12,131,86.0,86.0,", substituted for S. Widmer at 86 minutes",0,0,0,0,0,0,0
bbc_760513_132,media_mbm,bbc,UK,760513,ARG-SUI QF,2026-07-12,132,72.0,72.0,", Two Yellow Cards at 72 minutes",0,1,0,0,0,0,0
bbc_760513_133,media_mbm,bbc,UK,760513,ARG-SUI QF,2026-07-12,133,,,"Match momentum measures the swing of the match by comparing each team’s threat to see who is more likely to score within that minute. The momentum value is the difference between each team’s most dangerous moment, or team threat, in that minute.",0,0,1,0,0,0,0
bbc_760513_134,media_mbm,bbc,UK,760513,ARG-SUI QF,2026-07-12,134,,,"Match momentum measures the swing of the match by comparing each team’s threat to see who is more likely to score within that minute. The momentum value is the difference between each team’s most dangerous moment, or team threat, in that minute.",0,0,1,0,0,0,0
bbc_760513_135,media_mbm,bbc,UK,760513,ARG-SUI QF,2026-07-12,135,,,"Argentina 1 , Switzerland 0 on the 1st of July 2014",0,0,0,0,0,0,0
bbc_760513_136,media_mbm,bbc,UK,760513,ARG-SUI QF,2026-07-12,136,,,"Switzerland 1 , Argentina 3 on the 29th of February 2012",0,0,0,0,0,0,0
bbc_760513_137,media_mbm,bbc,UK,760513,ARG-SUI QF,2026-07-12,137,,,"Switzerland 1 , Argentina 1 on the 2nd of June 2007",0,0,0,0,0,0,0
bbc_760515_0,media_mbm,bbc,UK,760515,ENG-ARG SF,2026-07-15,0,,,England 1-2 Argentina: Three Lions suffer World Cup semi-final heartbreak with loss - BBC Sport,0,0,0,0,0,0,0
bbc_760515_1,media_mbm,bbc,UK,760515,ENG-ARG SF,2026-07-15,1,,,England suffer World Cup semi-final heartbreak with loss to Argentina,0,0,0,0,0,0,0
bbc_760515_2,media_mbm,bbc,UK,760515,ENG-ARG SF,2026-07-15,2,,,"England 1 , Argentina 2 at Full time",0,0,0,0,0,0,0
bbc_760515_3,media_mbm,bbc,UK,760515,ENG-ARG SF,2026-07-15,3,,,"Half Time England 0 , Argentina 0",0,0,0,0,0,0,0
bbc_760515_4,media_mbm,bbc,UK,760515,ENG-ARG SF,2026-07-15,4,,,England suffer World Cup heartbreak with late semi-final defeat by Argentina,0,0,0,0,0,0,0
bbc_760515_5,media_mbm,bbc,UK,760515,ENG-ARG SF,2026-07-15,5,,,had earlier put England 1-0 up,0,0,0,0,0,0,0
bbc_760515_6,media_mbm,bbc,UK,760515,ENG-ARG SF,2026-07-15,6,20.0,20.0,"Argentina will face Spain in Sunday's final, live on BBC One (20:00 BST)",0,0,0,0,0,0,0
bbc_760515_7,media_mbm,bbc,UK,760515,ENG-ARG SF,2026-07-15,7,0.0,0.0,"1,000 tomatoes for winning the World Cup?! 00:00:53, play video",0,0,0,0,0,0,0
bbc_760515_8,media_mbm,bbc,UK,760515,ENG-ARG SF,2026-07-15,8,0.0,0.0,"We gave Alan Shearer a disposable camera for the World Cup. 00:00:43, play video",0,0,0,0,0,0,0
bbc_760515_9,media_mbm,bbc,UK,760515,ENG-ARG SF,2026-07-15,9,0.0,0.0,"Will Argentina face punishment for World Cup final chaos? 00:00:50, play video",0,0,0,0,0,0,0
bbc_760515_10,media_mbm,bbc,UK,760515,ENG-ARG SF,2026-07-15,10,,,Will Argentina face punishment for World Cup final chaos?,0,0,0,0,0,0,0
bbc_760515_11,media_mbm,bbc,UK,760515,ENG-ARG SF,2026-07-15,11,0.0,0.0,"Only just over 1,400 days until the next World Cup! 00:01:12, play video",0,0,0,0,0,0,0
bbc_760515_12,media_mbm,bbc,UK,760515,ENG-ARG SF,2026-07-15,12,0.0,0.0,"Spain continue their World Cup celebrations! 00:00:44, play video",0,0,0,0,0,0,0
bbc_760515_13,media_mbm,bbc,UK,760515,ENG-ARG SF,2026-07-15,13,,,Spain continue their World Cup celebrations!,0,0,0,0,0,0,0
bbc_760515_14,media_mbm,bbc,UK,760515,ENG-ARG SF,2026-07-15,14,0.0,0.0,"The Spain team brings the World Cup home. 00:00:39, play video",0,0,0,0,0,0,0
bbc_760515_15,media_mbm,bbc,UK,760515,ENG-ARG SF,2026-07-15,15,,,The Spain team brings the World Cup home,0,0,0,0,0,0,0
bbc_760515_16,media_mbm,bbc,UK,760515,ENG-ARG SF,2026-07-15,16,0.0,0.0,"World Cup winners Spain arrive home. 00:00:38, play video",0,0,0,0,0,0,0
bbc_760515_17,media_mbm,bbc,UK,760515,ENG-ARG SF,2026-07-15,17,,,World Cup winners Spain arrive home,0,0,0,0,0,0,0
bbc_760515_18,media_mbm,bbc,UK,760515,ENG-ARG SF,2026-07-15,18,0.0,0.0,"What do Spain get for winning the World Cup? 00:00:57, play video",0,0,0,0,0,0,0
bbc_760515_19,media_mbm,bbc,UK,760515,ENG-ARG SF,2026-07-15,19,,,What do Spain get for winning the World Cup?,0,0,0,0,0,0,0
bbc_760515_20,media_mbm,bbc,UK,760515,ENG-ARG SF,2026-07-15,20,0.0,0.0,"'There is no space or place for that in football' 00:00:46, play video",0,0,0,0,0,0,0
bbc_760515_21,media_mbm,bbc,UK,760515,ENG-ARG SF,2026-07-15,21,0.0,0.0,"'I can't believe it!' -  Torres on winning goal. 00:00:28, play video",0,0,1,0,0,0,0
bbc_760515_22,media_mbm,bbc,UK,760515,ENG-ARG SF,2026-07-15,22,,,'I can't believe it!' -  Torres on winning goal,0,0,1,0,0,0,0
bbc_760515_23,media_mbm,bbc,UK,760515,ENG-ARG SF,2026-07-15,23,0.0,0.0,published at 00:00 BST 16 July,0,0,0,0,0,0,0
bbc_760515_24,media_mbm,bbc,UK,760515,ENG-ARG SF,2026-07-15,24,,,"So, that's that. It's more semi-final heartbreak for England. 1990, 2018 and now, 2026.",0,0,0,0,0,0,0
bbc_760515_25,media_mbm,bbc,UK,760515,ENG-ARG SF,2026-07-15,25,,,Argentina shatter England's World Cup dreams in semi-final,0,0,0,0,0,0,0
bbc_760515_26,media_mbm,bbc,UK,760515,ENG-ARG SF,2026-07-15,26,0.0,0.0,published at 00:00 BST 16 July,0,0,0,0,0,0,0
bbc_760515_27,media_mbm,bbc,UK,760515,ENG-ARG SF,2026-07-15,27,,,"So, Spain will take on Argentina on Sunday in the World Cup final.",0,0,0,0,0,0,0
bbc_760515_28,media_mbm,bbc,UK,760515,ENG-ARG SF,2026-07-15,28,23.0,23.0,published at 23:57 BST 15 July,0,0,0,0,0,0,0
bbc_760515_29,media_mbm,bbc,UK,760515,ENG-ARG SF,2026-07-15,29,22.0,22.0,England will take on France in the third-place play-off on Saturday at 22:00 BST in Miami and you can watch live on the BBC.,0,0,0,0,0,0,0
bbc_760515_30,media_mbm,bbc,UK,760515,ENG-ARG SF,2026-07-15,30,,,"It's not the game we had hoped to be in, but England can still finish the tournament with their best World Cup result since 1966.",0,0,0,0,0,0,0
bbc_760515_31,media_mbm,bbc,UK,760515,ENG-ARG SF,2026-07-15,31,23.0,23.0,published at 23:55 BST 15 July,0,0,0,0,0,0,0
bbc_760515_32,media_mbm,bbc,UK,760515,ENG-ARG SF,2026-07-15,32,,,"semi-final in 1966, England have now been eliminated in each of their past",0,0,0,0,0,0,0
bbc_760515_33,media_mbm,bbc,UK,760515,ENG-ARG SF,2026-07-15,33,23.0,23.0,published at 23:53 BST 15 July,0,0,0,0,0,0,0
bbc_760515_34,media_mbm,bbc,UK,760515,ENG-ARG SF,2026-07-15,34,,,Here's what England's captain and manager had to say.,0,0,0,0,0,0,0
bbc_760515_35,media_mbm,bbc,UK,760515,ENG-ARG SF,2026-07-15,35,,,'No regrets' - Tuchel on England's deafeat against Argentina,0,0,0,0,0,0,0
bbc_760515_36,media_mbm,bbc,UK,760515,ENG-ARG SF,2026-07-15,36,23.0,23.0,published at 23:50 BST 15 July,0,0,0,0,0,0,0
bbc_760515_37,media_mbm,bbc,UK,760515,ENG-ARG SF,2026-07-15,37,23.0,23.0,published at 23:48 BST 15 July,0,0,0,0,0,0,0
bbc_760515_38,media_mbm,bbc,UK,760515,ENG-ARG SF,2026-07-15,38,,,"Kieran Trippier, Luke Shaw and now Anthony Gordon. They've all put England ahead in big games at a major tournament before suffering late heartbreak.",0,0,0,0,0,0,0
bbc_760515_39,media_mbm,bbc,UK,760515,ENG-ARG SF,2026-07-15,39,,,Gordon puts England in the lead,0,0,0,0,0,0,0
bbc_760515_40,media_mbm,bbc,UK,760515,ENG-ARG SF,2026-07-15,40,23.0,23.0,published at 23:46 BST 15 July,0,0,0,0,0,0,0
bbc_760515_41,media_mbm,bbc,UK,760515,ENG-ARG SF,2026-07-15,41,,,Former England goalkeeper on BBC One,0,0,0,0,0,0,0
bbc_760515_42,media_mbm,bbc,UK,760515,ENG-ARG SF,2026-07-15,42,23.0,23.0,published at 23:45 BST 15 July,0,0,0,0,0,0,0
bbc_760515_43,media_mbm,bbc,UK,760515,ENG-ARG SF,2026-07-15,43,,,"Hard to see it now, but England is living a golden era and learning to compete on the hardest of games.",0,0,0,0,0,0,0
bbc_760515_44,media_mbm,bbc,UK,760515,ENG-ARG SF,2026-07-15,44,,,"By the way, this confidence pre-game came from a wrong reading of what Argentina is about. That should be another lesson for the future",0,0,0,0,0,0,0
bbc_760515_45,media_mbm,bbc,UK,760515,ENG-ARG SF,2026-07-15,45,23.0,23.0,published at 23:42 BST 15 July,0,0,0,0,0,0,0
bbc_760515_46,media_mbm,bbc,UK,760515,ENG-ARG SF,2026-07-15,46,,,Former England striker on BBC One,0,0,0,0,0,0,0
bbc_760515_47,media_mbm,bbc,UK,760515,ENG-ARG SF,2026-07-15,47,,,"It was too passive. Thomas Tuchel didn't change anything, but Argentina started come onto them.",0,0,0,0,0,0,0
bbc_760515_48,media_mbm,bbc,UK,760515,ENG-ARG SF,2026-07-15,48,23.0,23.0,published at 23:40 BST 15 July,0,0,0,0,0,0,0
bbc_760515_49,media_mbm,bbc,UK,760515,ENG-ARG SF,2026-07-15,49,,,England's average possession between Anthony Gordon's opener and Lautaro Martínez's winner (55th to 92nd minute) was 12%.,0,0,0,0,0,0,0
bbc_760515_50,media_mbm,bbc,UK,760515,ENG-ARG SF,2026-07-15,50,23.0,23.0,published at 23:38 BST 15 July,0,0,0,0,0,0,0
bbc_760515_51,media_mbm,bbc,UK,760515,ENG-ARG SF,2026-07-15,51,,,Former England goalkeeper on BBC One,0,0,0,0,0,0,0
bbc_760515_52,media_mbm,bbc,UK,760515,ENG-ARG SF,2026-07-15,52,,,"I didn't see any patterns of play that could have kept England the ball. For all of the hard work and effort they have got through in the tournament, they did not have that default, to play it around, to stay calm and to move their centre backs out of position. I didn't see anything other than the old school get it up the pitch and see if we can get numbers around it.",0,0,0,0,0,0,0
bbc_760515_53,media_mbm,bbc,UK,760515,ENG-ARG SF,2026-07-15,53,23.0,23.0,published at 23:36 BST 15 July,0,0,0,0,0,0,0
bbc_760515_54,media_mbm,bbc,UK,760515,ENG-ARG SF,2026-07-15,54,23.0,23.0,published at 23:34 BST 15 July,0,0,0,0,0,0,0
bbc_760515_55,media_mbm,bbc,UK,760515,ENG-ARG SF,2026-07-15,55,,,Argentina striker and match winner Lautaro Martinez speaking post match:,0,0,0,0,0,0,0
bbc_760515_56,media_mbm,bbc,UK,760515,ENG-ARG SF,2026-07-15,56,,,"""This for me means more than just a goal, to be in a final... I have my kids here with me, they have helped me to slow down. Just an unforgettable moment, one that we need to enjoy. Today I am a man enjoying life. Enzo scored an amazing goal too. I'm calm and assured because this team continues to show what it's made of.",0,0,1,0,0,0,0
bbc_760515_57,media_mbm,bbc,UK,760515,ENG-ARG SF,2026-07-15,57,60.0,60.0,"""They got tired. They had pressed for 60 minutes and they could not give more. We started to push and we got momentum because we were calmer as took more control of the ball and got higher up the pitch. In the end we got the two goals, and three and a half years on we're in another World Cup final.""",0,0,0,0,0,0,0
bbc_760515_58,media_mbm,bbc,UK,760515,ENG-ARG SF,2026-07-15,58,,,'I didn't see one bit of panic from Argentina',0,0,0,0,0,0,0
bbc_760515_59,media_mbm,bbc,UK,760515,ENG-ARG SF,2026-07-15,59,23.0,23.0,published at 23:32 BST 15 July,0,0,0,0,0,0,0
bbc_760515_60,media_mbm,bbc,UK,760515,ENG-ARG SF,2026-07-15,60,,,Former England goalkeeper on BBC One,0,0,0,0,0,0,0
bbc_760515_61,media_mbm,bbc,UK,760515,ENG-ARG SF,2026-07-15,61,,,"Norway and Mexico panicked, they were just whipping balls into the box and Dan Burn was licking his lips. I didn't see one bit of panic from that Argentinian side. I saw belief, I saw the realising they could free up the great man Messi in the pocket, and they were running all over England.",0,0,0,0,0,0,0
bbc_760515_62,media_mbm,bbc,UK,760515,ENG-ARG SF,2026-07-15,62,,,'Argentina have done a job on us',0,0,0,0,0,0,0
bbc_760515_63,media_mbm,bbc,UK,760515,ENG-ARG SF,2026-07-15,63,23.0,23.0,published at 23:30 BST 15 July,0,0,0,0,0,0,0
bbc_760515_64,media_mbm,bbc,UK,760515,ENG-ARG SF,2026-07-15,64,,,Former England goalkeeper on BBC Radio 5 Live at Atlanta Stadium,0,0,0,0,0,0,0
bbc_760515_65,media_mbm,bbc,UK,760515,ENG-ARG SF,2026-07-15,65,,,"They have done a job on us. They came with a game plan in the first half and you could see that it was to disrupt, to fly into challenges, to upset England players and ruffle them up. And they got to half-time and that was half the job done.",0,0,0,0,0,0,0
bbc_760515_66,media_mbm,bbc,UK,760515,ENG-ARG SF,2026-07-15,66,,,"They have got the quality in Lionel Messi. He's a little magician, he really is. He's done it all tournament now. You look at the goals scored and the balls he's put into England's box.",0,0,1,0,0,0,0
bbc_760515_67,media_mbm,bbc,UK,760515,ENG-ARG SF,2026-07-15,67,23.0,23.0,published at 23:28 BST 15 July,0,0,0,0,0,0,0
bbc_760515_68,media_mbm,bbc,UK,760515,ENG-ARG SF,2026-07-15,68,,,If you want to put yourself through those Argentina goals again then here you go.,0,0,0,0,0,0,0
bbc_760515_69,media_mbm,bbc,UK,760515,ENG-ARG SF,2026-07-15,69,,,'What a strike!' - Fernandez equalises for Argentina,0,0,0,0,0,0,0
bbc_760515_70,media_mbm,bbc,UK,760515,ENG-ARG SF,2026-07-15,70,,,Martinez scores the winning goal for Argentina,0,0,1,0,0,0,0
bbc_760515_71,media_mbm,bbc,UK,760515,ENG-ARG SF,2026-07-15,71,,,'England locked the door but Messi had the skeleton key',0,0,0,0,0,0,0
bbc_760515_72,media_mbm,bbc,UK,760515,ENG-ARG SF,2026-07-15,72,23.0,23.0,published at 23:26 BST 15 July,0,0,0,0,0,0,0
bbc_760515_73,media_mbm,bbc,UK,760515,ENG-ARG SF,2026-07-15,73,,,Former England goalkeeper on BBC One,0,0,0,0,0,0,0
bbc_760515_74,media_mbm,bbc,UK,760515,ENG-ARG SF,2026-07-15,74,15.0,15.0,The guys went back to what they did against Mexico and what they did against Norway where they locked the door. What that did was free up Lionel Messi who had the skeleton key - he absolutely ran the show for the last 15 minutes.,0,0,0,0,0,0,0
bbc_760515_75,media_mbm,bbc,UK,760515,ENG-ARG SF,2026-07-15,75,,,"They had so much threat down the right hand side, deciding whether to shoot or cross. In the end as soon as the first goal went in, and after England had made the changes they did, this was only going to end one way.",0,0,1,0,0,0,0
bbc_760515_76,media_mbm,bbc,UK,760515,ENG-ARG SF,2026-07-15,76,23.0,23.0,published at 23:24 BST 15 July,0,0,0,0,0,0,0
bbc_760515_77,media_mbm,bbc,UK,760515,ENG-ARG SF,2026-07-15,77,,,"After full-time, the Argentina squad celebrated on the pitch with a flag with the words 'Las Malvinas son Argentinas'.",0,0,0,0,0,0,0
bbc_760515_78,media_mbm,bbc,UK,760515,ENG-ARG SF,2026-07-15,78,,,"The British overseas territory, known in Argentina as Las Malvinas, remains the",0,0,0,0,0,0,0
bbc_760515_79,media_mbm,bbc,UK,760515,ENG-ARG SF,2026-07-15,79,23.0,23.0,published at 23:22 BST 15 July,0,0,0,0,0,0,0
bbc_760515_80,media_mbm,bbc,UK,760515,ENG-ARG SF,2026-07-15,80,,,"We’ve got this far in the past and been beaten. Fair enough - the better team won. This feels far worse. We had them where we wanted them and then self destructed. We were the better team, scored and then imploded. Can you imagine Spain or France doing that. Madness.",0,0,1,0,0,0,0
bbc_760515_81,media_mbm,bbc,UK,760515,ENG-ARG SF,2026-07-15,81,,,England suffer World Cup semi-final heartbreak with loss to Argentina,0,0,0,0,0,0,0
bbc_760515_82,media_mbm,bbc,UK,760515,ENG-ARG SF,2026-07-15,82,55.0,55.0,Anthony Gordon puts England ahead from Morgan Rogers' cross on 55 minutes,0,0,0,0,0,0,0
bbc_760515_83,media_mbm,bbc,UK,760515,ENG-ARG SF,2026-07-15,83,,,Argentina stun England with late goals from Enzo Fernandez and Lautaro Martinez,0,0,0,0,0,0,0
bbc_760515_84,media_mbm,bbc,UK,760515,ENG-ARG SF,2026-07-15,84,22.0,22.0,"England play France in third-place game on Saturday (22:00 BST), before Spain face Argentina in World Cup final on Sunday (20:00) -",0,0,0,0,0,0,0
bbc_760515_85,media_mbm,bbc,UK,760515,ENG-ARG SF,2026-07-15,85,20.0,20.0,"England play France in third-place game on Saturday (22:00 BST), before Spain face Argentina in World Cup final on Sunday (20:00) -",0,0,0,0,0,0,0
bbc_760515_86,media_mbm,bbc,UK,760515,ENG-ARG SF,2026-07-15,86,,,England were left heartbroken with their World Cup dreams shattered as Argentina struck twice late on to come from behind and win a dramatic semi-final in Atlanta.,0,0,0,0,0,0,0
bbc_760515_87,media_mbm,bbc,UK,760515,ENG-ARG SF,2026-07-15,87,55.0,55.0,Thomas Tuchel's side looked on course to reach England's first men's World Cup final since their win in 1966 when Anthony Gordon gave them the lead in a feisty encounter after 55 minutes.,0,0,0,0,0,0,0
bbc_760515_88,media_mbm,bbc,UK,760515,ENG-ARG SF,2026-07-15,88,,,"Argentina, however, were inspired and turned the contest around when Enzo Fernandez struck a magnificent equaliser with five minutes left, before Lautaro Martinez headed in a stoppage-time winner from Lionel Messi's cross.",0,0,0,0,0,0,0
bbc_760515_89,media_mbm,bbc,UK,760515,ENG-ARG SF,2026-07-15,89,,,"England's wait for success goes on as they now face France in the third-place play-off, while Argentina will attempt to retain their crown against Spain on Sunday.",0,0,0,0,0,0,0
bbc_760515_90,media_mbm,bbc,UK,760515,ENG-ARG SF,2026-07-15,90,,,"The searing atmosphere inside and outside Atlanta Stadium was mirrored by a feisty first half littered with 19 fouls, as American referee Ismail Elfath struggled to keep control.",0,0,0,0,0,0,0
bbc_760515_91,media_mbm,bbc,UK,760515,ENG-ARG SF,2026-07-15,91,,,"Fernandez came closest with a long-range drive just off target, but it was England who made the breakthrough when Morgan Rogers justified his selection with a perfect right-wing cross for Gordon to score at the far post.",0,0,1,0,0,0,0
bbc_760515_92,media_mbm,bbc,UK,760515,ENG-ARG SF,2026-07-15,92,,,Argentina were stung into action and it required a brilliant reflex save from England keeper Jordan Pickford to keep out Nico Gonzalez's header.,0,0,0,0,0,0,0
bbc_760515_93,media_mbm,bbc,UK,760515,ENG-ARG SF,2026-07-15,93,,,"As England came under severe pressure, Alexis Mac Allister headed against the post before Argentina finally levelled five minutes from time, beating the defiant Pickford with a 25-yard drive.",0,0,0,0,0,0,0
bbc_760515_94,media_mbm,bbc,UK,760515,ENG-ARG SF,2026-07-15,94,,,"Tuchel had set up England to defend the box with four central defenders, but Argentina's momentum was unstoppable, Mac Allister hitting the woodwork once more before England finally crumbled in the 92nd minute and Martinez scored to settle an enthralling semi-final.",0,0,1,0,0,0,0
bbc_760515_95,media_mbm,bbc,UK,760515,ENG-ARG SF,2026-07-15,95,,,Argentina face fine for Falklands banner in semi-final win,0,0,0,0,0,0,0
bbc_760515_96,media_mbm,bbc,UK,760515,ENG-ARG SF,2026-07-15,96,,,'The change didn't work' - England player ratings,0,0,0,0,0,0,0
bbc_760515_97,media_mbm,bbc,UK,760515,ENG-ARG SF,2026-07-15,97,,,'The decisions Tuchel made cost England' - analysis,0,0,0,0,0,0,0
bbc_760515_98,media_mbm,bbc,UK,760515,ENG-ARG SF,2026-07-15,98,,,England analysis: Tuchel's caution costly,0,0,0,0,0,0,0
bbc_760515_99,media_mbm,bbc,UK,760515,ENG-ARG SF,2026-07-15,99,,,"England, as they have done on other occasions when victory seemed theirs for the taking, most recently under Sir Gareth Southgate, were suddenly consumed by caution - and head coach Tuchel must take his share of responsibility.",0,0,0,0,0,0,0
bbc_760515_100,media_mbm,bbc,UK,760515,ENG-ARG SF,2026-07-15,100,,,"From a position of relative control, only relative in this sort of atmosphere against Argentina in a World Cup semi-final, Tuchel and England conceded the initiative with devastating consequences.",0,0,0,0,0,0,0
bbc_760515_101,media_mbm,bbc,UK,760515,ENG-ARG SF,2026-07-15,101,18.0,18.0,"The dream was coming into view after Gordon's goal but then England fell back, ending overloaded with defenders - including when Ezri Konsa came on for goalscorer Gordon with 18 minutes left - and this time the strategy of sending on the giant figure of Dan Burn failed.",0,0,1,0,0,0,0
bbc_760515_102,media_mbm,bbc,UK,760515,ENG-ARG SF,2026-07-15,102,,,"England were pinned in their own penalty area under siege, as Tuchel went to a back five prematurely. It invited pressure and England eventually cracked.",0,0,0,0,1,0,0
bbc_760515_103,media_mbm,bbc,UK,760515,ENG-ARG SF,2026-07-15,103,,,"Of all the disappointments in recent years, this may be England's most painful because they were so close - only to suffer a familiar bitter ending.",0,0,0,0,0,0,0
bbc_760515_104,media_mbm,bbc,UK,760515,ENG-ARG SF,2026-07-15,104,,,Argentina analysis: Messi inspiration once more,0,0,0,0,0,0,0
bbc_760515_105,media_mbm,bbc,UK,760515,ENG-ARG SF,2026-07-15,105,,,"Lionel Messi left it late to exert serious influence amid the theatre of this World Cup semi-final, but when he did he was once again Argentina's inspiration.",0,0,0,0,0,0,0
bbc_760515_106,media_mbm,bbc,UK,760515,ENG-ARG SF,2026-07-15,106,,,"In a side that has simply refused to be beaten at this World Cup, Messi set up Fernandez for his thunderous equaliser five minutes from time, then crossed - with his right foot - for Martinez's stoppage-time winner that left England devastated.",0,0,0,0,0,0,0
bbc_760515_107,media_mbm,bbc,UK,760515,ENG-ARG SF,2026-07-15,107,,,"Argentina improved when they moved away from the dark arts that characterised their first-half performance, simply overpowering England as they shrunk into their defensive shell with wave after wave of late attacks.",0,0,0,0,0,0,0
bbc_760515_108,media_mbm,bbc,UK,760515,ENG-ARG SF,2026-07-15,108,,,"Messi now has the chance to add a second World Cup at the age of 39, where he will come up against Spain's young pretender to his crown, Lamine Yamal, and the current European champions, who were",0,0,0,0,0,0,0
bbc_760515_109,media_mbm,bbc,UK,760515,ENG-ARG SF,2026-07-15,109,,,England gave Argentina & Messi 'too much respect',0,0,0,0,0,0,0
bbc_760515_110,media_mbm,bbc,UK,760515,ENG-ARG SF,2026-07-15,110,,,"After the opportunity to rate players has closed, the score displayed represents the average from all the submissions by BBC Sport users.",0,0,1,0,0,0,0
bbc_760515_111,media_mbm,bbc,UK,760515,ENG-ARG SF,2026-07-15,111,,,FIFA World Cup Scores & Fixtures,0,0,1,0,0,0,0
bbc_760515_112,media_mbm,bbc,UK,760515,ENG-ARG SF,2026-07-15,112,,,"England 1 , Argentina 2 at Full time",0,0,0,0,0,0,0
bbc_760515_113,media_mbm,bbc,UK,760515,ENG-ARG SF,2026-07-15,113,96.0,96.0,", substituted for M. Rashford at 96 minutes",0,0,0,0,0,0,0
bbc_760515_114,media_mbm,bbc,UK,760515,ENG-ARG SF,2026-07-15,114,96.0,96.0,", substituted for I. Toney at 96 minutes",0,0,0,0,0,0,0
bbc_760515_115,media_mbm,bbc,UK,760515,ENG-ARG SF,2026-07-15,115,82.0,82.0,", substituted for D. Burn at 82 minutes",0,0,0,0,0,0,0
bbc_760515_116,media_mbm,bbc,UK,760515,ENG-ARG SF,2026-07-15,116,82.0,82.0,", substituted for N. O'Reilly at 82 minutes",0,0,0,0,0,0,0
bbc_760515_117,media_mbm,bbc,UK,760515,ENG-ARG SF,2026-07-15,117,72.0,72.0,", substituted for E. Konsa at 72 minutes",0,0,0,0,0,0,0
bbc_760515_118,media_mbm,bbc,UK,760515,ENG-ARG SF,2026-07-15,118,81.0,81.0,", substituted for Lautaro Martínez at 81 minutes",0,0,0,0,0,0,0
bbc_760515_119,media_mbm,bbc,UK,760515,ENG-ARG SF,2026-07-15,119,72.0,72.0,", substituted for N. Otamendi at 72 minutes",0,0,0,0,0,0,0
bbc_760515_120,media_mbm,bbc,UK,760515,ENG-ARG SF,2026-07-15,120,72.0,72.0,", substituted for G. Montiel at 72 minutes",0,0,0,0,0,0,0
bbc_760515_121,media_mbm,bbc,UK,760515,ENG-ARG SF,2026-07-15,121,64.0,64.0,", substituted for N. González at 64 minutes",0,0,0,0,0,0,0
bbc_760515_122,media_mbm,bbc,UK,760515,ENG-ARG SF,2026-07-15,122,72.0,72.0,", substituted for R. De Paul at 72 minutes",0,0,0,0,0,0,0
bbc_760515_123,media_mbm,bbc,UK,760515,ENG-ARG SF,2026-07-15,123,90.0,90.0,", Yellow Card at 90 minutes plus 4",0,1,0,0,0,0,0
bbc_760515_124,media_mbm,bbc,UK,760515,ENG-ARG SF,2026-07-15,124,96.0,96.0,", substituted for M. Rashford at 96 minutes",0,0,0,0,0,0,0
bbc_760515_125,media_mbm,bbc,UK,760515,ENG-ARG SF,2026-07-15,125,96.0,96.0,", substituted for I. Toney at 96 minutes",0,0,0,0,0,0,0
bbc_760515_126,media_mbm,bbc,UK,760515,ENG-ARG SF,2026-07-15,126,82.0,82.0,", substituted for D. Burn at 82 minutes",0,0,0,0,0,0,0
bbc_760515_127,media_mbm,bbc,UK,760515,ENG-ARG SF,2026-07-15,127,82.0,82.0,", substituted for N. O'Reilly at 82 minutes",0,0,0,0,0,0,0
bbc_760515_128,media_mbm,bbc,UK,760515,ENG-ARG SF,2026-07-15,128,72.0,72.0,", substituted for E. Konsa at 72 minutes",0,0,0,0,0,0,0
bbc_760515_129,media_mbm,bbc,UK,760515,ENG-ARG SF,2026-07-15,129,81.0,81.0,", substituted for Lautaro Martínez at 81 minutes",0,0,0,0,0,0,0
bbc_760515_130,media_mbm,bbc,UK,760515,ENG-ARG SF,2026-07-15,130,72.0,72.0,", substituted for N. Otamendi at 72 minutes",0,0,0,0,0,0,0
bbc_760515_131,media_mbm,bbc,UK,760515,ENG-ARG SF,2026-07-15,131,72.0,72.0,", substituted for G. Montiel at 72 minutes",0,0,0,0,0,0,0
bbc_760515_132,media_mbm,bbc,UK,760515,ENG-ARG SF,2026-07-15,132,64.0,64.0,", substituted for N. González at 64 minutes",0,0,0,0,0,0,0
bbc_760515_133,media_mbm,bbc,UK,760515,ENG-ARG SF,2026-07-15,133,72.0,72.0,", substituted for R. De Paul at 72 minutes",0,0,0,0,0,0,0
bbc_760515_134,media_mbm,bbc,UK,760515,ENG-ARG SF,2026-07-15,134,90.0,90.0,", Yellow Card at 90 minutes plus 4",0,1,0,0,0,0,0
bbc_760515_135,media_mbm,bbc,UK,760515,ENG-ARG SF,2026-07-15,135,,,"Match momentum measures the swing of the match by comparing each team’s threat to see who is more likely to score within that minute. The momentum value is the difference between each team’s most dangerous moment, or team threat, in that minute.",0,0,1,0,0,0,0
bbc_760515_136,media_mbm,bbc,UK,760515,ENG-ARG SF,2026-07-15,136,,,"Match momentum measures the swing of the match by comparing each team’s threat to see who is more likely to score within that minute. The momentum value is the difference between each team’s most dangerous moment, or team threat, in that minute.",0,0,1,0,0,0,0
bbc_760515_137,media_mbm,bbc,UK,760515,ENG-ARG SF,2026-07-15,137,,,"England 3 , Argentina 2 on the 11th of November 2005",0,0,0,0,0,0,0
bbc_760515_138,media_mbm,bbc,UK,760515,ENG-ARG SF,2026-07-15,138,,,"Argentina 0 , England 1 on the 7th of June 2002",0,0,0,0,0,0,0
bbc_760515_139,media_mbm,bbc,UK,760515,ENG-ARG SF,2026-07-15,139,,,"England 0 , Argentina 0 on the 22nd of February 2000",0,0,0,0,0,0,0
bbc_760517_0,media_mbm,bbc,UK,760517,ESP-ARG Final,2026-07-19,0,,,Spain 1-0 Argentina: Ferran Torres scores as Spain win World Cup for second time - BBC Sport,0,0,1,0,0,0,0
bbc_760517_1,media_mbm,bbc,UK,760517,ESP-ARG Final,2026-07-19,1,,,Spain beat Argentina to win World Cup for second time,0,0,0,0,0,0,0
bbc_760517_2,media_mbm,bbc,UK,760517,ESP-ARG Final,2026-07-19,2,,,"Spain 1 , Argentina 0 After extra time",0,0,0,0,0,0,0
bbc_760517_3,media_mbm,bbc,UK,760517,ESP-ARG Final,2026-07-19,3,,,"Full Time Spain 0 , Argentina 0",0,0,0,0,0,0,0
bbc_760517_4,media_mbm,bbc,UK,760517,ESP-ARG Final,2026-07-19,4,,,"Half Time Spain 0 , Argentina 0",0,0,0,0,0,0,0
bbc_760517_5,media_mbm,bbc,UK,760517,ESP-ARG Final,2026-07-19,5,90.0,90.0,Two Yellow Cards 90 minutes plus 3,0,1,0,0,0,0,0
bbc_760517_6,media_mbm,bbc,UK,760517,ESP-ARG Final,2026-07-19,6,,,Spain beat Argentina to win World Cup for second time,0,0,0,0,0,0,0
bbc_760517_7,media_mbm,bbc,UK,760517,ESP-ARG Final,2026-07-19,7,,,scores only goal in extra time,0,0,1,0,0,0,0
bbc_760517_8,media_mbm,bbc,UK,760517,ESP-ARG Final,2026-07-19,8,,,Ugly scenes after final whistle as Argentina's Paredes throws,0,0,0,0,0,0,0
bbc_760517_9,media_mbm,bbc,UK,760517,ESP-ARG Final,2026-07-19,9,,,Argentina played extra time with 10 men after,0,0,0,0,0,0,0
bbc_760517_10,media_mbm,bbc,UK,760517,ESP-ARG Final,2026-07-19,10,1.0,1.0,published at 01:00 BST 20 July,0,0,0,0,0,0,0
bbc_760517_11,media_mbm,bbc,UK,760517,ESP-ARG Final,2026-07-19,11,,,"Cape Verde, Erling Haaland and the row, that night at the Azteca, a Golden Boot race for the ages, and, of course, Spain's brilliance. It's been fun, hasn't it.",0,0,0,0,0,0,0
bbc_760517_12,media_mbm,bbc,UK,760517,ESP-ARG Final,2026-07-19,12,0.0,0.0,published at 00:58 BST 20 July,0,0,0,0,0,0,0
bbc_760517_13,media_mbm,bbc,UK,760517,ESP-ARG Final,2026-07-19,13,0.0,0.0,published at 00:56 BST 20 July,0,0,0,0,0,0,0
bbc_760517_14,media_mbm,bbc,UK,760517,ESP-ARG Final,2026-07-19,14,,,Spain are champions of the world for the first time since 2010.,0,0,0,0,0,0,0
bbc_760517_15,media_mbm,bbc,UK,760517,ESP-ARG Final,2026-07-19,15,,,Spain dominate Argentina to win World Cup after extra time,0,0,0,0,0,0,0
bbc_760517_16,media_mbm,bbc,UK,760517,ESP-ARG Final,2026-07-19,16,0.0,0.0,published at 00:54 BST 20 July,0,0,0,0,0,0,0
bbc_760517_17,media_mbm,bbc,UK,760517,ESP-ARG Final,2026-07-19,17,,,"Spain got it over the line, but should there have been more than one goal in it?",0,0,1,0,0,0,0
bbc_760517_18,media_mbm,bbc,UK,760517,ESP-ARG Final,2026-07-19,18,,,'There's not alot in it' - Williams goal chalked off for Spain,0,0,1,0,0,0,0
bbc_760517_19,media_mbm,bbc,UK,760517,ESP-ARG Final,2026-07-19,19,0.0,0.0,published at 00:52 BST 20 July,0,0,0,0,0,0,0
bbc_760517_20,media_mbm,bbc,UK,760517,ESP-ARG Final,2026-07-19,20,0.0,0.0,published at 00:50 BST 20 July,0,0,0,0,0,0,0
bbc_760517_21,media_mbm,bbc,UK,760517,ESP-ARG Final,2026-07-19,21,,,Spain dominate to make themselves world champions again.,0,0,0,0,0,0,0
bbc_760517_22,media_mbm,bbc,UK,760517,ESP-ARG Final,2026-07-19,22,0.0,0.0,published at 00:48 BST 20 July,0,0,0,0,0,0,0
bbc_760517_23,media_mbm,bbc,UK,760517,ESP-ARG Final,2026-07-19,23,,,"Spain will co-host the 2030 World Cup along with Portugal and Morocco and you would not bet against them there, either.",0,0,0,0,0,0,0
bbc_760517_24,media_mbm,bbc,UK,760517,ESP-ARG Final,2026-07-19,24,,,The future looks bright for Spain with a plethora of young talent at their disposal. Have we entered a period of genuine dominance for La Roja?,0,0,0,0,0,0,0
bbc_760517_25,media_mbm,bbc,UK,760517,ESP-ARG Final,2026-07-19,25,0.0,0.0,published at 00:46 BST 20 July,0,0,0,0,0,0,0
bbc_760517_26,media_mbm,bbc,UK,760517,ESP-ARG Final,2026-07-19,26,0.0,0.0,published at 00:44 BST 20 July,0,0,0,0,0,0,0
bbc_760517_27,media_mbm,bbc,UK,760517,ESP-ARG Final,2026-07-19,27,,,"Another landmark on this momentous night for Spain, they've become the first nation in football history to hold the men's and women's World Cup titles at the same time.",0,0,0,0,0,0,0
bbc_760517_28,media_mbm,bbc,UK,760517,ESP-ARG Final,2026-07-19,28,,,"To boot, the women's side are favourites to retain their crown next summer in Brazil, though England's Lionesses will be out for revenge after being beaten in the final in Sydney in 2023.",0,0,0,0,0,0,0
bbc_760517_29,media_mbm,bbc,UK,760517,ESP-ARG Final,2026-07-19,29,0.0,0.0,published at 00:42 BST 20 July,0,0,0,0,0,0,0
bbc_760517_30,media_mbm,bbc,UK,760517,ESP-ARG Final,2026-07-19,30,,,I'm in the media centre at the New York New Jersey Stadium where Argentina boss Lionel Scaloni has just had to cut-short his news conference after breaking down in tears.,0,0,0,0,0,0,0
bbc_760517_31,media_mbm,bbc,UK,760517,ESP-ARG Final,2026-07-19,31,,,He said he did not talk to Messi about it and then went on to say he will reflect on Argentina's performance at this World Cup and talk to the president.,0,0,0,0,0,0,0
bbc_760517_32,media_mbm,bbc,UK,760517,ESP-ARG Final,2026-07-19,32,0.0,0.0,published at 00:40 BST 20 July,0,0,0,0,0,0,0
bbc_760517_33,media_mbm,bbc,UK,760517,ESP-ARG Final,2026-07-19,33,,,Former England goalkeeper on BBC One,0,0,0,0,0,0,0
bbc_760517_34,media_mbm,bbc,UK,760517,ESP-ARG Final,2026-07-19,34,,,"Spain have got a way of playing that no one in the world has proven they can get anywhere near. N one laid a glove on them, just ten shots on target against them in the whole tournament. Argentina had absolutely no chance today. No matter what they threw at them they just kept their levels and they barely looked like they broke sweat.",0,0,0,0,0,0,0
bbc_760517_35,media_mbm,bbc,UK,760517,ESP-ARG Final,2026-07-19,35,0.0,0.0,published at 00:38 BST 20 July,0,0,0,0,0,0,0
bbc_760517_36,media_mbm,bbc,UK,760517,ESP-ARG Final,2026-07-19,36,0.0,0.0,published at 00:36 BST 20 July,0,0,0,0,0,0,0
bbc_760517_37,media_mbm,bbc,UK,760517,ESP-ARG Final,2026-07-19,37,,,So happy for Spain and even happier that Argentina failed to cheat and kick their way to a trophy again. They’ve been a petulant embarrassment to the game and I truly hope this has ruined Infantino's week.,0,0,0,0,0,0,0
bbc_760517_38,media_mbm,bbc,UK,760517,ESP-ARG Final,2026-07-19,38,0.0,0.0,published at 00:34 BST 20 July,0,0,0,0,0,0,0
bbc_760517_39,media_mbm,bbc,UK,760517,ESP-ARG Final,2026-07-19,39,,,Former England goalkeeper on BBC One,0,0,0,0,0,0,0
bbc_760517_40,media_mbm,bbc,UK,760517,ESP-ARG Final,2026-07-19,40,0.0,0.0,published at 00:32 BST 20 July,0,0,0,0,0,0,0
bbc_760517_41,media_mbm,bbc,UK,760517,ESP-ARG Final,2026-07-19,41,,,"At 19 years and six days, Spain’s Lamine Yamal became the third-youngest player to play in a World Cup final, after Pele in 1958 (17y 249d) and Giuseppe Bergomi in 1982 (18y 201d).",0,0,0,0,0,0,0
bbc_760517_42,media_mbm,bbc,UK,760517,ESP-ARG Final,2026-07-19,42,0.0,0.0,published at 00:30 BST 20 July,0,0,0,0,0,0,0
bbc_760517_43,media_mbm,bbc,UK,760517,ESP-ARG Final,2026-07-19,43,45.0,45.0,To only concede 1 goal in 8 games at a World Cup is unreal. Bravo Spain. England conceded 2 after 45 minutes. Perspective.,0,0,1,0,0,0,0
bbc_760517_44,media_mbm,bbc,UK,760517,ESP-ARG Final,2026-07-19,44,0.0,0.0,published at 00:28 BST 20 July,0,0,0,0,0,0,0
bbc_760517_45,media_mbm,bbc,UK,760517,ESP-ARG Final,2026-07-19,45,,,Former England goalkeeper on BBC One,0,0,0,0,0,0,0
bbc_760517_46,media_mbm,bbc,UK,760517,ESP-ARG Final,2026-07-19,46,0.0,0.0,published at 00:26 BST 20 July,0,0,0,0,0,0,0
bbc_760517_47,media_mbm,bbc,UK,760517,ESP-ARG Final,2026-07-19,47,,,Former England defender on BBC One,0,0,0,0,0,0,0
bbc_760517_48,media_mbm,bbc,UK,760517,ESP-ARG Final,2026-07-19,48,0.0,0.0,published at 00:24 BST 20 July,0,0,0,0,0,0,0
bbc_760517_49,media_mbm,bbc,UK,760517,ESP-ARG Final,2026-07-19,49,0.0,0.0,published at 00:22 BST 20 July,0,0,0,0,0,0,0
bbc_760517_50,media_mbm,bbc,UK,760517,ESP-ARG Final,2026-07-19,50,,,Argentina manager Lionel Scaloni:,0,0,0,0,0,0,0
bbc_760517_51,media_mbm,bbc,UK,760517,ESP-ARG Final,2026-07-19,51,,,Spain dominate Argentina to win World Cup after extra time,0,0,0,0,0,0,0
bbc_760517_52,media_mbm,bbc,UK,760517,ESP-ARG Final,2026-07-19,52,,,Argentina and Spain produce a dour final littered with stoppages,0,0,0,0,0,0,0
bbc_760517_53,media_mbm,bbc,UK,760517,ESP-ARG Final,2026-07-19,53,,,Argentina's Enzo Fernandez is sent off for a second yellow card in stoppage time for a foul on Pau Cubarsi,1,1,0,0,0,0,0
bbc_760517_54,media_mbm,bbc,UK,760517,ESP-ARG Final,2026-07-19,54,106.0,106.0,Ferran Torres breaks the deadlock after 106 minutes with a close-range strike,0,0,0,0,0,0,0
bbc_760517_55,media_mbm,bbc,UK,760517,ESP-ARG Final,2026-07-19,55,,,Spain deservedly won a desperately disappointing World Cup final as Ferran Torres' extra-time strike finally broke the resistance of 10-man Argentina.,0,0,0,0,0,0,0
bbc_760517_56,media_mbm,bbc,UK,760517,ESP-ARG Final,2026-07-19,56,106.0,106.0,Torres was the hero for Spain when he collected substitute Nico Williams' header to beat Argentina keeper Emiliano Martinez with a powerful shot from close range after 106 minutes.,0,0,0,0,0,0,0
bbc_760517_57,media_mbm,bbc,UK,760517,ESP-ARG Final,2026-07-19,57,27.0,27.0,"performed in the first World Cup half-time show, stretching the interval out to 27 minutes.",0,0,0,0,0,0,0
bbc_760517_58,media_mbm,bbc,UK,760517,ESP-ARG Final,2026-07-19,58,,,"In a dour affair littered with interruptions, followed by that lengthy interval, the game never had any fluency or flow, although Lamine Yamal and Mikel Oyarzabal forced first-half saves out of Argentina keeper Martinez.",0,0,0,0,0,0,0
bbc_760517_59,media_mbm,bbc,UK,760517,ESP-ARG Final,2026-07-19,59,40.0,40.0,"Spain constantly complained about referee Slavko Vincic's leniency, especially when Alexis Mac Allister was late on Dani Olmo, with the first yellow card coming after 40 minutes when Lisandro Martinez brought down Oyarzabal, although the Manchester United defender went off injured shortly afterwards.",0,1,0,0,0,0,1
bbc_760517_60,media_mbm,bbc,UK,760517,ESP-ARG Final,2026-07-19,60,,,"The game boiled over in stoppage time when Fernandez, who had already been cautioned, received a second yellow card for a reckless challenge on Spain defender Pau Cubarsi.",0,1,0,0,0,0,1
bbc_760517_61,media_mbm,bbc,UK,760517,ESP-ARG Final,2026-07-19,61,,,"Argentina keeper Martinez had been their hero, and he prevented Spain scoring a winner in the final seconds of normal time when he made a superb save from Lamine Yamal's free-kick.",1,0,0,0,0,0,0
bbc_760517_62,media_mbm,bbc,UK,760517,ESP-ARG Final,2026-07-19,62,,,He was in action again with another crucial stop from Williams' header. Williams then had a goal ruled out for substitute Mikel Merino's foul on Nicolas Otamendi.,1,0,1,0,0,0,0
bbc_760517_63,media_mbm,bbc,UK,760517,ESP-ARG Final,2026-07-19,63,,,Argentina came back to beat Egypt and England in the knockout stage - but could not repeat the feat here as Spain won the men's World Cup for the second time.,0,0,0,0,0,0,0
bbc_760517_64,media_mbm,bbc,UK,760517,ESP-ARG Final,2026-07-19,64,,,Listen: Football Daily - Spain win the World Cup,0,0,0,0,0,0,0
bbc_760517_65,media_mbm,bbc,UK,760517,ESP-ARG Final,2026-07-19,65,,,Spain analysis: From slow start to glory,0,0,0,0,0,0,0
bbc_760517_66,media_mbm,bbc,UK,760517,ESP-ARG Final,2026-07-19,66,,,Spain's World Cup campaign started with a goalless draw against Cape Verde - and ended with the glory of claiming football's greatest prize for the second time.,0,0,0,0,0,0,0
bbc_760517_67,media_mbm,bbc,UK,760517,ESP-ARG Final,2026-07-19,67,,,"And it was a fully merited triumph for a Spain team who grew into the tournament, outclassing highly favoured France in the semi-final and actually trying to win this poor World Cup final through pure football methods.",0,0,0,0,0,0,0
bbc_760517_68,media_mbm,bbc,UK,760517,ESP-ARG Final,2026-07-19,68,,,"Their understated coach Luis de la Fuente has led them with commendable calm, guiding them when they beat England in Berlin to win the Euro 2024 final, and his team had to show that composure in the face of provocation from Argentina.",0,0,0,0,0,0,0
bbc_760517_69,media_mbm,bbc,UK,760517,ESP-ARG Final,2026-07-19,69,,,"Spain had the numerical advantage after Fernandez's dismissal, and were rarely troubled in defence, while the introduction of Williams as substitute gave them real cutting edge.",0,0,0,0,0,0,0
bbc_760517_70,media_mbm,bbc,UK,760517,ESP-ARG Final,2026-07-19,70,,,Argentina analysis: Messi's sad farewell?,0,0,0,0,0,0,0
bbc_760517_71,media_mbm,bbc,UK,760517,ESP-ARG Final,2026-07-19,71,,,"If this was to be the great Lionel Messi's final World Cup game, it ended in the bitter disappointment of the holders losing their crown, and with Argentina's icon unable to influence events.",0,0,0,0,0,0,0
bbc_760517_72,media_mbm,bbc,UK,760517,ESP-ARG Final,2026-07-19,72,,,"The latest version of Messi, now 39, plays much of the game at walking pace, but he has still scored eight goals in this World Cup and has been Argentina's leader and inspiration once more, especially in the semi-final win against England, where he created both goals in their 2-1 win.",0,0,1,0,0,0,0
bbc_760517_73,media_mbm,bbc,UK,760517,ESP-ARG Final,2026-07-19,73,,,"Here, he was well marshalled by Spain, having only one shot, which was not on target, and was kept well away from dangerous area.",0,0,0,0,0,0,0
bbc_760517_74,media_mbm,bbc,UK,760517,ESP-ARG Final,2026-07-19,74,,,"Messi was not helped by Argentina's approach, as they seemed intent on reducing Spain to frustration, instead of concentrating on the quality they can actually produce.",0,0,0,0,0,0,0
bbc_760517_75,media_mbm,bbc,UK,760517,ESP-ARG Final,2026-07-19,75,,,"Argentina produced plenty of thrills along the way as they tried to retain the World Cup, but they can have no complaints about Spain's victory.",0,0,0,0,0,0,0
bbc_760517_76,media_mbm,bbc,UK,760517,ESP-ARG Final,2026-07-19,76,,,"After the opportunity to rate players has closed, the score displayed represents the average from all the submissions by BBC Sport users.",0,0,1,0,0,0,0
bbc_760517_77,media_mbm,bbc,UK,760517,ESP-ARG Final,2026-07-19,77,,,FIFA World Cup Scores & Fixtures,0,0,1,0,0,0,0
bbc_760517_78,media_mbm,bbc,UK,760517,ESP-ARG Final,2026-07-19,78,,,"Spain 1 , Argentina 0 After extra time",0,0,0,0,0,0,0
bbc_760517_79,media_mbm,bbc,UK,760517,ESP-ARG Final,2026-07-19,79,99.0,99.0,", substituted for Eric García at 99 minutes",0,0,0,0,0,0,0
bbc_760517_80,media_mbm,bbc,UK,760517,ESP-ARG Final,2026-07-19,80,62.0,62.0,", substituted for Pedri at 62 minutes",0,0,0,0,0,0,0
bbc_760517_81,media_mbm,bbc,UK,760517,ESP-ARG Final,2026-07-19,81,99.0,99.0,", substituted for Martín Zubimendi at 99 minutes",0,0,0,0,0,0,0
bbc_760517_82,media_mbm,bbc,UK,760517,ESP-ARG Final,2026-07-19,82,75.0,75.0,", substituted for Nico Williams at 75 minutes",0,0,0,0,0,0,0
bbc_760517_83,media_mbm,bbc,UK,760517,ESP-ARG Final,2026-07-19,83,75.0,75.0,", substituted for Mikel Merino at 75 minutes",0,0,0,0,0,0,0
bbc_760517_84,media_mbm,bbc,UK,760517,ESP-ARG Final,2026-07-19,84,62.0,62.0,", substituted for Ferran Torres at 62 minutes",0,0,0,0,0,0,0
bbc_760517_85,media_mbm,bbc,UK,760517,ESP-ARG Final,2026-07-19,85,44.0,44.0,", substituted for N. Otamendi at 44 minutes",0,0,0,0,0,0,0
bbc_760517_86,media_mbm,bbc,UK,760517,ESP-ARG Final,2026-07-19,86,90.0,90.0,", Yellow Card at 90 minutes plus 2",0,1,0,0,0,0,0
bbc_760517_87,media_mbm,bbc,UK,760517,ESP-ARG Final,2026-07-19,87,70.0,70.0,", substituted for F. Medina at 70 minutes",0,0,0,0,0,0,0
bbc_760517_88,media_mbm,bbc,UK,760517,ESP-ARG Final,2026-07-19,88,58.0,58.0,", substituted for N. Molina at 58 minutes",0,0,0,0,0,0,0
bbc_760517_89,media_mbm,bbc,UK,760517,ESP-ARG Final,2026-07-19,89,46.0,46.0,", substituted for L. Paredes at 46 minutes",0,0,0,0,0,0,0
bbc_760517_90,media_mbm,bbc,UK,760517,ESP-ARG Final,2026-07-19,90,111.0,111.0,", Yellow Card at 111 minutes extra time",0,1,0,0,0,0,0
bbc_760517_91,media_mbm,bbc,UK,760517,ESP-ARG Final,2026-07-19,91,90.0,90.0,", Two Yellow Cards at 90 minutes plus 3",0,1,0,0,0,0,0
bbc_760517_92,media_mbm,bbc,UK,760517,ESP-ARG Final,2026-07-19,92,70.0,70.0,", substituted for G. Simeone at 70 minutes",0,0,0,0,0,0,0
bbc_760517_93,media_mbm,bbc,UK,760517,ESP-ARG Final,2026-07-19,93,102.0,102.0,", substituted for M. Senesi at 102 minutes",0,0,0,0,0,0,0
bbc_760517_94,media_mbm,bbc,UK,760517,ESP-ARG Final,2026-07-19,94,99.0,99.0,", substituted for Eric García at 99 minutes",0,0,0,0,0,0,0
bbc_760517_95,media_mbm,bbc,UK,760517,ESP-ARG Final,2026-07-19,95,62.0,62.0,", substituted for Pedri at 62 minutes",0,0,0,0,0,0,0
bbc_760517_96,media_mbm,bbc,UK,760517,ESP-ARG Final,2026-07-19,96,99.0,99.0,", substituted for Martín Zubimendi at 99 minutes",0,0,0,0,0,0,0
bbc_760517_97,media_mbm,bbc,UK,760517,ESP-ARG Final,2026-07-19,97,75.0,75.0,", substituted for Nico Williams at 75 minutes",0,0,0,0,0,0,0
bbc_760517_98,media_mbm,bbc,UK,760517,ESP-ARG Final,2026-07-19,98,75.0,75.0,", substituted for Mikel Merino at 75 minutes",0,0,0,0,0,0,0
bbc_760517_99,media_mbm,bbc,UK,760517,ESP-ARG Final,2026-07-19,99,62.0,62.0,", substituted for Ferran Torres at 62 minutes",0,0,0,0,0,0,0
bbc_760517_100,media_mbm,bbc,UK,760517,ESP-ARG Final,2026-07-19,100,44.0,44.0,", substituted for N. Otamendi at 44 minutes",0,0,0,0,0,0,0
bbc_760517_101,media_mbm,bbc,UK,760517,ESP-ARG Final,2026-07-19,101,90.0,90.0,", Yellow Card at 90 minutes plus 2",0,1,0,0,0,0,0
bbc_760517_102,media_mbm,bbc,UK,760517,ESP-ARG Final,2026-07-19,102,70.0,70.0,", substituted for F. Medina at 70 minutes",0,0,0,0,0,0,0
bbc_760517_103,media_mbm,bbc,UK,760517,ESP-ARG Final,2026-07-19,103,58.0,58.0,", substituted for N. Molina at 58 minutes",0,0,0,0,0,0,0
bbc_760517_104,media_mbm,bbc,UK,760517,ESP-ARG Final,2026-07-19,104,46.0,46.0,", substituted for L. Paredes at 46 minutes",0,0,0,0,0,0,0
bbc_760517_105,media_mbm,bbc,UK,760517,ESP-ARG Final,2026-07-19,105,111.0,111.0,", Yellow Card at 111 minutes extra time",0,1,0,0,0,0,0
bbc_760517_106,media_mbm,bbc,UK,760517,ESP-ARG Final,2026-07-19,106,90.0,90.0,", Two Yellow Cards at 90 minutes plus 3",0,1,0,0,0,0,0
bbc_760517_107,media_mbm,bbc,UK,760517,ESP-ARG Final,2026-07-19,107,70.0,70.0,", substituted for G. Simeone at 70 minutes",0,0,0,0,0,0,0
bbc_760517_108,media_mbm,bbc,UK,760517,ESP-ARG Final,2026-07-19,108,102.0,102.0,", substituted for M. Senesi at 102 minutes",0,0,0,0,0,0,0
bbc_760517_109,media_mbm,bbc,UK,760517,ESP-ARG Final,2026-07-19,109,,,"Match momentum measures the swing of the match by comparing each team’s threat to see who is more likely to score within that minute. The momentum value is the difference between each team’s most dangerous moment, or team threat, in that minute.",0,0,1,0,0,0,0
bbc_760517_110,media_mbm,bbc,UK,760517,ESP-ARG Final,2026-07-19,110,,,"Match momentum measures the swing of the match by comparing each team’s threat to see who is more likely to score within that minute. The momentum value is the difference between each team’s most dangerous moment, or team threat, in that minute.",0,0,1,0,0,0,0
bbc_760517_111,media_mbm,bbc,UK,760517,ESP-ARG Final,2026-07-19,111,,,"Spain 6 , Argentina 1 on the 27th of March 2018",0,0,0,0,0,0,0
bbc_760517_112,media_mbm,bbc,UK,760517,ESP-ARG Final,2026-07-19,112,,,"Argentina 4 , Spain 1 on the 7th of September 2010",0,0,0,0,0,0,0
bbc_760517_113,media_mbm,bbc,UK,760517,ESP-ARG Final,2026-07-19,113,,,"Spain 2 , Argentina 1 on the 14th of November 2009",0,0,0,0,0,0,0
guardian_760456_0,media_mbm,guardian,UK,760456,ARG-AUT GS,2026-06-22,0,,,"Irrepressible Messi breaks World Cup scoring record as Argentina beat Austria
9.19pm
CEST
21:19
Right then, the match report from Nick Ames in Dallas has now landed.
So I will thank you all for your many emails and conclude this minute-by-minute.
The Lionel Messi roadshow rolls on, and on, and on. Has there ever been a better player in footballing history? Probably not. Can anyone stop him at this
World Cup
? Well that remains to be seen. For now, Argentina are two from two and Messi has five go",0,0,0,0,0,0,0
guardian_760456_1,media_mbm,guardian,UK,760456,ARG-AUT GS,2026-06-22,1,,,"9.05pm
CEST
21:05
An email
has arrived from an unimpressed Samuel Dobson:
Apart from the England game (that was fun, wasn’t it?!), this is the second successive World Cup in which I’ve found myself lacking the motivation to watch any of the other games. Something about all the overt corruption, blood oil money, peace prizes, etc. this follows that glorious period in my life (ah, student days) where I tuned into every match at Germany 06, South Africa 10, Brazil 14.
Messi piqued my interest enoug",0,0,0,0,0,0,0
guardian_760456_2,media_mbm,guardian,UK,760456,ARG-AUT GS,2026-06-22,2,,,"9.04pm
CEST
21:04
Messi even had time to fire a late free-kick just wide
as he searched for a successive hat-trick. Now that would have been ridiculous stuff.
He could have easily had three today, of course, let’s not forget he missed a penalty early in the piece.",1,0,0,0,1,0,0
guardian_760456_3,media_mbm,guardian,UK,760456,ARG-AUT GS,2026-06-22,3,,,"FT: Argentina 2-0 Austria
9.02pm
CEST
21:02
FT: Argentina 2-0 Austria
It wasn’t overly pretty at times, but Argentina found a way thanks to their genius forward. It’s been an occasion that will always be remembered as the day Lionel Messi broke Miroslav Klose’s
World Cup
scoring record – and then added another goal to his tally for good measure. Five for the tournament in two games. Five!
Austria
were competitive but unimaginative in attack and easily thwarted in the end.
The win means
Argentina",0,0,1,0,0,0,0
guardian_760456_4,media_mbm,guardian,UK,760456,ARG-AUT GS,2026-06-22,4,90.05,90.05,"GOAL! Argentina 2-0 Austria (Messi, 90+5)
9.00pm
CEST
21:00
GOAL! Argentina 2-0 Austria (Messi, 90+5)
You cannot keep a good man down! Argentina have five goals in this
World Cup
and every one of them has been scored by Lionel Messi.
First Alvarez was denied, then Messi was denied himself. Then he found a way to squeeze it home to seal the three points.
Argentina’s Lionel Messi scores their second goal. Photograph: Kai Pfaffenbach/Reuters
Messi celebrates. Photograph: Maja Hitij/FIFA/Getty Image",0,0,1,0,0,0,0
guardian_760456_5,media_mbm,guardian,UK,760456,ARG-AUT GS,2026-06-22,5,90.05,90.05,"GOAL! Argentina 2-0 Austria (Messi, 90+5)
9.00pm
CEST
21:00
GOAL! Argentina 2-0 Austria (Messi, 90+5)
You cannot keep a good man down! Argentina have five goals in this
World Cup
and every one of them has been scored by Lionel Messi.
First Alvarez was denied, then Messi was denied himself. Then he found a way to squeeze it home to seal the three points.
Argentina’s Lionel Messi scores their second goal. Photograph: Kai Pfaffenbach/Reuters
Messi celebrates. Photograph: Maja Hitij/FIFA/Getty Image",0,0,1,0,0,0,0
guardian_760456_6,media_mbm,guardian,UK,760456,ARG-AUT GS,2026-06-22,6,90.0,90.0,"8.58pm
CEST
20:58
90 mins +4:
Sabitzer will throw this late free-kick into the mixer… and Danso’s header puts it into an even more dangerous area, with Wimmer trying to flick it goalwards with his head. That wasn’t far away at all.",1,0,0,0,0,0,0
guardian_760456_7,media_mbm,guardian,UK,760456,ARG-AUT GS,2026-06-22,7,90.0,90.0,"8.57pm
CEST
20:57
90 mins + 2:
Maybe it’s simply been a case of
Argentina
being solid enough in defence to keep out a limited Austrian attack.
Paredes is booked. Can Rangnick’s team conjure something up late on here?",0,1,0,0,0,0,0
guardian_760456_8,media_mbm,guardian,UK,760456,ARG-AUT GS,2026-06-22,8,,,"8.55pm
CEST
20:55
Added time:
As
Argentina
slow the game down and look to keep the ball, the fourth official’s board displays five minutes.
Gonzalez is tripped to win a free-kick for the holders deep into Austrian territory.",1,0,0,0,0,0,0
guardian_760456_9,media_mbm,guardian,UK,760456,ARG-AUT GS,2026-06-22,9,89.0,89.0,"8.54pm
CEST
20:54
89 mins:
There’s a ‘he is human after all’ moment from Messi as he hits a stray pass into midfield for
Austria
to gobble up and break away. Yet again, their progress is halted by a clever Argentinian foul. No momentum.",1,0,0,0,0,0,0
guardian_760456_10,media_mbm,guardian,UK,760456,ARG-AUT GS,2026-06-22,10,87.0,87.0,"8.51pm
CEST
20:51
87 mins:
Danso and others put their bodies on the line in a series of vital blocks by
Austria
. At the other end, they are finally throwing the ball into the box in the general direction of Arnautović.",0,0,0,0,0,0,0
guardian_760456_11,media_mbm,guardian,UK,760456,ARG-AUT GS,2026-06-22,11,85.0,85.0,"8.50pm
CEST
20:50
85 mins:
Even the commentators are urging
Austria
to be a bit more, er, urgent. And Rangnick is introducing the dangerous Carney Chukwuemeka into his attack. Good move, Ralf.",0,0,0,0,0,0,0
guardian_760456_12,media_mbm,guardian,UK,760456,ARG-AUT GS,2026-06-22,12,84.0,84.0,"8.49pm
CEST
20:49
84 mins:
There is an argument that
Argentina
are something of the Atlético Madrid of international football, many of them schooled in the Diego Simeone-inspired dark arts. The difference between them and Atléti is… they have Lionel Messi.",0,0,0,0,0,0,0
guardian_760456_13,media_mbm,guardian,UK,760456,ARG-AUT GS,2026-06-22,13,,,"8.47pm
CEST
20:47
“Austria are so toothless,”
writes Mark Horan on email. “And
Argentina
plays in a way that makes people hate football. All machismo bullsh*t while falling down at every opportunity.”
Tell us what you really think, Mark.",0,0,0,0,0,0,0
guardian_760456_14,media_mbm,guardian,UK,760456,ARG-AUT GS,2026-06-22,14,82.0,82.0,"8.46pm
CEST
20:46
82 mins:
Leandro Paredes is on for
Argentina
as Scaloni beefs up his midfield, with De Paul trudging off behind the net as Austria prepare to take a corner. Medina is taken off too after that booking, replaced by the experienced Nicolás Tagliafico.",0,0,0,0,0,0,0
guardian_760456_15,media_mbm,guardian,UK,760456,ARG-AUT GS,2026-06-22,15,81.0,81.0,"8.45pm
CEST
20:45
81 mins:
If Argentina play this like against the really top sides, they won’t win the
World Cup
.
There’s a prediction for you.",0,0,0,0,0,0,0
guardian_760456_16,media_mbm,guardian,UK,760456,ARG-AUT GS,2026-06-22,16,80.0,80.0,"8.44pm
CEST
20:44
80 mins:
Martínez has taken a bit of a bash in the head (emphasis on the word ‘bit’) and has stayed down. Arnautović did catch him as he tried to get to Laimer’s ball and the keeper smothered.",0,0,0,0,0,0,0
guardian_760456_17,media_mbm,guardian,UK,760456,ARG-AUT GS,2026-06-22,17,78.0,78.0,"8.42pm
CEST
20:42
78 mins:
I know there are a lot of Messi devotees out there, but the neutrals are surely screaming for an
Austria
goal to spice up the end of this match. At the moment, it doesn’t look overly likely.",0,0,1,0,0,0,0
guardian_760456_18,media_mbm,guardian,UK,760456,ARG-AUT GS,2026-06-22,18,77.0,77.0,"8.41pm
CEST
20:41
77 mins:
There’s a bit of a scuffle between Facundo Medina and Konrad Laimer, who both get yellow cards for their trouble. I’m struggling to comprehend that Medina is the first Argentinian player booked in this game… and that i took nearly 77 minutes.",0,1,0,0,0,0,0
guardian_760456_19,media_mbm,guardian,UK,760456,ARG-AUT GS,2026-06-22,19,75.0,75.0,"8.39pm
CEST
20:39
75 mins:
What’s the opposite of a classic? Whatever it is, this game fits into that particular category.",0,0,0,0,0,0,0
guardian_760456_20,media_mbm,guardian,UK,760456,ARG-AUT GS,2026-06-22,20,73.0,73.0,"8.38pm
CEST
20:38
It’s taken nearly 73 minutes
for
Argentina
to get a corner in this game. Here is that corner, which Messi swings in … and Nico Gonzalez will be annoyed he hasn’t headed that in.
He met it with a glancing near-post header, but it whizzed just wide of the far post.
Lionel Messi takes a corner kick. Photograph: Maja Hitij/FIFA/Getty Images
Updated
at 8.49pm CEST",0,0,0,0,0,0,0
guardian_760456_21,media_mbm,guardian,UK,760456,ARG-AUT GS,2026-06-22,21,71.0,71.0,"8.36pm
CEST
20:36
71 mins:
I thought by the way
Austria
began this second half that we’d see more impetus from Ralf Rangnick’s team. They’re quite well organised but, to me, are seriously lacking in end product.
We’re back under way.",0,0,0,0,0,0,0
guardian_760456_22,media_mbm,guardian,UK,760456,ARG-AUT GS,2026-06-22,22,67.0,67.0,"8.32pm
CEST
20:32
67 mins:
For what it’s worth I think the ref, Amin Omar, has largely done OK. There have been loads of fouls.
Gregoritsch heads over the bar after good work by Sabitzer down the left.",0,0,0,0,0,0,0
guardian_760456_23,media_mbm,guardian,UK,760456,ARG-AUT GS,2026-06-22,23,65.0,65.0,"8.30pm
CEST
20:30
65 mins:
Argentina are absolutely
incensed
they haven’t been awarded a corner. It did look like Schlager parried away Messi’s shot. I thought VAR was intervening in such matters during this
World Cup
? Apparently not.",0,0,0,1,0,0,0
guardian_760456_24,media_mbm,guardian,UK,760456,ARG-AUT GS,2026-06-22,24,64.0,64.0,"8.29pm
CEST
20:29
64 mins:
Some tigerish defending from Austria’s tough-tackling midfield keeps Messi and co at bay. He is drifting back into the game now, the little fella.
Another big cheer greets the arrival of Julián Alvarez. He and Nico Gonzalez are on, with Lautaro replaced.",0,0,0,0,0,0,0
guardian_760456_25,media_mbm,guardian,UK,760456,ARG-AUT GS,2026-06-22,25,61.0,61.0,"8.26pm
CEST
20:26
61 mins:
One underrated aspect of this
Argentina
side, perhaps, is their defence. They don’t concede many and have been able to hold Austria at arm’s length for much of this contest.
As Argentina counter, Almada lays it off nicely to Enzo Fernández, whose shot is blocked.",0,0,0,0,0,0,0
guardian_760456_26,media_mbm,guardian,UK,760456,ARG-AUT GS,2026-06-22,26,59.0,59.0,"8.24pm
CEST
20:24
59 mins:
The next goal determines the outcome of this game, without a doubt (again I am Captain Obvious). If Austria get it, anything could happen. If
Messi
anyone from
Argentina
can make it 2-0, it’s game set and match.",0,0,1,0,0,0,0
guardian_760456_27,media_mbm,guardian,UK,760456,ARG-AUT GS,2026-06-22,27,57.0,57.0,"8.22pm
CEST
20:22
57 mins:
This could be doing them a disservice – I only saw highlights of Argentina’s game against Algeria, rather than the full thing – but they still seem like a ‘moments’ team, quite reliant on Messi pulling a rabbit from the hat. Very much like they were in 2022.
A huge cheer goes up. Not for Nicolas Otamendi replacing Romero, but for Shakira appearing on screen. Waka waka.",0,0,0,0,0,0,0
guardian_760456_28,media_mbm,guardian,UK,760456,ARG-AUT GS,2026-06-22,28,55.0,55.0,"8.19pm
CEST
20:19
55 mins:
Yet another
Argentina
foul, yet another opportunity for the referee to give them a card not taken … but this is a good chance for Austria here. Sabitzer stands over the kick.",1,0,0,0,0,0,0
guardian_760517_0,media_mbm,guardian,UK,760517,ESP-ARG Final,2026-07-19,0,,,"Spain win World Cup after Ferran Torres breaks 10-man Argentina’s resistance
2.10am
CEST
02:10
It’s time to wrap up our live coverage of the final, and of the 2026
World Cup
.
On behalf of all the liveloggers and editors, thanks for your company and emails throughout the tournament.
I’ll leave you with David Hytner’s report of a deserved victory for
Spain
in the final. Goodnight!
Spain win World Cup after Ferran Torres breaks 10-man Argentina’s resistance
Read more",0,0,0,0,0,0,0
guardian_760517_1,media_mbm,guardian,UK,760517,ESP-ARG Final,2026-07-19,1,,,"2.04am
CEST
02:04
More from
Argentina
manager Lionel Scaloni
I feel sad. One could say many things about how we got here, but it’s not worth it. Endless thanks to these players who once again took us to the final.
If they give everything the way they did today, it sets a great example for ‌the people and for our country. You have to pick yourself up again. When you leave everything like that, it’s very hard to find fault with anything.”
[On Lionel Messi] He’s 39 years old now. It was crystal ​cl",0,0,0,0,0,0,0
guardian_760517_2,media_mbm,guardian,UK,760517,ESP-ARG Final,2026-07-19,2,,,"In Madrid fans defy heat, early starts and the torpor of a slow game to cheer Spain to World Cup victory
1.57am
CEST
01:57
Sam Jones
Neither the approach of yet another enervating heatwave
, nor the prospect of heading to work on Monday morning, was going to keep Madrileños huddled indoors when the
World Cup
, and the stifling streets of the capital, were there for the taking.
With the temperature at 9pm nudging 32C, people across the city and the wider region filled bars, parks, fairgrounds and",0,1,0,0,0,0,0
guardian_760517_3,media_mbm,guardian,UK,760517,ESP-ARG Final,2026-07-19,3,,,"Luis de la Fuente: ‘The appreciation for Spanish coaches should have happened ages ago’
1.48am
CEST
01:48
Luis de la Fuente is 65 years old
and has never won a major club competition as a manager. He is also one of the top 20 managers of all time.
Luis de la Fuente: ‘The appreciation for Spanish coaches should have happened ages ago’
Read more
Updated
at 1.49am CEST",0,0,0,0,0,0,1
guardian_760517_4,media_mbm,guardian,UK,760517,ESP-ARG Final,2026-07-19,4,,,"Spain 1-0 Argentina (aet): 2026 World Cup final player ratings
1.20am
CEST
01:20
Ed Aarons’ player ratings
Pau Cubarsí
Got away with his early error and didn’t put a foot wrong after that. Incredible that he is still only 19.
8
Spain 1-0 Argentina (aet): 2026 World Cup final player ratings
Read more",0,0,0,0,0,0,0
guardian_760517_5,media_mbm,guardian,UK,760517,ESP-ARG Final,2026-07-19,5,,,"Lionel Messi’s World Cup fairytale ends with pitiful Argentina as final villains | Pablo Iglesias Maurer
1.12am
CEST
01:12
Pablo Iglesias Maurer
Playing on the grandest stage in sport for the last time
, Lionel Messi seemed almost certain to provide one last memorable moment in this
World Cup
final.
Yet as the sun ducked behind the west stand of New York New Jersey Stadium on Sunday, it became clearer and clearer that Argentina had lost the magic they had carried through this tournament. And as ",0,0,0,0,0,0,0
guardian_760517_6,media_mbm,guardian,UK,760517,ESP-ARG Final,2026-07-19,6,,,"The 2026 World Cup final: Spain 1-0 Argentina – in pictures
1.11am
CEST
01:11
The lead picture here is a thing of beauty
. The rest are pretty good too.
The 2026 World Cup final: Spain 1-0 Argentina – in pictures
Read more
Updated
at 1.11am CEST",0,0,0,0,0,0,0
guardian_760517_7,media_mbm,guardian,UK,760517,ESP-ARG Final,2026-07-19,7,,,"Ferran Torres' reaction
1.09am
CEST
01:09
Ferran Torres' reaction
It was ​a goal scored by 47 million ​people – it wasn’t even mine or from the 26 players. It was destined ​to happen; it was ‌meant to be ​a winner.
Whilst ​all finals are tough, when you’re up against [Lionel] Messi, you do get a bit nervous. We played better football. I’ve been heavily criticised throughout the
World Cup
. Thank God, who always gives me the strength to carry on. God gives things to those who deserve them most.",0,0,1,0,0,0,0
guardian_760517_8,media_mbm,guardian,UK,760517,ESP-ARG Final,2026-07-19,8,,,"Luis de la Fuente's reaction
1.08am
CEST
01:08
Luis de la Fuente's reaction
I’m so ‌proud of this generation of footballers who have grown up with this philosophy, remained true to ‌it, made it even better, and set an example as a team and a family – they’re excellent, world-class footballers with exceptional talent.
I’m very moved. Looking back and thinking about them, we’ve won everything, absolutely everything, with this generation of players.
The match should have been decided much earlier .",0,0,0,0,0,0,1
guardian_760517_9,media_mbm,guardian,UK,760517,ESP-ARG Final,2026-07-19,9,,,"Patience beats overreliance on Messi: how the final was won and lost
1.03am
CEST
01:03
Jacob Steinberg
A worrying thought as a tepid first half drew to a close
: was the half-time show going to be better than the football? This was a slog. Argentina could not match Spain’s possession approach but they had ways to level the playing field. There was physicality from Lionel Scaloni’s side, whose aim was to kill the spectacle before taking control in the second half, and they were allowed to take it",1,1,0,0,0,0,1
guardian_760517_10,media_mbm,guardian,UK,760517,ESP-ARG Final,2026-07-19,10,,,"12.51am
CEST
00:51
The
World Cup
roll of honour
5
Brazil
4
Italy, Germany
3
Argentina
2
Uruguay, France,
Spain
1
England",0,0,0,0,0,0,0
guardian_760517_11,media_mbm,guardian,UK,760517,ESP-ARG Final,2026-07-19,11,,,"Spain 1-0 Argentina (aet): 2026 World Cup final player ratings
12.42am
CEST
00:42
As
Spain
head up to collect their medals – and the trophy – here are Ed Aarons’ player ratings from the final. Rodri 9, Enzo Fernández 3.
Spain 1-0 Argentina (aet): 2026 World Cup final player ratings
Read more",0,0,0,0,0,0,0
guardian_760517_12,media_mbm,guardian,UK,760517,ESP-ARG Final,2026-07-19,12,,,"12.40am
CEST
00:40
Argentina
go up and collect their silver medals, and it’s all too much for Lionel Messi. Having worn a downbeat, bemused expression since the final whistle, the tears now start to flow. It’s almost certain that the greatest player of all time has played his last World Cup match, and that’s sad whoever you support.
Photograph: Sarah Yenesel/EPA
Updated
at 12.41am CEST",0,0,0,0,0,0,0
guardian_760517_13,media_mbm,guardian,UK,760517,ESP-ARG Final,2026-07-19,13,,,"Golden Boot: World Cup 2026 top goalscorers
12.39am
CEST
00:39
The Golden Boot goes to Kylian Mbappé, although he’s not here to receive any award in person. The France forward scored 10 goals, with Messi unable to overtake him in this year’s chart or the all-time standings today.
Golden Boot: World Cup 2026 top goalscorers
Read more",0,0,1,0,0,0,0
guardian_760517_14,media_mbm,guardian,UK,760517,ESP-ARG Final,2026-07-19,14,,,"Spain win World Cup after Ferran Torres breaks 10-man Argentina’s resistance
12.24am
CEST
00:24
Here is David Hytner’s match report from the New York New Jersey Stadium, as we will never have to call it again after tonight.
Spain win World Cup after Ferran Torres breaks 10-man Argentina’s resistance
Read more",0,0,0,0,0,0,0
guardian_760517_15,media_mbm,guardian,UK,760517,ESP-ARG Final,2026-07-19,15,,,"Spain win the World Cup after Ferran Torres dethrones 10-man Argentina in extra time
12.08am
CEST
00:08
Matt Hughes
Spain finally broke Argentina’s dogged resistance in extra time
to win the men’s
World Cup
for the second time with a 1-0 victory.
The Barcelona winger Ferran Torres scored the only goal of a disjointed game that was almost ruined by Argentina’s deliberate spoiling tactics, which backfired when they were reduced to 10 men for extra time by the late dismissal of Enzo Fernández for t",0,1,1,0,0,0,0
guardian_760517_16,media_mbm,guardian,UK,760517,ESP-ARG Final,2026-07-19,16,,,"Paredes sent off after the final whistle
12.07am
CEST
00:07
Paredes sent off after the final whistle
As in 1990, Argentina’s attempt to defend their trophy has ended with two men being sent off in the final. Paredes could have been sent off several times during the game.
One of the
Argentina
players punched a Spanish substitute in the stomach as well. Can you be given a retrospective red card for incidents after the final whistle?
Genuinely pathetic from Leandro Paredes Photograph: Amanda Perobe",0,1,0,0,0,0,0
guardian_760517_17,media_mbm,guardian,UK,760517,ESP-ARG Final,2026-07-19,17,,,"12.06am
CEST
00:06
Spain have become the first team to hold the
World Cup
in both men’s and women’s football.
Their triumph at this tournament brooks no argument. They’re the purest football team in the world
and
the best.
It took them a long time to break down a fiercely resilient
Argentina
, but Ferran Torres assumed the Iniesta role by scoring the winning goal in the 106th minute.
Interactive
Updated
at 12.20am CEST",0,0,1,0,0,0,0
guardian_760517_18,media_mbm,guardian,UK,760517,ESP-ARG Final,2026-07-19,18,,,"12.03am
CEST
00:03
There’s some aggro in the middle of the pitch
, and apparently Paredes is throwing punches. What a bedside manner.
Gavi clashes with Argentina’s Leandro Paredes at full-time. Such terrible sportsmanship from Argentina. Photograph: Kai Pfaffenbach/Reuters
Updated
at 12.28am CEST",0,0,0,0,0,0,0
guardian_760517_19,media_mbm,guardian,UK,760517,ESP-ARG Final,2026-07-19,19,,,"Full time: Spain 1-0 Argentina
12.02am
CEST
00:02
Full time: Spain 1-0 Argentina
Spain
are world champions!
Updated
at 12.28am CEST",0,0,0,0,0,0,0
guardian_760517_20,media_mbm,guardian,UK,760517,ESP-ARG Final,2026-07-19,20,120.02,120.02,"120+2 min: Great chance for Simeone!
11.59pm
CEST
23:59
120+2 min: Great chance for Simeone!
Messi’s near-post corner is only half cleared to Simeone, who is leaning backwards and shoots over from 10 yards! That’s Argentina’s best chance of the game by a mile.
Updated
at 12.38am CEST",0,0,0,0,0,0,0
guardian_760517_21,media_mbm,guardian,UK,760517,ESP-ARG Final,2026-07-19,21,120.02,120.02,"120+2 min: Great chance for Simeone!
11.59pm
CEST
23:59
120+2 min: Great chance for Simeone!
Messi’s near-post corner is only half cleared to Simeone, who is leaning backwards and shoots over from 10 yards! That’s Argentina’s best chance of the game by a mile.
Updated
at 12.38am CEST",0,0,0,0,0,0,0
guardian_760517_22,media_mbm,guardian,UK,760517,ESP-ARG Final,2026-07-19,22,2.0,2.0,"120+2 min: Great chance for Simeone!
11.59pm
CEST
23:59
120+2 min: Great chance for Simeone!
Messi’s near-post corner is only half cleared to Simeone, who is leaning backwards and shoots over from 10 yards! That’s Argentina’s best chance of the game by a mile.
Updated
at 12.38am CEST",0,0,0,0,0,0,0
guardian_760517_23,media_mbm,guardian,UK,760517,ESP-ARG Final,2026-07-19,23,2.0,2.0,"120+2 min: Great chance for Simeone!
11.59pm
CEST
23:59
120+2 min: Great chance for Simeone!
Messi’s near-post corner is only half cleared to Simeone, who is leaning backwards and shoots over from 10 yards! That’s Argentina’s best chance of the game by a mile.
Updated
at 12.38am CEST",0,0,0,0,0,0,0
guardian_760517_24,media_mbm,guardian,UK,760517,ESP-ARG Final,2026-07-19,24,120.01,120.01,"11.58pm
CEST
23:58
120+1 min
Five minutes of added time. Blimey.",0,0,0,0,0,0,0
guardian_760517_25,media_mbm,guardian,UK,760517,ESP-ARG Final,2026-07-19,25,1.0,1.0,"11.58pm
CEST
23:58
120+1 min
Five minutes of added time. Blimey.",0,0,0,0,0,0,0
guardian_760517_26,media_mbm,guardian,UK,760517,ESP-ARG Final,2026-07-19,26,120.0,120.0,"120 min: Chance for Argentina!
11.58pm
CEST
23:58
120 min: Chance for Argentina!
So close to an equaliser! After a short free-kick from Messi, Simeone got round the back and hammered a low cross that was brilliantly turned past the near post by Cubarsi. He had to make that.
Updated
at 12.38am CEST",1,0,0,0,0,0,0
guardian_760517_27,media_mbm,guardian,UK,760517,ESP-ARG Final,2026-07-19,27,120.0,120.0,"120 min: Chance for Argentina!
11.58pm
CEST
23:58
120 min: Chance for Argentina!
So close to an equaliser! After a short free-kick from Messi, Simeone got round the back and hammered a low cross that was brilliantly turned past the near post by Cubarsi. He had to make that.
Updated
at 12.38am CEST",1,0,0,0,0,0,0
guardian_760517_28,media_mbm,guardian,UK,760517,ESP-ARG Final,2026-07-19,28,117.0,117.0,"11.55pm
CEST
23:55
117 min
Messi collects a bouncing ball 25 yards out and wallops a shot that smashes Merino straight in the coupon, knocking him off his feet. That’s Argentina’s first attempt at goal all night; their xG is now 0.04.
Play is stopped while Merino is checked for concussion.
Updated
at 11.55pm CEST",0,0,1,0,0,0,0
guardian_760517_29,media_mbm,guardian,UK,760517,ESP-ARG Final,2026-07-19,29,116.0,116.0,"11.54pm
CEST
23:54
116 min
What the hell was that? Williams beats Molina on the left, moves into the area and tries to find Torres with a showboaty flick when a simple low pass would suffice. He makes a total mess of it and knocks the ball out of of a goalkick.
If Spain don’t win the
World Cup
, he’ll regret that for the rest of his natural-born days.
Updated
at 11.58pm CEST",0,0,0,0,0,0,0
guardian_760517_30,media_mbm,guardian,UK,760517,ESP-ARG Final,2026-07-19,30,115.0,115.0,"11.52pm
CEST
23:52
115 min
Messi takes a short corner on the right, gets it back and curls a big, dipping cross that briefly startles Simon before landing on the roof of the net.
Updated
at 11.53pm CEST",0,0,0,0,0,0,0
guardian_760517_31,media_mbm,guardian,UK,760517,ESP-ARG Final,2026-07-19,31,115.0,115.0,"11.52pm
CEST
23:52
115 min
Ferran Torres is a very good player, not a great one. But he is a few minutes away from joining the best club in world football.
These are the men who have scored the winning goal in a
World Cup
final: Angelo Schiavio, Alcides Ghiggia,
Helmut Rahn, Gerd Muller, Jorge Burruchaga, Andreas Brehme, Andres Iniesta, Mario Gotze.
Updated
at 12.38am CEST",0,0,1,0,0,0,0
guardian_760517_32,media_mbm,guardian,UK,760517,ESP-ARG Final,2026-07-19,32,114.0,114.0,"11.51pm
CEST
23:51
114 min: Torres has a goal disallowed
. It looked very tight as he ran through from the halfway line to beat Martinez, but the semi-automated technology confirmed the decision straight away.
Ferran Torres is a fraction offside. Photograph: John Sibley/Reuters
Updated
at 11.59pm CEST",0,0,1,0,0,0,0
guardian_760517_33,media_mbm,guardian,UK,760517,ESP-ARG Final,2026-07-19,33,111.0,111.0,"11.49pm
CEST
23:49
111 min
Mac Allister is booked for a foul on somebody or other.
Argentina
look semi-resigned to their fate.",1,1,0,0,0,0,0
guardian_760517_34,media_mbm,guardian,UK,760517,ESP-ARG Final,2026-07-19,34,110.0,110.0,"11.47pm
CEST
23:47
110 min
That was Spain’s 20th attempt at goal, 12 on target. Argentin- ah you know that.",0,0,1,0,0,0,0
guardian_760517_35,media_mbm,guardian,UK,760517,ESP-ARG Final,2026-07-19,35,108.0,108.0,"11.46pm
CEST
23:46
108 min
If
Argentina
win the World Cup from here, they will go down as football’s greatest mentality monsters.",0,0,0,0,0,0,0
guardian_760517_36,media_mbm,guardian,UK,760517,ESP-ARG Final,2026-07-19,36,,,"GOAL! Spain 1-0 Argentina (Torres 106)
11.44pm
CEST
23:44
GOAL! Spain 1-0 Argentina (Torres 106)
Ferran Torres has won the
World Cup
for Spain*!
* Probably
Oh, what a goal from Ferran Torres! Photograph: Kai Pfaffenbach/Reuters
Photograph: Martin Rickett/PA
Photograph: Franck Fife/AFP/Getty Images
Photograph: Jewel Samad/AFP/Getty Images
Photograph: John Sibley/Reuters
Updated
at 11.47pm CEST",0,0,1,0,0,0,0
marca_760517_0,media_mbm,marca,ES,760517,ESP-ARG Final,2026-07-19,0,,,Foul by Marc Cucurella (Spain).,1,0,0,0,0,0,0
marca_760517_1,media_mbm,marca,ES,760517,ESP-ARG Final,2026-07-19,1,,,Nicolás Otamendi (Argentina) wins a free kick in the defensive half.,1,0,0,0,0,0,0
marca_760517_2,media_mbm,marca,ES,760517,ESP-ARG Final,2026-07-19,2,,,Foul by Eric García (Spain).,1,0,0,0,0,0,0
marca_760517_3,media_mbm,marca,ES,760517,ESP-ARG Final,2026-07-19,3,,,Nicolás Otamendi (Argentina) wins a free kick in the defensive half.,1,0,0,0,0,0,0
marca_760517_4,media_mbm,marca,ES,760517,ESP-ARG Final,2026-07-19,4,,,Pau Cubarsí (Spain) wins a free kick in the defensive half.,1,0,0,0,0,0,0
marca_760517_5,media_mbm,marca,ES,760517,ESP-ARG Final,2026-07-19,5,,,Foul by Nicolás Tagliafico (Argentina).,1,0,0,0,0,0,0
marca_760517_6,media_mbm,marca,ES,760517,ESP-ARG Final,2026-07-19,6,,,FIVE minutes added on. Spain are about to become world champions for the second time in their history. La Roja on the brink of glory!,0,1,0,0,0,0,0
marca_760517_7,media_mbm,marca,ES,760517,ESP-ARG Final,2026-07-19,7,,,Foul by Nico Williams (Spain).,1,0,0,0,0,0,0
marca_760517_8,media_mbm,marca,ES,760517,ESP-ARG Final,2026-07-19,8,,,Foul by Nico Williams (Spain).,1,0,0,0,0,0,0
marca_760517_9,media_mbm,marca,ES,760517,ESP-ARG Final,2026-07-19,9,,,Leandro Paredes (Argentina) wins a free kick on the right wing.,1,0,0,0,0,0,0
marca_760517_10,media_mbm,marca,ES,760517,ESP-ARG Final,2026-07-19,10,,,Mikel Merino (Spain) wins a free kick in the defensive half.,1,0,0,0,0,0,0
marca_760517_11,media_mbm,marca,ES,760517,ESP-ARG Final,2026-07-19,11,,,Foul by Nicolás Tagliafico (Argentina).,1,0,0,0,0,0,0
marca_760517_12,media_mbm,marca,ES,760517,ESP-ARG Final,2026-07-19,12,,,Alexis Mac Allister (Argentina) is shown the yellow card for a bad foul.,1,1,0,0,0,0,1
marca_760517_13,media_mbm,marca,ES,760517,ESP-ARG Final,2026-07-19,13,,,A deserved scoreline for Spain. They have been the only team trying to create something all game. Their World Cup campaign has been truly historic. La Roja will be champions of the world for a second time.,0,1,1,0,0,0,0
marca_760517_14,media_mbm,marca,ES,760517,ESP-ARG Final,2026-07-19,14,,,Foul by Alexis Mac Allister (Argentina).,1,0,0,0,0,0,0
marca_760517_15,media_mbm,marca,ES,760517,ESP-ARG Final,2026-07-19,15,,,Marc Cucurella (Spain) wins a free kick in the defensive half.,1,0,0,0,0,0,0
marca_760517_16,media_mbm,marca,ES,760517,ESP-ARG Final,2026-07-19,16,,,"La Roja are on the verge of the title. Götze and Torres, two names Argentina fans will never want to hear again.",0,1,0,0,0,0,0
marca_760517_17,media_mbm,marca,ES,760517,ESP-ARG Final,2026-07-19,17,,,Foul by Lamine Yamal (Spain).,1,0,0,0,0,0,0
marca_760517_18,media_mbm,marca,ES,760517,ESP-ARG Final,2026-07-19,18,,,Nicolás Tagliafico (Argentina) wins a free kick in the attacking half.,1,0,0,0,0,0,0
marca_760517_19,media_mbm,marca,ES,760517,ESP-ARG Final,2026-07-19,19,,,"There it is! Ferran Torres scores for Spain, his first goal of the tournament. That should seal the win. An Argentina comeback now looks almost impossible. La Roja are champions!",0,1,1,0,0,0,0
marca_760517_20,media_mbm,marca,ES,760517,ESP-ARG Final,2026-07-19,20,,,Pedro Porro (Spain) wins a free kick in the defensive half.,1,0,0,0,0,0,0
marca_760517_21,media_mbm,marca,ES,760517,ESP-ARG Final,2026-07-19,21,,,Foul by Giuliano Simeone (Argentina).,1,0,0,0,0,0,0
marca_760517_22,media_mbm,marca,ES,760517,ESP-ARG Final,2026-07-19,22,,,", many felt he should have been sent off in the semi-final against England for a controversial tackle.",0,0,0,0,0,0,1
marca_760517_23,media_mbm,marca,ES,760517,ESP-ARG Final,2026-07-19,23,,,Pau Cubarsí (Spain) wins a free kick in the defensive half.,1,0,0,0,0,0,0
marca_760517_24,media_mbm,marca,ES,760517,ESP-ARG Final,2026-07-19,24,,,Foul by Lionel Messi (Argentina).,1,0,0,0,0,0,0
marca_760517_25,media_mbm,marca,ES,760517,ESP-ARG Final,2026-07-19,25,,,"Goal disallowed for a foul on Nico Williams after the referee consults VAR. No obvious foul from any angle, another controversy involving Argentina.",1,0,1,1,0,0,0
marca_760517_26,media_mbm,marca,ES,760517,ESP-ARG Final,2026-07-19,26,,,Foul by Mikel Merino (Spain).,1,0,0,0,0,0,0
marca_760517_27,media_mbm,marca,ES,760517,ESP-ARG Final,2026-07-19,27,,,Aymeric Laporte (Spain) wins a free kick in the defensive half.,1,0,0,0,0,0,0
marca_760517_28,media_mbm,marca,ES,760517,ESP-ARG Final,2026-07-19,28,,,Foul by Giuliano Simeone (Argentina).,1,0,0,0,0,0,0
marca_760517_29,media_mbm,marca,ES,760517,ESP-ARG Final,2026-07-19,29,,,Alexis Mac Allister (Argentina) wins a free kick in the defensive half.,1,0,0,0,0,0,0
marca_760517_30,media_mbm,marca,ES,760517,ESP-ARG Final,2026-07-19,30,,,Foul by Pedro Porro (Spain).,1,0,0,0,0,0,0
marca_760517_31,media_mbm,marca,ES,760517,ESP-ARG Final,2026-07-19,31,,,Nicolás Tagliafico (Argentina) wins a free kick in the defensive half.,1,0,0,0,0,0,0
marca_760517_32,media_mbm,marca,ES,760517,ESP-ARG Final,2026-07-19,32,,,Ferran Torres (Spain) wins a free kick in the attacking half.,1,0,0,0,0,0,0
marca_760517_33,media_mbm,marca,ES,760517,ESP-ARG Final,2026-07-19,33,,,Foul by Leandro Paredes (Argentina).,1,0,0,0,0,0,0
marca_760517_34,media_mbm,marca,ES,760517,ESP-ARG Final,2026-07-19,34,,,"Argentina's first real chance came in the 92nd minute. But immediately after, Enzo Fernández picks up a second yellow, and he's sent off!",0,1,0,0,0,0,0
marca_760517_35,media_mbm,marca,ES,760517,ESP-ARG Final,2026-07-19,35,,,Second yellow card to Enzo Fernández (Argentina) for a bad foul.,1,1,0,0,0,0,1
marca_760517_36,media_mbm,marca,ES,760517,ESP-ARG Final,2026-07-19,36,,,Pau Cubarsí (Spain) wins a free kick in the attacking half.,1,0,0,0,0,0,0
marca_760517_37,media_mbm,marca,ES,760517,ESP-ARG Final,2026-07-19,37,,,Foul by Enzo Fernández (Argentina).,1,0,0,0,0,0,0
marca_760517_38,media_mbm,marca,ES,760517,ESP-ARG Final,2026-07-19,38,,,Foul by Aymeric Laporte (Spain).,1,0,0,0,0,0,0
marca_760517_39,media_mbm,marca,ES,760517,ESP-ARG Final,2026-07-19,39,,,Lionel Messi (Argentina) wins a free kick in the attacking half.,1,0,0,0,0,0,0
marca_760517_40,media_mbm,marca,ES,760517,ESP-ARG Final,2026-07-19,40,,,Foul by Ferran Torres (Spain).,1,0,0,0,0,0,0
marca_760517_41,media_mbm,marca,ES,760517,ESP-ARG Final,2026-07-19,41,,,Mikel Merino (Spain) wins a free kick in the defensive half.,1,0,0,0,0,0,0
marca_760517_42,media_mbm,marca,ES,760517,ESP-ARG Final,2026-07-19,42,,,Foul by Enzo Fernández (Argentina).,1,0,0,0,0,0,0
marca_760517_43,media_mbm,marca,ES,760517,ESP-ARG Final,2026-07-19,43,,,(Spain) wins a free kick in the attacking half.,1,0,0,0,0,0,0
marca_760517_44,media_mbm,marca,ES,760517,ESP-ARG Final,2026-07-19,44,,,Enzo Fernández (Argentina) is shown the yellow card.,0,1,0,0,0,0,0
marca_760517_45,media_mbm,marca,ES,760517,ESP-ARG Final,2026-07-19,45,,,Foul by Giuliano Simeone (Argentina).,1,0,0,0,0,0,0
marca_760517_46,media_mbm,marca,ES,760517,ESP-ARG Final,2026-07-19,46,,,Marc Cucurella (Spain) wins a free kick in the defensive half.,1,0,0,0,0,0,0
marca_760517_47,media_mbm,marca,ES,760517,ESP-ARG Final,2026-07-19,47,,,Mikel Merino (Spain) wins a free kick in the attacking half.,1,0,0,0,0,0,0
marca_760517_48,media_mbm,marca,ES,760517,ESP-ARG Final,2026-07-19,48,,,Foul by Leandro Paredes (Argentina).,1,0,0,0,0,0,0
marca_760517_49,media_mbm,marca,ES,760517,ESP-ARG Final,2026-07-19,49,,,"After the hydration break, Argentina will surely try something different. Spain's dominance after 64 minutes has been truly surprising. La Roja still in complete control.",0,1,0,0,0,0,0
marca_760517_50,media_mbm,marca,ES,760517,ESP-ARG Final,2026-07-19,50,,,Ferran Torres (Spain) wins a free kick on the right wing.,1,0,0,0,0,0,0
marca_760517_51,media_mbm,marca,ES,760517,ESP-ARG Final,2026-07-19,51,,,Foul by Nicolás Otamendi (Argentina).,1,0,0,0,0,0,0
marca_760517_52,media_mbm,marca,ES,760517,ESP-ARG Final,2026-07-19,52,,,Pedro Porro (Spain) wins a free kick in the attacking half.,1,0,0,0,0,0,0
marca_760517_53,media_mbm,marca,ES,760517,ESP-ARG Final,2026-07-19,53,,,Foul by Leandro Paredes (Argentina).,1,0,0,0,0,0,0
marca_760517_54,media_mbm,marca,ES,760517,ESP-ARG Final,2026-07-19,54,,,Spain are getting closer to a goal with their brilliant team play. It's incredible to watch how the players connect and move the ball together. La Roja in full flow right now.,0,1,1,0,0,0,0
marca_760517_55,media_mbm,marca,ES,760517,ESP-ARG Final,2026-07-19,55,,,Aymeric Laporte (Spain) wins a free kick in the defensive half.,1,0,0,0,0,0,0
marca_760517_56,media_mbm,marca,ES,760517,ESP-ARG Final,2026-07-19,56,,,Foul by Julián Alvarez (Argentina).,1,0,0,0,0,0,0
marca_760517_57,media_mbm,marca,ES,760517,ESP-ARG Final,2026-07-19,57,,,Foul by Álex Baena (Spain).,1,0,0,0,0,0,0
marca_760517_58,media_mbm,marca,ES,760517,ESP-ARG Final,2026-07-19,58,,,Gonzalo Montiel (Argentina) wins a free kick in the defensive half.,1,0,0,0,0,0,0
marca_760517_59,media_mbm,marca,ES,760517,ESP-ARG Final,2026-07-19,59,,,"Play stopped for a needless foul by Paredes on Rodri. The Argentine is booked, the second yellow card of the match.",1,1,0,0,0,0,0
marca_760517_60,media_mbm,marca,ES,760517,ESP-ARG Final,2026-07-19,60,,,Foul by Pedro Porro (Spain).,1,0,0,0,0,0,0
marca_760517_61,media_mbm,marca,ES,760517,ESP-ARG Final,2026-07-19,61,,,Julián Alvarez (Argentina) wins a free kick in the defensive half.,1,0,0,0,0,0,0
marca_760517_62,media_mbm,marca,ES,760517,ESP-ARG Final,2026-07-19,62,,,Leandro Paredes (Argentina) is shown the yellow card.,0,1,0,0,0,0,0
marca_760517_63,media_mbm,marca,ES,760517,ESP-ARG Final,2026-07-19,63,,,Rodri (Spain) wins a free kick in the attacking half.,1,0,0,0,0,0,0
marca_760517_64,media_mbm,marca,ES,760517,ESP-ARG Final,2026-07-19,64,,,Foul by Leandro Paredes (Argentina).,1,0,0,0,0,0,0
marca_760517_65,media_mbm,marca,ES,760517,ESP-ARG Final,2026-07-19,65,,,Foul by Álex Baena (Spain).,1,0,0,0,0,0,0
marca_760517_66,media_mbm,marca,ES,760517,ESP-ARG Final,2026-07-19,66,,,Gonzalo Montiel (Argentina) wins a free kick on the right wing.,1,0,0,0,0,0,0
marca_760517_67,media_mbm,marca,ES,760517,ESP-ARG Final,2026-07-19,67,,,Foul by Álex Baena (Spain).,1,0,0,0,0,0,0
marca_760517_68,media_mbm,marca,ES,760517,ESP-ARG Final,2026-07-19,68,,,Rodrigo De Paul (Argentina) wins a free kick in the defensive half.,1,0,0,0,0,0,0
marca_760517_69,media_mbm,marca,ES,760517,ESP-ARG Final,2026-07-19,69,,,Foul by Mikel Oyarzabal (Spain).,1,0,0,0,0,0,0
marca_760517_70,media_mbm,marca,ES,760517,ESP-ARG Final,2026-07-19,70,,,Change for Argentina in defence. Veteran Nicolás Otamendi comes on for the booked and possibly injured Lisandro Martínez. Tough blow for the champion.,0,1,0,0,0,0,0
marca_760517_71,media_mbm,marca,ES,760517,ESP-ARG Final,2026-07-19,71,,,First yellow card of the match for Argentina's Lisandro Martínez after stopping a Spain attack. Argentina are nowhere to be seen right now. Spain completely dominating the game.,0,1,0,0,0,0,0
marca_760517_72,media_mbm,marca,ES,760517,ESP-ARG Final,2026-07-19,72,,,Lisandro Martínez (Argentina) is shown the yellow card for a bad foul.,1,1,0,0,0,0,1
marca_760517_73,media_mbm,marca,ES,760517,ESP-ARG Final,2026-07-19,73,,,Mikel Oyarzabal (Spain) wins a free kick in the defensive half.,1,0,0,0,0,0,0
marca_760517_74,media_mbm,marca,ES,760517,ESP-ARG Final,2026-07-19,74,,,Foul by Lisandro Martínez (Argentina).,1,0,0,0,0,0,0
marca_760517_75,media_mbm,marca,ES,760517,ESP-ARG Final,2026-07-19,75,,,The last two minutes have been total Spain dominance. Argentina are only touching the ball to clear it and send their forwards on the attack. La Roja firmly in control.,0,1,0,0,0,0,0
marca_760517_76,media_mbm,marca,ES,760517,ESP-ARG Final,2026-07-19,76,,,"Very little from Argentina in attack so far. But that's been the story for most of Spain's opponents, no wonder La Roja have conceded just one goal all tournament.",0,1,1,0,0,0,0
marca_760517_77,media_mbm,marca,ES,760517,ESP-ARG Final,2026-07-19,77,,,Rodri (Spain) wins a free kick in the defensive half.,1,0,0,0,0,0,0
marca_760517_78,media_mbm,marca,ES,760517,ESP-ARG Final,2026-07-19,78,,,Foul by Julián Alvarez (Argentina).,1,0,0,0,0,0,0
marca_760517_79,media_mbm,marca,ES,760517,ESP-ARG Final,2026-07-19,79,,,Rodri (Spain) wins a free kick in the defensive half.,1,0,0,0,0,0,0
marca_760517_80,media_mbm,marca,ES,760517,ESP-ARG Final,2026-07-19,80,,,Foul by Nicolás Tagliafico (Argentina).,1,0,0,0,0,0,0
marca_760517_81,media_mbm,marca,ES,760517,ESP-ARG Final,2026-07-19,81,,,Pedro Porro (Spain) wins a free kick in the defensive half.,1,0,0,0,0,0,0
marca_760517_82,media_mbm,marca,ES,760517,ESP-ARG Final,2026-07-19,82,,,Foul by Julián Alvarez (Argentina).,1,0,0,0,0,0,0
marca_760517_83,media_mbm,marca,ES,760517,ESP-ARG Final,2026-07-19,83,,,Alexis Mac Allister (Argentina) wins a free kick on the left wing.,1,0,0,0,0,0,0
marca_760517_84,media_mbm,marca,ES,760517,ESP-ARG Final,2026-07-19,84,,,Lamine Yamal (Spain) wins a free kick in the defensive half.,1,0,0,0,0,0,0
marca_760517_85,media_mbm,marca,ES,760517,ESP-ARG Final,2026-07-19,85,,,Foul by Nicolás Tagliafico (Argentina).,1,0,0,0,0,0,0
marca_760517_86,media_mbm,marca,ES,760517,ESP-ARG Final,2026-07-19,86,,,Lionel Messi (Argentina) wins a free kick in the defensive half.,1,0,0,0,0,0,0
marca_760517_87,media_mbm,marca,ES,760517,ESP-ARG Final,2026-07-19,87,,,Foul by Dani Olmo (Spain).,1,0,0,0,0,0,0
marca_760517_88,media_mbm,marca,ES,760517,ESP-ARG Final,2026-07-19,88,,,Enzo Fernández (Argentina) wins a free kick in the defensive half.,1,0,0,0,0,0,0
marca_760517_89,media_mbm,marca,ES,760517,ESP-ARG Final,2026-07-19,89,,,Dani Olmo (Spain) wins a free kick in the defensive half.,1,0,0,0,0,0,0
marca_760517_90,media_mbm,marca,ES,760517,ESP-ARG Final,2026-07-19,90,,,Foul by Nicolás Tagliafico (Argentina).,1,0,0,0,0,0,0
marca_760517_91,media_mbm,marca,ES,760517,ESP-ARG Final,2026-07-19,91,,,"The first hard foul of the game was clearly committed by Argentina. Alexis Mac Allister took out Olmo with his cleats first, and it could have been a yellow card.",1,1,0,0,0,0,0
marca_760517_92,media_mbm,marca,ES,760517,ESP-ARG Final,2026-07-19,92,,,Foul by Álex Baena (Spain).,1,0,0,0,0,0,0
marca_760517_93,media_mbm,marca,ES,760517,ESP-ARG Final,2026-07-19,93,,,Lionel Messi (Argentina) wins a free kick in the attacking half.,1,0,0,0,0,0,0
marca_760517_94,media_mbm,marca,ES,760517,ESP-ARG Final,2026-07-19,94,,,Dani Olmo (Spain) wins a free kick in the defensive half.,1,0,0,0,0,0,0
marca_760517_95,media_mbm,marca,ES,760517,ESP-ARG Final,2026-07-19,95,,,Foul by Alexis Mac Allister (Argentina).,1,0,0,0,0,0,0
marca_760517_96,media_mbm,marca,ES,760517,ESP-ARG Final,2026-07-19,96,,,Foul by Lamine Yamal (Spain).,1,0,0,0,0,0,0
marca_760517_97,media_mbm,marca,ES,760517,ESP-ARG Final,2026-07-19,97,,,Nicolás Tagliafico (Argentina) wins a free kick in the defensive half.,1,0,0,0,0,0,0
marca_760517_98,media_mbm,marca,ES,760517,ESP-ARG Final,2026-07-19,98,,,Foul by Gonzalo Montiel (Argentina).,1,0,0,0,0,0,0
marca_760517_99,media_mbm,marca,ES,760517,ESP-ARG Final,2026-07-19,99,,,Álex Baena (Spain) wins a free kick in the defensive half.,1,0,0,0,0,0,0
marca_760517_100,media_mbm,marca,ES,760517,ESP-ARG Final,2026-07-19,100,,,Foul by Pedro Porro (Spain).,1,0,0,0,0,0,0
marca_760517_101,media_mbm,marca,ES,760517,ESP-ARG Final,2026-07-19,101,,,Nico González (Argentina) wins a free kick in the defensive half.,1,0,0,0,0,0,0
marca_760517_102,media_mbm,marca,ES,760517,ESP-ARG Final,2026-07-19,102,,,". After a nervy 0-0 draw against Cape Verde in their opening game, La Roja have reeled off",0,1,0,0,0,0,0
marca_es_760517_0,media_mbm,marca_es,ES,760517,ESP-ARG Final,2026-07-19,0,1.0,1.0,", en DAZN: ""Por toda mi familia que se ha quedado allí, que me han apoyado desde el minuto 1. No me lo creo, qué te voy a decir"".",0,0,0,0,0,0,0
marca_es_760517_1,media_mbm,marca_es,ES,760517,ESP-ARG Final,2026-07-19,1,116.0,116.0,"La tarde que todo ser humano desea tener. Con todo el planeta mirando y defendiendo la camiseta de tu país, marcar el gol que te da una Copa del Mundo. Ferrán Torres entró de lleno en la historia del fútbol español con el 1-0 ante Argentina en la segunda parte de la prórroga. Del 116' de Iniesta en Johannesburgo al 106' de Ferrán en Nueva Jersey.",0,0,0,0,0,0,0
marca_es_760517_2,media_mbm,marca_es,ES,760517,ESP-ARG Final,2026-07-19,2,106.0,106.0,"La tarde que todo ser humano desea tener. Con todo el planeta mirando y defendiendo la camiseta de tu país, marcar el gol que te da una Copa del Mundo. Ferrán Torres entró de lleno en la historia del fútbol español con el 1-0 ante Argentina en la segunda parte de la prórroga. Del 116' de Iniesta en Johannesburgo al 106' de Ferrán en Nueva Jersey.",0,0,0,0,0,0,0
marca_es_760517_3,media_mbm,marca_es,ES,760517,ESP-ARG Final,2026-07-19,3,,,"""Argentina ha planteado este tipo de partido y más con la expulsión pero he mantenido las pulsaciones"".",0,1,0,0,0,0,0
marca_es_760517_4,media_mbm,marca_es,ES,760517,ESP-ARG Final,2026-07-19,4,,,La escondió bien España pero hay falta de Cucurella. Va a ser la última de Argentina.,1,0,0,0,0,0,0
marca_es_760517_5,media_mbm,marca_es,ES,760517,ESP-ARG Final,2026-07-19,5,,,Y otra falta... La va a colgar de nuevo Argentina.,1,0,0,0,0,0,0
marca_es_760517_6,media_mbm,marca_es,ES,760517,ESP-ARG Final,2026-07-19,6,,,Falta en ataque de Argentina. Respira España y gana segundos.,1,0,0,0,0,0,0
marca_es_760517_7,media_mbm,marca_es,ES,760517,ESP-ARG Final,2026-07-19,7,,,Falta de MacAllister sobre Mikel Merino y amarilla.,1,1,0,0,0,0,0
marca_es_760517_8,media_mbm,marca_es,ES,760517,ESP-ARG Final,2026-07-19,8,,,"Balón largo de Messi buscando a Giuliano, se queda parado y pide falta de Cucurella, pero no pica el árbitro.",1,0,0,0,0,0,0
marca_es_760517_9,media_mbm,marca_es,ES,760517,ESP-ARG Final,2026-07-19,9,,,"Falta de Messi sobre Cubarsí, pita Vincic, pelotazo de Messi para perder tiempo y no hay amarilla.",1,1,0,0,0,0,0
marca_es_760517_10,media_mbm,marca_es,ES,760517,ESP-ARG Final,2026-07-19,10,,,Slavko Vincic enseña la tarjeta roja a Enzo Fernández.,0,1,0,0,0,0,0
marca_es_760517_11,media_mbm,marca_es,ES,760517,ESP-ARG Final,2026-07-19,11,,,"La roja de Enzo, clarísima.",0,1,0,0,0,0,0
marca_es_760517_12,media_mbm,marca_es,ES,760517,ESP-ARG Final,2026-07-19,12,,,La entrada de Enzo Fernández Pau Cubarsí que terminó con la expulsión del argentino al ver la segunda amarilla,0,1,0,0,0,0,0
marca_es_760517_13,media_mbm,marca_es,ES,760517,ESP-ARG Final,2026-07-19,13,,,Argentina ha recibido ahora más tarjetas rojas en las finales de la Copa del Mundo que cualquier otra nación en la historia del torneo: Monzón y Dezzotti en 1990 y Enzo en 2026,0,1,0,0,0,0,0
marca_es_760517_14,media_mbm,marca_es,ES,760517,ESP-ARG Final,2026-07-19,14,,,La falta es... peligrosísima.,1,0,0,0,0,0,0
marca_es_760517_15,media_mbm,marca_es,ES,760517,ESP-ARG Final,2026-07-19,15,,,"Falta clariiiiiiiiisima en la frontal. Y es de Paredes, que tiene amarilla.",1,1,0,0,0,0,0
marca_es_760517_16,media_mbm,marca_es,ES,760517,ESP-ARG Final,2026-07-19,16,,,"¡¡¡A LA CALLE ENZO FERNÁNDEZ!!! Segunda amarilla clara, ha ido con la plancha a Cubarsí.",1,1,0,0,0,0,1
marca_es_760517_17,media_mbm,marca_es,ES,760517,ESP-ARG Final,2026-07-19,17,,,Pita Vincic falta de Laporte a Messi. La va a colgar Argentina.,1,0,0,0,0,0,0
marca_es_760517_18,media_mbm,marca_es,ES,760517,ESP-ARG Final,2026-07-19,18,,,"Cabezazo de Laporte que se queda el Dibuuuuuuu. Saca rápido el portero de Argentina, se clava Cucurella y le pega Giuliano Simeone un golpe por la espalda lamentable. Sin tarjeta una vez más.",0,1,0,0,0,0,0
marca_es_760517_19,media_mbm,marca_es,ES,760517,ESP-ARG Final,2026-07-19,19,,,"Otra falta de Paredes en el salto a Mikel Merino. No va a tocar el balón, va al bulto siempre.",1,0,0,0,0,0,0
marca_es_760517_20,media_mbm,marca_es,ES,760517,ESP-ARG Final,2026-07-19,20,,,La jugada de la amarilla a Paredes.,0,1,0,0,0,0,0
marca_es_760517_21,media_mbm,marca_es,ES,760517,ESP-ARG Final,2026-07-19,21,,,"Amarilla a Paredes, que lo celebra yendo a provocar a Dani Olmo dándole golpecitos en la espalda.",0,1,0,0,0,0,0
marca_es_760517_22,media_mbm,marca_es,ES,760517,ESP-ARG Final,2026-07-19,22,,,"Antes de caer lesionado, Lisandro vio la primera amarilla de Argentina.",0,1,0,0,0,0,0
marca_es_760517_23,media_mbm,marca_es,ES,760517,ESP-ARG Final,2026-07-19,23,,,"Final muy tensa, muy densa y con un césped que no ayuda en nada al juego español. No hay forma de que corra la bola, no hay manera de sumar dos pases rápidos... y la tensión está haciendo el resto. Oyarzabal está atenazado, Lamine está recibiendo pocos balones, a Baena le falta el último pase... y Argentina, lo que se esperaba. En su juego hasta que consigan cazar una arriba.",1,0,0,0,0,0,0
marca_es_760517_24,media_mbm,marca_es,ES,760517,ESP-ARG Final,2026-07-19,24,,,Se le engancha a Oyarzabal la devolución del pase a Baena y comete falta sobre Messi.,1,0,0,0,0,0,0
marca_es_760517_25,media_mbm,marca_es,ES,760517,ESP-ARG Final,2026-07-19,25,,,. Tenía amarilla y además se ha hecho daño.,0,1,0,0,0,0,0
marca_es_760517_26,media_mbm,marca_es,ES,760517,ESP-ARG Final,2026-07-19,26,,,Parece que se ha lesionado Lisandro Martínez en la acción de la amarilla.,0,1,0,0,0,0,0
marca_es_760517_27,media_mbm,marca_es,ES,760517,ESP-ARG Final,2026-07-19,27,,,"Qué buen partido de Rodri, apareciendo donde hace falta, donde le necesita el equipo para aportar clarividencia al ataque.",1,0,0,0,0,0,0
marca_es_760517_28,media_mbm,marca_es,ES,760517,ESP-ARG Final,2026-07-19,28,,,Una falta le han pitado a favor a Rodri. Le han hecho de todo en la presión.,1,0,0,0,0,0,0
marca_es_760517_29,media_mbm,marca_es,ES,760517,ESP-ARG Final,2026-07-19,29,,,Falta de Rodri sobre MacAllister... la puede colgar Argentina al área.,1,0,0,0,0,0,0
marca_es_760517_30,media_mbm,marca_es,ES,760517,ESP-ARG Final,2026-07-19,30,,,", que le había dejado roto en el suelo. Es una amarilla CLARÍSIMA que se come Vincic.",0,1,0,0,0,0,0
marca_es_760517_31,media_mbm,marca_es,ES,760517,ESP-ARG Final,2026-07-19,31,,,Final del primer cuarto de la final del Mundial. Hoy sí hace falta beber agua.,1,0,0,0,0,0,0
marca_es_760517_32,media_mbm,marca_es,ES,760517,ESP-ARG Final,2026-07-19,32,,,Frena bien Rodri a Messi pero dice Vincic que primero le hizo falta.,1,0,0,0,0,0,0
marca_es_760517_33,media_mbm,marca_es,ES,760517,ESP-ARG Final,2026-07-19,33,,,No pita Vincic una falta clariiiiiiisima sobre Pedro Porro en la frontal. Le devolvió la pared de tacón Oyarzabal.,1,0,0,0,0,0,0
marca_es_760517_34,media_mbm,marca_es,ES,760517,ESP-ARG Final,2026-07-19,34,,,"de uno de los corresponsales que estará presente en el MetLife Stadium, Miguel Ángel Lara, que cubrirá su sexta final de la Copa del Mundo. Ya estuvo en Sudáfrica y 16 años después volverá a estar con 'La Roja' en la cita más importante de nuestras vidas.",0,1,0,0,0,0,0
marca_es_760517_35,media_mbm,marca_es,ES,760517,ESP-ARG Final,2026-07-19,35,80.0,80.0,"Increíble como en los 80's y 90's todos estábamos convencidos que España nunca iba a ganar nada y hoy ya ha visto ganar 3 Eurocopas, 1 mundial y camino del segundo. ¡¡¡Vamos España!!!",0,0,0,0,0,0,0
marca_es_760517_36,media_mbm,marca_es,ES,760517,ESP-ARG Final,2026-07-19,36,90.0,90.0,"Increíble como en los 80's y 90's todos estábamos convencidos que España nunca iba a ganar nada y hoy ya ha visto ganar 3 Eurocopas, 1 mundial y camino del segundo. ¡¡¡Vamos España!!!",0,0,0,0,0,0,0
ole_760517_0,media_mbm,ole,AR,760517,ESP-ARG Final,2026-07-19,0,,,"El tiempo, ya dijimos, era cómplice de Argentina. Los pelotazos a largos a Julián y a González fueron el primer recurso mientras Messi seguía escaneando la cancha. Hasta que Leo pudo despegarse un poco y estaba claro cuál sería la estrategia española. Cortarlo enseguida. Si no se lo puede anticipar, se le hace foul.",1,0,0,0,0,0,0
ole_760517_1,media_mbm,ole,AR,760517,ESP-ARG Final,2026-07-19,1,,,. Tanto que Mac Allister zafó de una amarilla luego de llevárselo puesto a Olmo.,0,1,0,0,0,0,1
ole_760517_2,media_mbm,ole,AR,760517,ESP-ARG Final,2026-07-19,2,,,Argentina pedía a gritos el medio tiempo largo para reacomodar sin antes ganarse la amarilla,0,1,0,0,0,0,0
ole_760517_3,media_mbm,ole,AR,760517,ESP-ARG Final,2026-07-19,3,,,"De esa sensación a la roja de Enzo Fernández pasaron 15 segundos. Una doble amarilla justa por levantar por el aire a Cubarsí. La dupla central lesionada y con uno menos, ¿había forma de plantearse un panorama peor?",0,1,0,0,0,0,0
ole_760517_4,media_mbm,ole,AR,760517,ESP-ARG Final,2026-07-19,4,,,Enzo Fernandez y Una doble amarilla justa por levantar por el aire a Cubarsí. (REUTERS),0,1,0,0,0,0,0
ole_760517_5,media_mbm,ole,AR,760517,ESP-ARG Final,2026-07-19,5,,,"Final caliente: Paredes expulsado por pelearse con Eric y Gavi y el ""lloraron toda la semana"" de Otamendi a Rodri",0,1,0,0,0,0,0
ole_760517_6,media_mbm,ole,AR,760517,ESP-ARG Final,2026-07-19,6,,,Paredes expulsado por pelearse con Eric y Gavi. (AP),0,1,0,0,0,0,0
ole_760517_7,media_mbm,ole,AR,760517,ESP-ARG Final,2026-07-19,7,,,"En medio de los festejos de los españoles, el volante de Boca se cruzó fuertemente con los de Barcelona y vio la roja. Por otro lado, se leyeron clarito los labios del defensor contra el jugador del City.",0,1,0,0,0,0,0
ole_760517_8,media_mbm,ole,AR,760517,ESP-ARG Final,2026-07-19,8,,,"Final caliente: Paredes expulsado por pelearse con Eric y Gavi y el ""lloraron toda la semana"" de Otamendi a Rodri",0,1,0,0,0,0,0
ole_760517_9,media_mbm,ole,AR,760517,ESP-ARG Final,2026-07-19,9,,,La Furia Roja derrotó a la Selección Argentina en la gran final y consiguió la segunda estrella de su historia.,0,1,0,0,0,0,0
ole_760517_10,media_mbm,ole,AR,760517,ESP-ARG Final,2026-07-19,10,1.0,1.0,1' ST | Gol de España: Ferrán Torres,0,0,0,0,0,0,0
ole_760517_11,media_mbm,ole,AR,760517,ESP-ARG Final,2026-07-19,11,46.0,46.0,1' ST | Gol de España: Ferrán Torres,0,0,0,0,0,0,0
ole_760517_12,media_mbm,ole,AR,760517,ESP-ARG Final,2026-07-19,12,,,"En la primera jugada, un centro pasado y un pase atrás fueron las claves para el 1-0 de la Roja.",0,1,0,0,0,0,0
ole_760517_13,media_mbm,ole,AR,760517,ESP-ARG Final,2026-07-19,13,12.0,12.0,12' PT | Última modificación en la Selección,0,0,0,0,0,0,0
ole_760517_14,media_mbm,ole,AR,760517,ESP-ARG Final,2026-07-19,14,9.0,9.0,9' PT | Últimos dos cambios en España,0,0,0,0,0,0,0
ole_760517_15,media_mbm,ole,AR,760517,ESP-ARG Final,2026-07-19,15,6.0,6.0,6' PT | Se salvó la Selección: gol anulado para España,0,0,0,0,0,0,0
ole_760517_16,media_mbm,ole,AR,760517,ESP-ARG Final,2026-07-19,16,,,"Nico Williams metía el 1-0 para la Roja, pero un pisotón de Mikel Merino sobre Nicolás Otamendi anuló la jugada. Bien el árbitro.",0,1,0,0,0,0,0
ole_760517_17,media_mbm,ole,AR,760517,ESP-ARG Final,2026-07-19,17,3.0,3.0,3' PT | ¡Otra vez el Dibu Martínez!,0,0,0,0,0,0,0
ole_760517_18,media_mbm,ole,AR,760517,ESP-ARG Final,2026-07-19,18,8.0,8.0,45+8' ST | Dibu Martínez le sacó el último tiro libre a Lamine Yamal,0,0,0,0,0,0,0
ole_760517_19,media_mbm,ole,AR,760517,ESP-ARG Final,2026-07-19,19,90.08,90.08,45+8' ST | Dibu Martínez le sacó el último tiro libre a Lamine Yamal,0,0,0,0,0,0,0
ole_760517_20,media_mbm,ole,AR,760517,ESP-ARG Final,2026-07-19,20,53.0,53.0,45+8' ST | Dibu Martínez le sacó el último tiro libre a Lamine Yamal,0,0,0,0,0,0,0
ole_760517_21,media_mbm,ole,AR,760517,ESP-ARG Final,2026-07-19,21,3.0,3.0,45+3' ST | Malas noticias para Argentina: roja para Enzo Fernández,0,1,0,0,0,0,0
ole_760517_22,media_mbm,ole,AR,760517,ESP-ARG Final,2026-07-19,22,90.03,90.03,45+3' ST | Malas noticias para Argentina: roja para Enzo Fernández,0,1,0,0,0,0,0
ole_760517_23,media_mbm,ole,AR,760517,ESP-ARG Final,2026-07-19,23,48.0,48.0,45+3' ST | Malas noticias para Argentina: roja para Enzo Fernández,0,1,0,0,0,0,0
ole_760517_24,media_mbm,ole,AR,760517,ESP-ARG Final,2026-07-19,24,,,Segunda amarilla para Enzo Fernandez (EFE).,0,1,0,0,0,0,0
ole_760517_25,media_mbm,ole,AR,760517,ESP-ARG Final,2026-07-19,25,36.0,36.0,36' ST | Volvió a aparecer el Dibu y ya son ocho atajadas en el partido,0,0,0,0,0,0,0
ole_760517_26,media_mbm,ole,AR,760517,ESP-ARG Final,2026-07-19,26,81.0,81.0,36' ST | Volvió a aparecer el Dibu y ya son ocho atajadas en el partido,0,0,0,0,0,0,0
ole_760517_27,media_mbm,ole,AR,760517,ESP-ARG Final,2026-07-19,27,32.0,32.0,32' ST | Otras dos atajadas más del Dibu,0,0,0,0,0,0,0
ole_760517_28,media_mbm,ole,AR,760517,ESP-ARG Final,2026-07-19,28,77.0,77.0,32' ST | Otras dos atajadas más del Dibu,0,0,0,0,0,0,0
ole_760517_29,media_mbm,ole,AR,760517,ESP-ARG Final,2026-07-19,29,30.0,30.0,30' ST | Dos modificaciones en España,0,0,0,0,0,0,0
ole_760517_30,media_mbm,ole,AR,760517,ESP-ARG Final,2026-07-19,30,75.0,75.0,30' ST | Dos modificaciones en España,0,0,0,0,0,0,0
ole_760517_31,media_mbm,ole,AR,760517,ESP-ARG Final,2026-07-19,31,26.0,26.0,26' ST | Últimos dos cambios en Argentina,0,0,0,0,0,0,0
ole_760517_32,media_mbm,ole,AR,760517,ESP-ARG Final,2026-07-19,32,71.0,71.0,26' ST | Últimos dos cambios en Argentina,0,0,0,0,0,0,0
ole_760517_33,media_mbm,ole,AR,760517,ESP-ARG Final,2026-07-19,33,22.0,22.0,22' ST | Dibu Martínez y otra respuesta firma,0,0,0,0,0,0,0
ole_760517_34,media_mbm,ole,AR,760517,ESP-ARG Final,2026-07-19,34,67.0,67.0,22' ST | Dibu Martínez y otra respuesta firma,0,0,0,0,0,0,0
ole_760517_35,media_mbm,ole,AR,760517,ESP-ARG Final,2026-07-19,35,19.0,19.0,19' ST | Otra atajada más del Dibu Martínez,0,0,0,0,0,0,0
ole_760517_36,media_mbm,ole,AR,760517,ESP-ARG Final,2026-07-19,36,64.0,64.0,19' ST | Otra atajada más del Dibu Martínez,0,0,0,0,0,0,0
ole_760517_37,media_mbm,ole,AR,760517,ESP-ARG Final,2026-07-19,37,17.0,17.0,17' ST | Dos cambios en España,0,0,0,0,0,0,0
ole_760517_38,media_mbm,ole,AR,760517,ESP-ARG Final,2026-07-19,38,62.0,62.0,17' ST | Dos cambios en España,0,0,0,0,0,0,0
ole_760517_39,media_mbm,ole,AR,760517,ESP-ARG Final,2026-07-19,39,13.0,13.0,13' ST | Tercera modificación en Argentina: Molina por Montiel,0,0,0,0,0,0,0
ole_760517_40,media_mbm,ole,AR,760517,ESP-ARG Final,2026-07-19,40,58.0,58.0,13' ST | Tercera modificación en Argentina: Molina por Montiel,0,0,0,0,0,0,0
ole_760517_41,media_mbm,ole,AR,760517,ESP-ARG Final,2026-07-19,41,7.0,7.0,7' ST | Segunda amarilla en Argentina: Leandro Paredes,0,1,0,0,0,0,0
ole_760517_42,media_mbm,ole,AR,760517,ESP-ARG Final,2026-07-19,42,52.0,52.0,7' ST | Segunda amarilla en Argentina: Leandro Paredes,0,1,0,0,0,0,0
ole_760517_43,media_mbm,ole,AR,760517,ESP-ARG Final,2026-07-19,43,,,"Tras una falta sin pelota sobre Rodri, empujó a Dani Olmo adelante del árbitro y se ganó la tarjeta.",1,1,0,0,0,0,0
ole_760517_44,media_mbm,ole,AR,760517,ESP-ARG Final,2026-07-19,44,1.0,1.0,1' ST | Argentina salió dormida y España tuvo otra clara,0,0,0,0,0,0,0
ole_760517_45,media_mbm,ole,AR,760517,ESP-ARG Final,2026-07-19,45,46.0,46.0,1' ST | Argentina salió dormida y España tuvo otra clara,0,0,0,0,0,0,0
ole_760517_46,media_mbm,ole,AR,760517,ESP-ARG Final,2026-07-19,46,,,"Tras dos malas salidas de Otamendi y Paredes, la Roja tuvo un remate de afuera que el Dibu controló.",0,1,0,0,0,0,0
ole_760517_47,media_mbm,ole,AR,760517,ESP-ARG Final,2026-07-19,47,44.0,44.0,44' PT | Cambio obligado en la Selección Argentina: Nicolás Otamendi por Lisandro Martínez,0,0,0,0,0,0,0
ole_760517_48,media_mbm,ole,AR,760517,ESP-ARG Final,2026-07-19,48,43.0,43.0,43' PT | Otra llegada clara de España,0,0,0,0,0,0,0
ole_760517_49,media_mbm,ole,AR,760517,ESP-ARG Final,2026-07-19,49,41.0,41.0,41' PT | Primera amarilla en el partido: Lisandro Martínez,0,1,0,0,0,0,0
ole_760517_50,media_mbm,ole,AR,760517,ESP-ARG Final,2026-07-19,50,,,"Tras un claro error en ataque de Rodrigo De Paul, el central tuvo que cortar la contra y se ganó la tarjeta.",0,1,0,0,0,0,0
ole_760517_51,media_mbm,ole,AR,760517,ESP-ARG Final,2026-07-19,51,39.0,39.0,39' PT | Otra buena atajada del Dibu Martínez,0,0,0,0,0,0,0
ole_760517_52,media_mbm,ole,AR,760517,ESP-ARG Final,2026-07-19,52,25.0,25.0,25' PT | Pausa de rehidratación y partido empatado: Argentina 0 - España 0,0,0,0,0,0,0,0
ole_760517_53,media_mbm,ole,AR,760517,ESP-ARG Final,2026-07-19,53,5.0,5.0,5' PT | Primer susto para la Selección Argentina,0,0,0,0,0,0,0
ole_760517_54,media_mbm,ole,AR,760517,ESP-ARG Final,2026-07-19,54,,,¡Falta tan solo una hora para la gran final del Mundial 2026!,1,0,0,0,0,0,0
ole_760517_55,media_mbm,ole,AR,760517,ESP-ARG Final,2026-07-19,55,,,La alfombra roja de la final: qué figuras internacionales verán Argentina-España,0,1,0,0,0,0,0
ole_760517_56,media_mbm,ole,AR,760517,ESP-ARG Final,2026-07-19,56,,,La alfombra roja de la final: qué figuras internacionales fueron a ver Argentina-España,0,1,0,0,0,0,0
ole_760517_57,media_mbm,ole,AR,760517,ESP-ARG Final,2026-07-19,57,,,Argentina y España ya están en el MetLife Stadium: cada vez falta menos para la gran final del Mundial,1,0,0,0,0,0,0
ole_760517_58,media_mbm,ole,AR,760517,ESP-ARG Final,2026-07-19,58,,,"Con 5 minutos de diferencia, la Furia Roja y la Albiceleste llegaron al lugar de los hechos.",0,1,0,0,0,0,0
ole_760517_59,media_mbm,ole,AR,760517,ESP-ARG Final,2026-07-19,59,6.0,6.0,"Los números artísticos y musicales se llevarán a cabo en un total de 11 minutos, y desde la organización calculan que ocuparán otros 6' para la preparación y el desarmado del escenario.",0,0,0,0,0,0,0
ole_760517_60,media_mbm,ole,AR,760517,ESP-ARG Final,2026-07-19,60,,,"La Selección se juega todo una vez frente a la Roja, en una final que puede coronar a un equipo de época y despedir a Messi de los Mundiales en la cima.",0,1,0,0,0,0,0
ole_760517_61,media_mbm,ole,AR,760517,ESP-ARG Final,2026-07-19,61,85.0,85.0,"¡La Selección Argentina está en la final del Mundial 2026! El combinado argentino dio vuelta un partido para el recuerdo ante Inglaterra, uno que estuvo perdiendo hasta el minuto 85 pero que ganó gracias a los goles de Enzo Fernández y Lautaro Martínez, y se metió en la séptima final del mundo de su historia y la segunda de manera consecutiva. De esta manera, buscará bordar la cuarta estrella de su historia y defender la corona conseguida en Qatar 2022. Su rival en la final será España, en un pa",0,0,0,0,0,0,0
ole_760517_62,media_mbm,ole,AR,760517,ESP-ARG Final,2026-07-19,62,,,"El martes, España se había convertido en el primer finalista. La Furia Roja jugó su mejor partido en la Copa del Mundo en la semifinal ante Francia, se impuso por 2-0 con goles de Mikel Oyarzabal -de penal- y Pedro Porro y se clasificó para la segunda final de su historia. Luego de 16 años, el seleccionado español regresa a una definición de esta envergadura y buscará bordar una nueva estrella en su escudo, una que acompañe a la conseguida en Sudáfrica 2010.",0,1,0,0,0,0,0
clarin_760517_0,media_mbm,clarin,AR,760517,ESP-ARG Final,2026-07-19,0,,,"Para colmo, sufrió la expulsión de Enzo Fernández en el segundo tiempo.",0,1,0,0,0,0,0
clarin_760517_1,media_mbm,clarin,AR,760517,ESP-ARG Final,2026-07-19,1,106.0,106.0,se fue expulsado por una doble amarilla. La Scaloneta aguantó como pudo pero en el minuto 106,0,1,0,0,0,0,0
clarin_760517_2,media_mbm,clarin,AR,760517,ESP-ARG Final,2026-07-19,2,,,"La caída también interrumpió varias de las rachas más importantes que Argentina había construido en la historia de los Mundiales. Al mismo tiempo, la final dejó marcas inéditas para Lionel Messi y consolidó el enorme torneo de la Roja.",0,1,0,0,0,0,0
clarin_760517_3,media_mbm,clarin,AR,760517,ESP-ARG Final,2026-07-19,3,,,"La Selección Argentina se quedó en la orilla y no pudo lograr el bicampeonato del mundo que todos deseaban para para que Lionel Messi tuviera un cierre perfecto de una carrera excepcional. El equipo de Lionel Scaloni, condicionado por las lesiones de Licha Martínez y Cuti Romero y por la roja de Enzo Fernández, perdió por 1-0 en el tiempo suplementario con España, que la superó claramente en el juego más allá del resultado ajustado. Fue la única derrota del equipo en la Copa del Mundo de Canadá,",0,1,0,0,0,0,1
clarin_760517_4,media_mbm,clarin,AR,760517,ESP-ARG Final,2026-07-19,4,,,¿Se tapó la boca? El gesto de Cucurella que Messi descubrió y podría haber terminado en roja para el español,0,1,0,0,0,0,1
clarin_760517_5,media_mbm,clarin,AR,760517,ESP-ARG Final,2026-07-19,5,,,"Tras una falta que el árbitro Slavko Vincic cobró en favor de España, el diez entabló conversación con el lateral del Real Madrid, y este en un momento se tapó la boca para hablar. Fue poquísimo tiempo, y parece que Cucurella se dio cuenta rápido de su error, pero Leo lo notó y no lo dejó pasar. Fue un manotazo de ahogado.",1,0,0,0,0,0,0
clarin_760517_6,media_mbm,clarin,AR,760517,ESP-ARG Final,2026-07-19,6,,,Enzo Fernández se convirtió en el sexto jugador expulsado en la final de un Mundial: tres son argentinos,0,1,0,0,0,0,0
clarin_760517_7,media_mbm,clarin,AR,760517,ESP-ARG Final,2026-07-19,7,,,a tarjeta roja que el jugador del Chelsea,0,1,0,0,0,0,0
clarin_760517_8,media_mbm,clarin,AR,760517,ESP-ARG Final,2026-07-19,8,,,", pasó a integrar el selecto grupo que comparte con los también Pedro Monzón y Gustavo Dezotti, ambos expulsados contra Alemania en la final de 1990.",0,1,0,0,0,0,0
clarin_760517_9,media_mbm,clarin,AR,760517,ESP-ARG Final,2026-07-19,9,,,"""Estoy orgulloso. En el momento en el que nos hacen el gol, era el que sabíamos queíbamos a llegar al final y tener alguna. Hoy nos toca la parte triste de este deporte: no poder ganar"", agregó. Sobre la expulsión de Enzo Fernández,",0,1,0,0,0,0,0
clarin_760517_10,media_mbm,clarin,AR,760517,ESP-ARG Final,2026-07-19,10,,,"pensó que la primera amarilla el árbitro ""la podía evitar""",0,1,0,0,0,0,0
clarin_760517_11,media_mbm,clarin,AR,760517,ESP-ARG Final,2026-07-19,11,,,¡La Roja venció a Argentina y se quedó con el título en Estados Unidos!,0,1,0,0,0,0,0
clarin_760517_12,media_mbm,clarin,AR,760517,ESP-ARG Final,2026-07-19,12,,,España campeón del Mundial 2026: La Roja obtuvo su segunda estrella e igualó la línea de Francia y Uruguay,0,1,0,0,0,0,0
clarin_760517_13,media_mbm,clarin,AR,760517,ESP-ARG Final,2026-07-19,13,,,STS 6m: Amarilla para Alexis Mac Allister,0,1,0,0,0,0,0
clarin_760517_14,media_mbm,clarin,AR,760517,ESP-ARG Final,2026-07-19,14,,,"El volante se gana la tarjeta, en un momento complicado del partido, con Argentina intentando salir para buscar el empate y una España que parece no fallar cuando tiene la pelota bajo la suela.",0,1,0,0,0,0,0
clarin_760517_15,media_mbm,clarin,AR,760517,ESP-ARG Final,2026-07-19,15,,,"La falta muy lejos del arco es ejecutada por Otamendi, que la manda directo al área. Sin embargo, el arquero español no tiene inconvenientes en contener la pelota.",1,0,0,0,0,0,0
clarin_760517_16,media_mbm,clarin,AR,760517,ESP-ARG Final,2026-07-19,16,106.0,106.0,Ferrán Torres y el 1-0 a los 106'.,0,0,0,0,0,0,0
clarin_760517_17,media_mbm,clarin,AR,760517,ESP-ARG Final,2026-07-19,17,,,"Se mantiene el 0-0 en la final de la Copa del Mundo. España continúa dominando, pero Argentina mantiene su última vida en una definición donde todo se le hizo cuesta arriba con sus centrales lesionados y la expulsión de Enzo Fernández.",0,1,0,0,0,0,0
clarin_760517_18,media_mbm,clarin,AR,760517,ESP-ARG Final,2026-07-19,18,,,"El capitán argentino tomó un rebote y buscó con un cambio de frente a Giuliano, para que saliera a correr por la derecha. Cucurella, sin embargo, le ganó la posición y el de Atlético de Madrid pidió la falta en lugar de seguir a la pelota. En la siguiente jugada, Tagliafico cortó a Lamine Yamal, provocó su reacción y el español terminó amonestado.",1,0,0,0,0,0,0
clarin_760517_19,media_mbm,clarin,AR,760517,ESP-ARG Final,2026-07-19,19,,,"El árbitro había cobrado una falta de Merino a Otamendi, que la fabricó. Pero el delantero español se quedó con la pelota y siguió, ante un Dibu Martínez que ya estaba en el piso. El arquero pide asistencia médica para congelar el partido.",1,0,0,0,0,0,0
clarin_760517_20,media_mbm,clarin,AR,760517,ESP-ARG Final,2026-07-19,20,,,PTS 1m: Tagliafico sale y gana la falta,1,0,0,0,0,0,0
clarin_760517_21,media_mbm,clarin,AR,760517,ESP-ARG Final,2026-07-19,21,,,Igualaron 0-0. Argentina terminó con 10 jugadores por la roja a Enzo Fernández.,0,1,0,0,0,0,0
clarin_760517_22,media_mbm,clarin,AR,760517,ESP-ARG Final,2026-07-19,22,,,ST 51m: falta de Paredes a Ferrán y tiro libre peligrosísimo,1,0,0,0,0,0,0
clarin_760517_23,media_mbm,clarin,AR,760517,ESP-ARG Final,2026-07-19,23,,,ST 47m: Del atajadón de Dibu a la roja para Enzo,0,1,0,0,0,0,0
clarin_760517_24,media_mbm,clarin,AR,760517,ESP-ARG Final,2026-07-19,24,,,"El arquero respondió con los puños a un remate de Nico Williams. Luego, el del Chelsea intentó recuperar la pelota en una jugada dividida y le cometió falta a Cubarsí. Como estaba amonestado, es expulsado.",1,1,0,0,0,0,0
clarin_760517_25,media_mbm,clarin,AR,760517,ESP-ARG Final,2026-07-19,25,,,Enzo Fernández vio la segunda amarilla por esta dura entrada a Cubarsí.,0,1,0,0,0,0,0
clarin_760517_26,media_mbm,clarin,AR,760517,ESP-ARG Final,2026-07-19,26,,,ST 46m: Messi aparece para ganar una falta y una chance para Argentina,1,0,0,0,0,0,0
clarin_760517_27,media_mbm,clarin,AR,760517,ESP-ARG Final,2026-07-19,27,,,ST 37m: Amarilla para Enzo Fernández,0,1,0,0,0,0,0
clarin_760517_28,media_mbm,clarin,AR,760517,ESP-ARG Final,2026-07-19,28,,,"El volante del Chelsea comete una infracción en la mitad de la cancha y se gana la tarjeta. Argentina necesita pasar de la mitad de la cancha. Pero toma malas decisiones y, encima, no encuentra a Messi ni Julián Alvarez.",0,1,0,0,0,0,0
clarin_760517_29,media_mbm,clarin,AR,760517,ESP-ARG Final,2026-07-19,29,,,"ST 14m: Paredes, nueva falta y tiro libre peligroso",1,0,0,0,0,0,0
clarin_760517_30,media_mbm,clarin,AR,760517,ESP-ARG Final,2026-07-19,30,,,"Argentina recupera la pelota en un inicio con exageraciones y repetición de faltas que el árbitro no juzga con tarjetas. La pelota no llega a Messi, ahora recostado en la derecha. Argentina no pudo armar juego todavía en este complemento.",1,1,0,0,0,0,0
clarin_760517_31,media_mbm,clarin,AR,760517,ESP-ARG Final,2026-07-19,31,,,ST 6m: falta de Paredes a Rodri sin pelota,1,0,0,0,0,0,0
clarin_760517_32,media_mbm,clarin,AR,760517,ESP-ARG Final,2026-07-19,32,,,"Se calienta el partido y el volante de Boca se gana la amarilla, tras las protestas de los españoles y un empujón posterior del argentino a Dani Olmo. La infracción fue por un empujón marcando posición que el volante de la Roja exageró.",0,1,0,0,0,0,0
clarin_760517_33,media_mbm,clarin,AR,760517,ESP-ARG Final,2026-07-19,33,,,"Montiel consigue un córner con un gran avance individual por la derecha y exige que Laporte la mande afuera. Scaloni se queja de la falta del central español, que el árbitro no juzga.",1,0,0,0,0,0,0
clarin_760517_34,media_mbm,clarin,AR,760517,ESP-ARG Final,2026-07-19,34,,,"El delantero español marcaba a Leo y le cometió una infracción para amarilla, que el árbitro no juzgó. El capitán argentino se lo recriminó con una mirada y el español se disculpó. La pelota la tiene España, salvo alguna corta interrupción argentina, que no puede hacer pie en el mediocampo.",0,1,0,0,0,0,0
clarin_760517_35,media_mbm,clarin,AR,760517,ESP-ARG Final,2026-07-19,35,,,PT 40m: Licha ve la amarilla tras un error de De Paul,0,1,0,0,0,0,0
clarin_760517_36,media_mbm,clarin,AR,760517,ESP-ARG Final,2026-07-19,36,,,"El jugador de Inter Miami intenta un cambio de frente pero se queda corto y la pelota le queda a España. Martínez, entonces, lo corta y se gana la tarjeta. Al levantarse, se toma el cuádriceps derecho y avisa al banco, donde empieza a calentar Otamendi.",0,1,0,0,0,0,0
clarin_760517_37,media_mbm,clarin,AR,760517,ESP-ARG Final,2026-07-19,37,,,PT 23m: Messi consigue una falta y llega la pausa de hidratación,1,0,0,0,0,0,0
clarin_760517_38,media_mbm,clarin,AR,760517,ESP-ARG Final,2026-07-19,38,,,"La gente explota en las tribunas. Baena le comete justo después falta a Messi, en la primera pelota que logró tocar el 10 argentino, muy presionado por los españoles en el arranque del partido.",1,0,0,0,0,0,0
clarin_760517_39,media_mbm,clarin,AR,760517,ESP-ARG Final,2026-07-19,39,,,"Aunque movió Argentina, el rival recuperó y movió los hilos, ante una Argentina adelantada que no lo dejó llegar al área de Dibu Martínez. También cortó el ataque de Porro con Nico González consiguiendo la falta para recuperar la pelota.",1,0,0,0,0,0,0
clarin_760517_40,media_mbm,clarin,AR,760517,ESP-ARG Final,2026-07-19,40,,,Los jugadores de La Roja reconocen el campo,0,1,0,0,0,0,0
clarin_760517_41,media_mbm,clarin,AR,760517,ESP-ARG Final,2026-07-19,41,,,El plantel de la Roja salió del hotel y ya se subió al micro que lo llevará al MetLife Stadium. La Selección Argentina hará lo mismo en minutos.,0,1,0,0,0,0,0
clarin_760517_42,media_mbm,clarin,AR,760517,ESP-ARG Final,2026-07-19,42,,,— doble amarilla ⭐️⭐️⭐️ (@okdobleamarilla),0,1,0,0,0,0,0
clarin_760517_43,media_mbm,clarin,AR,760517,ESP-ARG Final,2026-07-19,43,,,"Llegó el gran día. Argentina y España definirán este domingo al campeón del Mundial 2026 en el estadio de Nueva Jersey. La Selección de Lionel Scaloni buscará defender el título conseguido en Qatar 2022 y conquistar su cuarta Copa del Mundo, mientras que la Roja intentará volver a levantar el trofeo después de 16 años. Desde temprano, seguí toda la previa, las formaciones, el color y el minuto a minuto rumbo a la gran final.",0,1,0,0,0,0,0
